storm_id,storm_name,time_utc,record,status,lat,lon,vmax_kt,pmin_mb,r34_ne,r34_se,r34_sw,r34_nw,r50_ne,r50_se,r50_sw,r50_nw,r64_ne,r64_se,r64_sw,r64_nw,rmw_nm
AL032004,CHARLEY,2004-08-09 12:00,,TD,11.4,-59.2,30.0,1010.0,0.0,0.0,0.0,0.0,0.0,0.0,0.0,0.0,0.0,0.0,0.0,0.0,
AL032004,CHARLEY,2004-08-09 18:00,,TD,11.7,-61.1,30.0,1009.0,0.0,0.0,0.0,0.0,0.0,0.0,0.0,0.0,0.0,0.0,0.0,0.0,
AL032004,CHARLEY,2004-08-10 00:00,,TD,12.2,-63.2,30.0,1009.0,0.0,0.0,0.0,0.0,0.0,0.0,0.0,0.0,0.0,0.0,0.0,0.0,
AL032004,CHARLEY,2004-08-10 06:00,,TS,12.9,-65.3,35.0,1007.0,75.0,0.0,0.0,50.0,0.0,0.0,0.0,0.0,0.0,0.0,0.0,0.0,
AL032004,CHARLEY,2004-08-10 12:00,,TS,13.8,-67.6,40.0,1004.0,90.0,50.0,0.0,75.0,0.0,0.0,0.0,0.0,0.0,0.0,0.0,0.0,
AL032004,CHARLEY,2004-08-10 18:00,,TS,14.9,-69.8,45.0,1000.0,90.0,50.0,0.0,75.0,0.0,0.0,0.0,0.0,0.0,0.0,0.0,0.0,
AL032004,CHARLEY,2004-08-11 00:00,,TS,15.6,-71.8,55.0,999.0,90.0,50.0,0.0,75.0,20.0,0.0,0.0,0.0,0.0,0.0,0.0,0.0,
AL032004,CHARLEY,2004-08-11 06:00,,TS,16.0,-73.7,55.0,999.0,90.0,50.0,0.0,75.0,20.0,0.0,0.0,0.0,0.0,0.0,0.0,0.0,
AL032004,CHARLEY,2004-08-11 12:00,,TS,16.3,-75.4,60.0,995.0,90.0,75.0,0.0,75.0,40.0,0.0,0.0,40.0,0.0,0.0,0.0,0.0,
AL032004,CHARLEY,2004-08-11 18:00,,HU,16.7,-76.8,65.0,993.0,90.0,75.0,0.0,75.0,40.0,0.0,0.0,40.0,25.0,0.0,0.0,25.0,
AL032004,CHARLEY,2004-08-12 00:00,,HU,17.4,-78.1,65.0,992.0,90.0,75.0,30.0,75.0,40.0,0.0,0.0,40.0,25.0,0.0,0.0,25.0,
AL032004,CHARLEY,2004-08-12 06:00,,HU,18.2,-79.3,75.0,988.0,90.0,75.0,30.0,75.0,50.0,20.0,0.0,40.0,20.0,0.0,0.0,20.0,
AL032004,CHARLEY,2004-08-12 12:00,,HU,19.2,-80.7,80.0,984.0,90.0,90.0,30.0,75.0,50.0,30.0,20.0,40.0,20.0,15.0,10.0,20.0,
AL032004,CHARLEY,2004-08-12 18:00,,HU,20.5,-81.6,90.0,980.0,90.0,90.0,40.0,90.0,60.0,50.0,20.0,40.0,25.0,20.0,10.0,20.0,
AL032004,CHARLEY,2004-08-13 00:00,,HU,21.7,-82.2,90.0,976.0,90.0,90.0,45.0,90.0,60.0,50.0,20.0,40.0,25.0,20.0,10.0,20.0,
AL032004,CHARLEY,2004-08-13 04:30,L,HU,22.7,-82.6,105.0,966.0,-999.0,-999.0,-999.0,-999.0,-999.0,-999.0,-999.0,-999.0,-999.0,-999.0,-999.0,-999.0,
AL032004,CHARLEY,2004-08-13 06:00,,HU,23.0,-82.6,105.0,966.0,90.0,90.0,45.0,90.0,60.0,50.0,20.0,40.0,25.0,20.0,10.0,20.0,
AL032004,CHARLEY,2004-08-13 12:00,,HU,24.4,-82.9,95.0,969.0,90.0,90.0,75.0,75.0,50.0,50.0,40.0,40.0,25.0,25.0,15.0,15.0,
AL032004,CHARLEY,2004-08-13 18:00,,HU,26.1,-82.4,125.0,947.0,40.0,75.0,75.0,50.0,30.0,40.0,40.0,25.0,20.0,20.0,10.0,10.0,
AL032004,CHARLEY,2004-08-13 19:45,L,HU,26.6,-82.2,130.0,941.0,-999.0,-999.0,-999.0,-999.0,-999.0,-999.0,-999.0,-999.0,-999.0,-999.0,-999.0,-999.0,5.0
AL032004,CHARLEY,2004-08-13 20:45,L,HU,26.9,-82.1,125.0,942.0,-999.0,-999.0,-999.0,-999.0,-999.0,-999.0,-999.0,-999.0,-999.0,-999.0,-999.0,-999.0,5.0
AL032004,CHARLEY,2004-08-14 00:00,,HU,28.1,-81.6,75.0,970.0,40.0,75.0,40.0,40.0,30.0,40.0,30.0,25.0,20.0,20.0,20.0,10.0,
AL032004,CHARLEY,2004-08-14 06:00,,HU,30.1,-80.8,75.0,993.0,75.0,100.0,40.0,40.0,50.0,75.0,30.0,25.0,25.0,50.0,20.0,10.0,
AL032004,CHARLEY,2004-08-14 12:00,,HU,32.3,-79.7,65.0,988.0,75.0,100.0,40.0,40.0,50.0,75.0,0.0,0.0,25.0,40.0,0.0,0.0,
AL032004,CHARLEY,2004-08-14 14:00,L,HU,33.0,-79.4,70.0,992.0,-999.0,-999.0,-999.0,-999.0,-999.0,-999.0,-999.0,-999.0,-999.0,-999.0,-999.0,-999.0,20.0
AL032004,CHARLEY,2004-08-14 16:00,L,HU,33.8,-78.7,65.0,997.0,-999.0,-999.0,-999.0,-999.0,-999.0,-999.0,-999.0,-999.0,-999.0,-999.0,-999.0,-999.0,20.0
AL032004,CHARLEY,2004-08-14 18:00,,TS,34.5,-78.1,60.0,1000.0,75.0,75.0,30.0,30.0,50.0,50.0,15.0,15.0,0.0,0.0,0.0,0.0,
AL032004,CHARLEY,2004-08-15 00:00,,EX,36.9,-75.9,40.0,1012.0,75.0,75.0,20.0,0.0,0.0,0.0,0.0,0.0,0.0,0.0,0.0,0.0,
AL032004,CHARLEY,2004-08-15 06:00,,EX,39.3,-73.8,35.0,1014.0,75.0,75.0,20.0,0.0,0.0,0.0,0.0,0.0,0.0,0.0,0.0,0.0,
AL032004,CHARLEY,2004-08-15 12:00,,EX,41.2,-71.1,30.0,1018.0,0.0,0.0,0.0,0.0,0.0,0.0,0.0,0.0,0.0,0.0,0.0,0.0,
AL042005,DENNIS,2005-07-04 18:00,,TD,12.0,-60.8,25.0,1010.0,0.0,0.0,0.0,0.0,0.0,0.0,0.0,0.0,0.0,0.0,0.0,0.0,
AL042005,DENNIS,2005-07-04 21:00,L,TD,12.1,-61.6,30.0,1010.0,0.0,0.0,0.0,0.0,0.0,0.0,0.0,0.0,0.0,0.0,0.0,0.0,
AL042005,DENNIS,2005-07-05 00:00,,TD,12.2,-62.5,30.0,1009.0,0.0,0.0,0.0,0.0,0.0,0.0,0.0,0.0,0.0,0.0,0.0,0.0,
AL042005,DENNIS,2005-07-05 06:00,,TD,12.5,-64.2,30.0,1008.0,0.0,0.0,0.0,0.0,0.0,0.0,0.0,0.0,0.0,0.0,0.0,0.0,
AL042005,DENNIS,2005-07-05 12:00,,TS,13.0,-65.9,35.0,1007.0,50.0,40.0,0.0,50.0,0.0,0.0,0.0,0.0,0.0,0.0,0.0,0.0,
AL042005,DENNIS,2005-07-05 18:00,,TS,13.6,-67.3,40.0,1005.0,50.0,40.0,0.0,50.0,0.0,0.0,0.0,0.0,0.0,0.0,0.0,0.0,
AL042005,DENNIS,2005-07-06 00:00,,TS,14.3,-68.5,45.0,1000.0,50.0,40.0,20.0,50.0,0.0,0.0,0.0,0.0,0.0,0.0,0.0,0.0,
AL042005,DENNIS,2005-07-06 06:00,,TS,14.7,-69.7,50.0,995.0,75.0,75.0,25.0,75.0,25.0,25.0,0.0,25.0,0.0,0.0,0.0,0.0,
AL042005,DENNIS,2005-07-06 12:00,,TS,15.1,-70.9,55.0,991.0,80.0,75.0,25.0,75.0,30.0,25.0,0.0,25.0,0.0,0.0,0.0,0.0,
AL042005,DENNIS,2005-07-06 18:00,,TS,15.6,-71.9,60.0,989.0,90.0,75.0,35.0,80.0,40.0,30.0,0.0,40.0,0.0,0.0,0.0,0.0,
AL042005,DENNIS,2005-07-07 00:00,,HU,16.2,-73.0,70.0,982.0,110.0,80.0,45.0,100.0,50.0,30.0,10.0,40.0,20.0,0.0,0.0,20.0,
AL042005,DENNIS,2005-07-07 06:00,,HU,16.7,-74.1,80.0,972.0,110.0,90.0,45.0,100.0,50.0,30.0,10.0,40.0,20.0,0.0,0.0,20.0,
AL042005,DENNIS,2005-07-07 12:00,,HU,17.6,-74.9,90.0,967.0,120.0,105.0,75.0,100.0,75.0,45.0,20.0,40.0,40.0,15.0,0.0,20.0,
AL042005,DENNIS,2005-07-07 18:00,,HU,18.5,-76.1,100.0,957.0,120.0,110.0,75.0,100.0,75.0,70.0,20.0,50.0,40.0,30.0,15.0,30.0,
AL042005,DENNIS,2005-07-08 00:00,,HU,19.4,-77.1,120.0,951.0,120.0,110.0,75.0,100.0,75.0,70.0,25.0,50.0,45.0,30.0,20.0,30.0,
AL042005,DENNIS,2005-07-08 02:45,L,HU,19.9,-77.6,120.0,956.0,-999.0,-999.0,-999.0,-999.0,-999.0,-999.0,-999.0,-999.0,-999.0,-999.0,-999.0,-999.0,
AL042005,DENNIS,2005-07-08 06:00,,HU,20.3,-78.4,110.0,953.0,120.0,110.0,75.0,100.0,75.0,75.0,25.0,50.0,45.0,30.0,20.0,30.0,
AL042005,DENNIS,2005-07-08 12:00,,HU,20.9,-79.5,130.0,938.0,140.0,120.0,75.0,100.0,75.0,75.0,25.0,50.0,45.0,30.0,20.0,30.0,
AL042005,DENNIS,2005-07-08 18:00,,HU,22.0,-80.6,120.0,941.0,140.0,140.0,75.0,120.0,90.0,75.0,30.0,55.0,55.0,35.0,20.0,30.0,
AL042005,DENNIS,2005-07-08 18:45,L,HU,22.1,-80.7,120.0,941.0,-999.0,-999.0,-999.0,-999.0,-999.0,-999.0,-999.0,-999.0,-999.0,-999.0,-999.0,-999.0,
AL042005,DENNIS,2005-07-09 00:00,,HU,22.7,-81.6,100.0,960.0,150.0,150.0,75.0,140.0,90.0,75.0,30.0,55.0,55.0,35.0,20.0,30.0,
AL042005,DENNIS,2005-07-09 06:00,,HU,23.4,-82.5,75.0,973.0,175.0,150.0,75.0,140.0,90.0,75.0,30.0,55.0,55.0,35.0,20.0,30.0,
AL042005,DENNIS,2005-07-09 12:00,,HU,24.3,-83.4,80.0,967.0,175.0,150.0,75.0,140.0,90.0,75.0,30.0,55.0,45.0,25.0,15.0,25.0,
AL042005,DENNIS,2005-07-09 18:00,,HU,25.2,-84.2,90.0,962.0,175.0,175.0,80.0,150.0,100.0,75.0,30.0,55.0,35.0,25.0,15.0,25.0,
AL042005,DENNIS,2005-07-10 00:00,,HU,26.1,-85.0,110.0,942.0,175.0,200.0,80.0,150.0,100.0,75.0,30.0,55.0,35.0,25.0,15.0,25.0,
AL042005,DENNIS,2005-07-10 06:00,,HU,27.2,-85.8,125.0,935.0,175.0,200.0,90.0,150.0,100.0,75.0,30.0,60.0,35.0,25.0,15.0,25.0,
AL042005,DENNIS,2005-07-10 12:00,,HU,28.5,-86.3,120.0,930.0,175.0,200.0,90.0,115.0,100.0,75.0,30.0,50.0,25.0,25.0,15.0,25.0,
AL042005,DENNIS,2005-07-10 18:00,,HU,29.9,-86.9,110.0,942.0,110.0,175.0,90.0,75.0,65.0,60.0,30.0,30.0,20.0,20.0,15.0,20.0,
AL042005,DENNIS,2005-07-10 19:30,L,HU,30.4,-87.1,105.0,946.0,-999.0,-999.0,-999.0,-999.0,-999.0,-999.0,-999.0,-999.0,-999.0,-999.0,-999.0,-999.0,5.0
AL042005,DENNIS,2005-07-11 00:00,,TS,31.5,-87.7,45.0,970.0,60.0,60.0,30.0,60.0,0.0,0.0,0.0,0.0,0.0,0.0,0.0,0.0,
AL042005,DENNIS,2005-07-11 06:00,,TD,32.6,-88.5,30.0,991.0,0.0,0.0,0.0,0.0,0.0,0.0,0.0,0.0,0.0,0.0,0.0,0.0,
AL042005,DENNIS,2005-07-11 12:00,,TD,33.9,-88.8,25.0,997.0,0.0,0.0,0.0,0.0,0.0,0.0,0.0,0.0,0.0,0.0,0.0,0.0,
AL042005,DENNIS,2005-07-11 18:00,,TD,35.3,-89.1,20.0,1002.0,0.0,0.0,0.0,0.0,0.0,0.0,0.0,0.0,0.0,0.0,0.0,0.0,
AL042005,DENNIS,2005-07-12 00:00,,TD,36.4,-89.2,20.0,1003.0,0.0,0.0,0.0,0.0,0.0,0.0,0.0,0.0,0.0,0.0,0.0,0.0,
AL042005,DENNIS,2005-07-12 06:00,,TD,37.1,-89.0,15.0,1005.0,0.0,0.0,0.0,0.0,0.0,0.0,0.0,0.0,0.0,0.0,0.0,0.0,
AL042005,DENNIS,2005-07-12 12:00,,TD,37.7,-88.7,15.0,1007.0,0.0,0.0,0.0,0.0,0.0,0.0,0.0,0.0,0.0,0.0,0.0,0.0,
AL042005,DENNIS,2005-07-12 18:00,,TD,38.1,-88.3,15.0,1008.0,0.0,0.0,0.0,0.0,0.0,0.0,0.0,0.0,0.0,0.0,0.0,0.0,
AL042005,DENNIS,2005-07-13 00:00,,TD,38.5,-87.8,15.0,1009.0,0.0,0.0,0.0,0.0,0.0,0.0,0.0,0.0,0.0,0.0,0.0,0.0,
AL042005,DENNIS,2005-07-13 06:00,,TD,38.9,-87.2,15.0,1010.0,0.0,0.0,0.0,0.0,0.0,0.0,0.0,0.0,0.0,0.0,0.0,0.0,
AL042005,DENNIS,2005-07-13 12:00,,LO,39.2,-86.5,15.0,1010.0,0.0,0.0,0.0,0.0,0.0,0.0,0.0,0.0,0.0,0.0,0.0,0.0,
AL042005,DENNIS,2005-07-13 18:00,,LO,39.2,-85.8,15.0,1010.0,0.0,0.0,0.0,0.0,0.0,0.0,0.0,0.0,0.0,0.0,0.0,0.0,
AL042005,DENNIS,2005-07-14 00:00,,LO,39.2,-85.7,10.0,1009.0,0.0,0.0,0.0,0.0,0.0,0.0,0.0,0.0,0.0,0.0,0.0,0.0,
AL042005,DENNIS,2005-07-14 06:00,,LO,39.0,-85.6,10.0,1009.0,0.0,0.0,0.0,0.0,0.0,0.0,0.0,0.0,0.0,0.0,0.0,0.0,
AL042005,DENNIS,2005-07-14 12:00,,LO,38.7,-85.6,10.0,1010.0,0.0,0.0,0.0,0.0,0.0,0.0,0.0,0.0,0.0,0.0,0.0,0.0,
AL042005,DENNIS,2005-07-14 18:00,,LO,38.4,-85.6,10.0,1010.0,0.0,0.0,0.0,0.0,0.0,0.0,0.0,0.0,0.0,0.0,0.0,0.0,
AL042005,DENNIS,2005-07-15 00:00,,LO,38.1,-85.8,10.0,1009.0,0.0,0.0,0.0,0.0,0.0,0.0,0.0,0.0,0.0,0.0,0.0,0.0,
AL042005,DENNIS,2005-07-15 06:00,,LO,37.9,-86.2,10.0,1010.0,0.0,0.0,0.0,0.0,0.0,0.0,0.0,0.0,0.0,0.0,0.0,0.0,
AL042005,DENNIS,2005-07-15 12:00,,LO,38.1,-86.4,10.0,1012.0,0.0,0.0,0.0,0.0,0.0,0.0,0.0,0.0,0.0,0.0,0.0,0.0,
AL042005,DENNIS,2005-07-15 18:00,,LO,38.4,-86.6,10.0,1012.0,0.0,0.0,0.0,0.0,0.0,0.0,0.0,0.0,0.0,0.0,0.0,0.0,
AL042005,DENNIS,2005-07-16 00:00,,LO,38.6,-86.8,10.0,1011.0,0.0,0.0,0.0,0.0,0.0,0.0,0.0,0.0,0.0,0.0,0.0,0.0,
AL042005,DENNIS,2005-07-16 06:00,,LO,39.4,-86.5,10.0,1013.0,0.0,0.0,0.0,0.0,0.0,0.0,0.0,0.0,0.0,0.0,0.0,0.0,
AL042005,DENNIS,2005-07-16 12:00,,LO,40.2,-86.2,10.0,1013.0,0.0,0.0,0.0,0.0,0.0,0.0,0.0,0.0,0.0,0.0,0.0,0.0,
AL042005,DENNIS,2005-07-16 18:00,,LO,40.8,-85.2,10.0,1014.0,0.0,0.0,0.0,0.0,0.0,0.0,0.0,0.0,0.0,0.0,0.0,0.0,
AL042005,DENNIS,2005-07-17 00:00,,LO,41.3,-84.1,10.0,1013.0,0.0,0.0,0.0,0.0,0.0,0.0,0.0,0.0,0.0,0.0,0.0,0.0,
AL042005,DENNIS,2005-07-17 06:00,,LO,42.2,-83.2,10.0,1013.0,0.0,0.0,0.0,0.0,0.0,0.0,0.0,0.0,0.0,0.0,0.0,0.0,
AL042005,DENNIS,2005-07-17 12:00,,LO,43.1,-82.3,10.0,1013.0,0.0,0.0,0.0,0.0,0.0,0.0,0.0,0.0,0.0,0.0,0.0,0.0,
AL042005,DENNIS,2005-07-17 18:00,,LO,43.9,-81.4,10.0,1012.0,0.0,0.0,0.0,0.0,0.0,0.0,0.0,0.0,0.0,0.0,0.0,0.0,
AL042005,DENNIS,2005-07-18 00:00,,LO,44.6,-80.5,10.0,1010.0,0.0,0.0,0.0,0.0,0.0,0.0,0.0,0.0,0.0,0.0,0.0,0.0,
AL042005,DENNIS,2005-07-18 06:00,,LO,45.8,-79.8,10.0,1009.0,0.0,0.0,0.0,0.0,0.0,0.0,0.0,0.0,0.0,0.0,0.0,0.0,
AL042024,DEBBY,2024-08-03 06:00,,TD,21.5,-80.2,25.0,1009.0,0.0,0.0,0.0,0.0,0.0,0.0,0.0,0.0,0.0,0.0,0.0,0.0,80.0
AL042024,DEBBY,2024-08-03 12:00,,TD,22.2,-81.5,30.0,1008.0,0.0,0.0,0.0,0.0,0.0,0.0,0.0,0.0,0.0,0.0,0.0,0.0,100.0
AL042024,DEBBY,2024-08-03 18:00,,TS,23.1,-82.6,35.0,1006.0,120.0,120.0,0.0,0.0,0.0,0.0,0.0,0.0,0.0,0.0,0.0,0.0,100.0
AL042024,DEBBY,2024-08-04 00:00,,TS,23.9,-83.2,35.0,1003.0,120.0,120.0,0.0,0.0,0.0,0.0,0.0,0.0,0.0,0.0,0.0,0.0,80.0
AL042024,DEBBY,2024-08-04 06:00,,TS,25.0,-83.8,40.0,1000.0,120.0,120.0,0.0,0.0,0.0,0.0,0.0,0.0,0.0,0.0,0.0,0.0,80.0
AL042024,DEBBY,2024-08-04 12:00,,TS,26.2,-84.3,50.0,994.0,120.0,150.0,0.0,0.0,80.0,80.0,0.0,0.0,0.0,0.0,0.0,0.0,80.0
AL042024,DEBBY,2024-08-04 18:00,,TS,27.3,-84.3,60.0,989.0,120.0,150.0,0.0,60.0,80.0,80.0,0.0,0.0,0.0,0.0,0.0,0.0,60.0
AL042024,DEBBY,2024-08-05 00:00,,HU,28.3,-84.1,70.0,986.0,90.0,130.0,40.0,70.0,60.0,70.0,0.0,30.0,30.0,0.0,0.0,0.0,30.0
AL042024,DEBBY,2024-08-05 06:00,,HU,29.1,-83.9,70.0,980.0,70.0,130.0,50.0,60.0,50.0,70.0,0.0,30.0,30.0,25.0,0.0,15.0,25.0
AL042024,DEBBY,2024-08-05 11:00,L,HU,29.7,-83.5,70.0,979.0,60.0,120.0,50.0,50.0,40.0,70.0,0.0,30.0,20.0,25.0,0.0,15.0,20.0
AL042024,DEBBY,2024-08-05 12:00,,HU,29.9,-83.4,65.0,982.0,60.0,120.0,50.0,50.0,30.0,50.0,0.0,20.0,15.0,20.0,0.0,10.0,20.0
AL042024,DEBBY,2024-08-05 18:00,,TS,30.4,-83.0,50.0,992.0,120.0,120.0,60.0,0.0,20.0,30.0,0.0,0.0,0.0,0.0,0.0,0.0,30.0
AL042024,DEBBY,2024-08-06 00:00,,TS,30.8,-82.3,45.0,996.0,150.0,150.0,0.0,0.0,0.0,0.0,0.0,0.0,0.0,0.0,0.0,0.0,60.0
AL042024,DEBBY,2024-08-06 06:00,,TS,31.3,-81.8,45.0,999.0,180.0,180.0,0.0,0.0,0.0,0.0,0.0,0.0,0.0,0.0,0.0,0.0,70.0
AL042024,DEBBY,2024-08-06 12:00,,TS,31.8,-81.4,40.0,999.0,180.0,180.0,0.0,0.0,0.0,0.0,0.0,0.0,0.0,0.0,0.0,0.0,80.0
AL042024,DEBBY,2024-08-06 18:00,,TS,32.0,-81.1,40.0,999.0,120.0,150.0,0.0,0.0,0.0,0.0,0.0,0.0,0.0,0.0,0.0,0.0,80.0
AL042024,DEBBY,2024-08-07 00:00,,SS,31.9,-80.4,40.0,997.0,90.0,150.0,100.0,0.0,0.0,0.0,0.0,0.0,0.0,0.0,0.0,0.0,90.0
AL062004,FRANCES,2004-08-25 00:00,,TD,11.1,-35.2,25.0,1009.0,0.0,0.0,0.0,0.0,0.0,0.0,0.0,0.0,0.0,0.0,0.0,0.0,
AL062004,FRANCES,2004-08-25 06:00,,TD,11.2,-36.8,30.0,1008.0,0.0,0.0,0.0,0.0,0.0,0.0,0.0,0.0,0.0,0.0,0.0,0.0,
AL062004,FRANCES,2004-08-25 12:00,,TD,11.3,-38.3,30.0,1007.0,0.0,0.0,0.0,0.0,0.0,0.0,0.0,0.0,0.0,0.0,0.0,0.0,
AL062004,FRANCES,2004-08-25 18:00,,TS,11.5,-39.8,35.0,1005.0,40.0,20.0,20.0,40.0,0.0,0.0,0.0,0.0,0.0,0.0,0.0,0.0,
AL062004,FRANCES,2004-08-26 00:00,,TS,11.9,-41.5,40.0,1003.0,50.0,30.0,30.0,50.0,0.0,0.0,0.0,0.0,0.0,0.0,0.0,0.0,
AL062004,FRANCES,2004-08-26 06:00,,TS,12.3,-42.9,45.0,1000.0,60.0,40.0,40.0,60.0,0.0,0.0,0.0,0.0,0.0,0.0,0.0,0.0,
AL062004,FRANCES,2004-08-26 12:00,,TS,12.8,-44.5,55.0,994.0,65.0,50.0,50.0,65.0,30.0,20.0,20.0,30.0,0.0,0.0,0.0,0.0,
AL062004,FRANCES,2004-08-26 18:00,,HU,13.3,-45.8,65.0,987.0,70.0,55.0,55.0,70.0,35.0,20.0,20.0,35.0,15.0,0.0,0.0,15.0,
AL062004,FRANCES,2004-08-27 00:00,,HU,13.7,-46.8,70.0,984.0,75.0,60.0,60.0,75.0,40.0,30.0,30.0,40.0,15.0,0.0,0.0,15.0,
AL062004,FRANCES,2004-08-27 06:00,,HU,14.2,-47.8,75.0,980.0,75.0,60.0,60.0,75.0,40.0,30.0,30.0,40.0,15.0,15.0,15.0,15.0,
AL062004,FRANCES,2004-08-27 12:00,,HU,14.7,-48.5,90.0,970.0,80.0,65.0,65.0,80.0,40.0,30.0,30.0,40.0,20.0,15.0,15.0,20.0,
AL062004,FRANCES,2004-08-27 18:00,,HU,15.4,-49.3,100.0,962.0,90.0,80.0,80.0,90.0,45.0,35.0,35.0,45.0,20.0,20.0,20.0,20.0,
AL062004,FRANCES,2004-08-28 00:00,,HU,15.9,-50.0,100.0,962.0,90.0,80.0,80.0,90.0,45.0,35.0,35.0,45.0,20.0,20.0,20.0,20.0,
AL062004,FRANCES,2004-08-28 06:00,,HU,16.6,-50.9,100.0,962.0,90.0,90.0,90.0,90.0,50.0,40.0,40.0,50.0,20.0,20.0,20.0,20.0,
AL062004,FRANCES,2004-08-28 12:00,,HU,17.2,-51.6,105.0,958.0,90.0,90.0,90.0,90.0,50.0,50.0,50.0,50.0,25.0,25.0,25.0,25.0,
AL062004,FRANCES,2004-08-28 18:00,,HU,17.7,-52.3,115.0,948.0,100.0,90.0,90.0,90.0,60.0,50.0,55.0,60.0,30.0,25.0,30.0,30.0,
AL062004,FRANCES,2004-08-29 00:00,,HU,18.1,-52.9,115.0,948.0,110.0,100.0,100.0,110.0,65.0,50.0,60.0,65.0,30.0,25.0,30.0,30.0,
AL062004,FRANCES,2004-08-29 06:00,,HU,18.4,-53.6,115.0,948.0,120.0,100.0,100.0,120.0,65.0,50.0,60.0,65.0,35.0,25.0,30.0,35.0,
AL062004,FRANCES,2004-08-29 12:00,,HU,18.6,-54.4,115.0,948.0,135.0,110.0,110.0,135.0,70.0,50.0,60.0,70.0,40.0,25.0,30.0,40.0,
AL062004,FRANCES,2004-08-29 18:00,,HU,18.8,-55.0,110.0,948.0,150.0,110.0,110.0,150.0,75.0,50.0,60.0,75.0,40.0,25.0,30.0,45.0,
AL062004,FRANCES,2004-08-30 00:00,,HU,18.9,-55.8,105.0,954.0,150.0,110.0,110.0,150.0,75.0,50.0,60.0,75.0,40.0,25.0,30.0,45.0,
AL062004,FRANCES,2004-08-30 06:00,,HU,19.0,-56.8,100.0,958.0,150.0,110.0,110.0,150.0,75.0,50.0,70.0,90.0,40.0,25.0,30.0,45.0,
AL062004,FRANCES,2004-08-30 12:00,,HU,19.2,-58.1,100.0,956.0,150.0,110.0,120.0,150.0,90.0,50.0,70.0,90.0,45.0,30.0,30.0,45.0,
AL062004,FRANCES,2004-08-30 18:00,,HU,19.4,-59.3,110.0,948.0,160.0,120.0,120.0,160.0,90.0,70.0,70.0,90.0,50.0,40.0,40.0,50.0,
AL062004,FRANCES,2004-08-31 00:00,,HU,19.6,-60.7,110.0,946.0,160.0,130.0,120.0,160.0,90.0,80.0,70.0,90.0,50.0,40.0,40.0,50.0,
AL062004,FRANCES,2004-08-31 06:00,,HU,19.8,-62.1,115.0,950.0,160.0,130.0,120.0,160.0,90.0,80.0,70.0,90.0,55.0,45.0,45.0,55.0,
AL062004,FRANCES,2004-08-31 12:00,,HU,20.0,-63.5,120.0,949.0,160.0,130.0,120.0,160.0,90.0,90.0,70.0,90.0,55.0,45.0,45.0,55.0,
AL062004,FRANCES,2004-08-31 18:00,,HU,20.3,-65.0,125.0,942.0,160.0,130.0,120.0,160.0,100.0,90.0,75.0,90.0,55.0,45.0,45.0,60.0,
AL062004,FRANCES,2004-09-01 00:00,,HU,20.6,-66.4,120.0,941.0,160.0,130.0,120.0,160.0,110.0,100.0,75.0,100.0,65.0,50.0,45.0,60.0,
AL062004,FRANCES,2004-09-01 06:00,,HU,21.0,-67.9,120.0,939.0,160.0,130.0,120.0,160.0,120.0,100.0,75.0,100.0,70.0,55.0,45.0,60.0,
AL062004,FRANCES,2004-09-01 07:00,P,HU,21.1,-68.1,120.0,935.0,-999.0,-999.0,-999.0,-999.0,-999.0,-999.0,-999.0,-999.0,-999.0,-999.0,-999.0,-999.0,
AL062004,FRANCES,2004-09-01 12:00,,HU,21.4,-69.1,120.0,937.0,160.0,130.0,120.0,160.0,120.0,100.0,75.0,100.0,70.0,55.0,45.0,60.0,
AL062004,FRANCES,2004-09-01 18:00,,HU,21.8,-70.4,120.0,941.0,160.0,130.0,120.0,160.0,120.0,100.0,75.0,100.0,70.0,55.0,45.0,60.0,
AL062004,FRANCES,2004-09-02 00:00,,HU,22.2,-71.4,120.0,939.0,160.0,130.0,120.0,160.0,120.0,100.0,75.0,100.0,70.0,60.0,45.0,60.0,
AL062004,FRANCES,2004-09-02 06:00,,HU,22.7,-72.5,125.0,937.0,160.0,130.0,120.0,160.0,120.0,100.0,75.0,100.0,70.0,60.0,45.0,60.0,
AL062004,FRANCES,2004-09-02 07:30,W,HU,22.8,-72.8,125.0,936.0,-999.0,-999.0,-999.0,-999.0,-999.0,-999.0,-999.0,-999.0,-999.0,-999.0,-999.0,-999.0,
AL062004,FRANCES,2004-09-02 12:00,,HU,23.2,-73.5,120.0,939.0,160.0,130.0,120.0,160.0,120.0,100.0,75.0,100.0,70.0,60.0,45.0,60.0,
AL062004,FRANCES,2004-09-02 18:00,,HU,23.8,-74.3,115.0,948.0,160.0,140.0,120.0,160.0,120.0,100.0,75.0,100.0,70.0,60.0,45.0,60.0,
AL062004,FRANCES,2004-09-02 19:30,L,HU,24.0,-74.5,110.0,948.0,-999.0,-999.0,-999.0,-999.0,-999.0,-999.0,-999.0,-999.0,-999.0,-999.0,-999.0,-999.0,
AL062004,FRANCES,2004-09-03 00:00,,HU,24.2,-75.0,105.0,948.0,160.0,150.0,120.0,160.0,120.0,100.0,75.0,100.0,70.0,60.0,45.0,60.0,
AL062004,FRANCES,2004-09-03 05:30,L,HU,24.6,-75.6,100.0,954.0,-999.0,-999.0,-999.0,-999.0,-999.0,-999.0,-999.0,-999.0,-999.0,-999.0,-999.0,-999.0,
AL062004,FRANCES,2004-09-03 06:00,,HU,24.7,-75.7,100.0,954.0,160.0,150.0,120.0,150.0,120.0,100.0,75.0,100.0,70.0,65.0,45.0,65.0,
AL062004,FRANCES,2004-09-03 10:00,L,HU,25.1,-76.1,95.0,956.0,-999.0,-999.0,-999.0,-999.0,-999.0,-999.0,-999.0,-999.0,-999.0,-999.0,-999.0,-999.0,
AL062004,FRANCES,2004-09-03 12:00,,HU,25.3,-76.3,95.0,958.0,165.0,150.0,120.0,160.0,120.0,100.0,75.0,100.0,70.0,70.0,45.0,70.0,
AL062004,FRANCES,2004-09-03 18:00,,HU,25.7,-77.1,90.0,960.0,170.0,150.0,120.0,160.0,125.0,100.0,75.0,100.0,75.0,75.0,45.0,75.0,
AL062004,FRANCES,2004-09-04 00:00,,HU,26.0,-77.5,85.0,960.0,175.0,160.0,120.0,160.0,125.0,100.0,80.0,110.0,80.0,70.0,45.0,75.0,
AL062004,FRANCES,2004-09-04 06:00,,HU,26.4,-77.9,85.0,960.0,175.0,160.0,120.0,160.0,125.0,100.0,80.0,110.0,85.0,60.0,50.0,75.0,
AL062004,FRANCES,2004-09-04 10:00,L,HU,26.6,-78.2,90.0,961.0,-999.0,-999.0,-999.0,-999.0,-999.0,-999.0,-999.0,-999.0,-999.0,-999.0,-999.0,-999.0,
AL062004,FRANCES,2004-09-04 12:00,,HU,26.8,-78.5,90.0,962.0,175.0,160.0,120.0,160.0,125.0,100.0,80.0,110.0,85.0,60.0,50.0,75.0,
AL062004,FRANCES,2004-09-04 18:00,,HU,26.8,-79.1,90.0,962.0,175.0,160.0,125.0,160.0,125.0,100.0,90.0,120.0,75.0,60.0,50.0,75.0,
AL062004,FRANCES,2004-09-05 00:00,,HU,27.0,-79.4,95.0,958.0,175.0,160.0,125.0,160.0,125.0,100.0,90.0,120.0,75.0,60.0,50.0,75.0,
AL062004,FRANCES,2004-09-05 04:30,L,HU,27.2,-80.2,90.0,960.0,-999.0,-999.0,-999.0,-999.0,-999.0,-999.0,-999.0,-999.0,-999.0,-999.0,-999.0,-999.0,30.0
AL062004,FRANCES,2004-09-05 06:00,,HU,27.2,-80.2,90.0,960.0,175.0,160.0,125.0,160.0,125.0,100.0,75.0,120.0,75.0,60.0,40.0,60.0,
AL062004,FRANCES,2004-09-05 12:00,,HU,27.4,-80.7,80.0,969.0,175.0,150.0,125.0,125.0,80.0,80.0,40.0,40.0,60.0,30.0,30.0,30.0,
AL062004,FRANCES,2004-09-05 18:00,,TS,27.8,-81.7,60.0,975.0,175.0,125.0,125.0,125.0,40.0,30.0,25.0,25.0,0.0,0.0,0.0,0.0,
AL062004,FRANCES,2004-09-06 00:00,,TS,28.1,-82.3,55.0,978.0,175.0,125.0,125.0,175.0,30.0,0.0,0.0,0.0,0.0,0.0,0.0,0.0,
AL062004,FRANCES,2004-09-06 06:00,,TS,28.6,-83.3,55.0,981.0,175.0,125.0,125.0,125.0,60.0,0.0,0.0,45.0,0.0,0.0,0.0,0.0,
AL062004,FRANCES,2004-09-06 12:00,,TS,29.2,-83.7,55.0,982.0,75.0,90.0,90.0,75.0,45.0,0.0,0.0,45.0,0.0,0.0,0.0,0.0,
AL062004,FRANCES,2004-09-06 18:00,L,TS,30.1,-84.0,50.0,982.0,60.0,90.0,90.0,0.0,25.0,0.0,0.0,25.0,0.0,0.0,0.0,0.0,
AL062004,FRANCES,2004-09-07 00:00,,TS,31.0,-84.6,35.0,984.0,0.0,90.0,90.0,0.0,0.0,0.0,0.0,0.0,0.0,0.0,0.0,0.0,
AL062004,FRANCES,2004-09-07 06:00,,TD,31.5,-85.0,30.0,988.0,0.0,0.0,0.0,0.0,0.0,0.0,0.0,0.0,0.0,0.0,0.0,0.0,
AL062004,FRANCES,2004-09-07 12:00,,TD,32.0,-85.2,25.0,992.0,0.0,0.0,0.0,0.0,0.0,0.0,0.0,0.0,0.0,0.0,0.0,0.0,
AL062004,FRANCES,2004-09-07 18:00,,TD,32.5,-85.1,25.0,996.0,0.0,0.0,0.0,0.0,0.0,0.0,0.0,0.0,0.0,0.0,0.0,0.0,
AL062004,FRANCES,2004-09-08 00:00,,TD,33.4,-84.7,25.0,998.0,0.0,0.0,0.0,0.0,0.0,0.0,0.0,0.0,0.0,0.0,0.0,0.0,
AL062004,FRANCES,2004-09-08 06:00,,TD,34.3,-84.3,25.0,1000.0,0.0,0.0,0.0,0.0,0.0,0.0,0.0,0.0,0.0,0.0,0.0,0.0,
AL062004,FRANCES,2004-09-08 12:00,,TD,36.1,-83.2,25.0,1001.0,0.0,0.0,0.0,0.0,0.0,0.0,0.0,0.0,0.0,0.0,0.0,0.0,
AL062004,FRANCES,2004-09-08 18:00,,TD,37.8,-82.1,25.0,1002.0,0.0,0.0,0.0,0.0,0.0,0.0,0.0,0.0,0.0,0.0,0.0,0.0,
AL062004,FRANCES,2004-09-09 00:00,,EX,38.7,-81.3,25.0,1001.0,0.0,0.0,0.0,0.0,0.0,0.0,0.0,0.0,0.0,0.0,0.0,0.0,
AL062004,FRANCES,2004-09-09 06:00,,EX,40.5,-80.0,30.0,1001.0,0.0,0.0,0.0,0.0,0.0,0.0,0.0,0.0,0.0,0.0,0.0,0.0,
AL062004,FRANCES,2004-09-09 12:00,,EX,42.8,-77.7,35.0,1001.0,75.0,0.0,0.0,75.0,0.0,0.0,0.0,0.0,0.0,0.0,0.0,0.0,
AL062004,FRANCES,2004-09-09 18:00,,EX,44.3,-75.7,30.0,1002.0,0.0,0.0,0.0,0.0,0.0,0.0,0.0,0.0,0.0,0.0,0.0,0.0,
AL062004,FRANCES,2004-09-10 00:00,,EX,45.3,-73.3,25.0,1003.0,0.0,0.0,0.0,0.0,0.0,0.0,0.0,0.0,0.0,0.0,0.0,0.0,
AL062004,FRANCES,2004-09-10 06:00,,EX,46.2,-70.5,20.0,1004.0,0.0,0.0,0.0,0.0,0.0,0.0,0.0,0.0,0.0,0.0,0.0,0.0,
AL062004,FRANCES,2004-09-10 12:00,,EX,46.6,-67.3,20.0,1005.0,0.0,0.0,0.0,0.0,0.0,0.0,0.0,0.0,0.0,0.0,0.0,0.0,
AL062004,FRANCES,2004-09-10 18:00,,EX,47.2,-64.2,20.0,1005.0,0.0,0.0,0.0,0.0,0.0,0.0,0.0,0.0,0.0,0.0,0.0,0.0,
AL092004,IVAN,2004-09-02 18:00,,TD,9.7,-27.6,25.0,1009.0,0.0,0.0,0.0,0.0,0.0,0.0,0.0,0.0,0.0,0.0,0.0,0.0,
AL092004,IVAN,2004-09-03 00:00,,TD,9.7,-28.7,30.0,1007.0,0.0,0.0,0.0,0.0,0.0,0.0,0.0,0.0,0.0,0.0,0.0,0.0,
AL092004,IVAN,2004-09-03 06:00,,TS,9.7,-30.3,35.0,1005.0,50.0,0.0,0.0,50.0,0.0,0.0,0.0,0.0,0.0,0.0,0.0,0.0,
AL092004,IVAN,2004-09-03 12:00,,TS,9.5,-32.1,40.0,1003.0,50.0,0.0,0.0,50.0,0.0,0.0,0.0,0.0,0.0,0.0,0.0,0.0,
AL092004,IVAN,2004-09-03 18:00,,TS,9.3,-33.6,45.0,1000.0,60.0,125.0,125.0,60.0,0.0,0.0,0.0,0.0,0.0,0.0,0.0,0.0,
AL092004,IVAN,2004-09-04 00:00,,TS,9.1,-35.0,45.0,999.0,60.0,125.0,125.0,60.0,0.0,0.0,0.0,0.0,0.0,0.0,0.0,0.0,
AL092004,IVAN,2004-09-04 06:00,,TS,8.9,-36.5,50.0,997.0,60.0,100.0,100.0,60.0,25.0,25.0,25.0,25.0,0.0,0.0,0.0,0.0,
AL092004,IVAN,2004-09-04 12:00,,TS,8.9,-38.2,50.0,997.0,60.0,100.0,100.0,60.0,20.0,20.0,20.0,20.0,0.0,0.0,0.0,0.0,
AL092004,IVAN,2004-09-04 18:00,,TS,9.0,-39.9,55.0,994.0,60.0,100.0,60.0,60.0,20.0,20.0,20.0,20.0,0.0,0.0,0.0,0.0,
AL092004,IVAN,2004-09-05 00:00,,TS,9.3,-41.4,60.0,991.0,90.0,100.0,60.0,90.0,30.0,30.0,30.0,30.0,0.0,0.0,0.0,0.0,
AL092004,IVAN,2004-09-05 06:00,,HU,9.5,-43.4,65.0,987.0,90.0,90.0,90.0,90.0,40.0,40.0,40.0,40.0,20.0,20.0,20.0,20.0,
AL092004,IVAN,2004-09-05 12:00,,HU,9.8,-45.1,85.0,977.0,110.0,110.0,70.0,90.0,40.0,40.0,40.0,40.0,20.0,20.0,20.0,20.0,
AL092004,IVAN,2004-09-05 18:00,,HU,10.2,-46.8,110.0,955.0,110.0,110.0,90.0,90.0,40.0,40.0,40.0,40.0,20.0,20.0,20.0,20.0,
AL092004,IVAN,2004-09-06 00:00,,HU,10.6,-48.5,115.0,948.0,120.0,120.0,100.0,100.0,50.0,50.0,50.0,50.0,30.0,30.0,30.0,30.0,
AL092004,IVAN,2004-09-06 06:00,,HU,10.8,-50.5,110.0,950.0,120.0,120.0,100.0,100.0,50.0,50.0,50.0,50.0,30.0,30.0,30.0,30.0,
AL092004,IVAN,2004-09-06 12:00,,HU,11.0,-52.5,110.0,955.0,120.0,120.0,100.0,120.0,50.0,50.0,50.0,50.0,30.0,30.0,30.0,30.0,
AL092004,IVAN,2004-09-06 18:00,,HU,11.3,-54.4,90.0,969.0,120.0,50.0,50.0,120.0,75.0,20.0,20.0,75.0,45.0,0.0,0.0,45.0,
AL092004,IVAN,2004-09-07 00:00,,HU,11.2,-56.1,90.0,964.0,140.0,50.0,50.0,140.0,75.0,20.0,20.0,90.0,60.0,0.0,0.0,60.0,
AL092004,IVAN,2004-09-07 06:00,,HU,11.3,-57.8,95.0,965.0,140.0,60.0,60.0,140.0,90.0,30.0,30.0,90.0,60.0,15.0,15.0,60.0,
AL092004,IVAN,2004-09-07 12:00,,HU,11.6,-59.4,100.0,963.0,140.0,60.0,60.0,140.0,90.0,30.0,30.0,90.0,60.0,15.0,15.0,60.0,
AL092004,IVAN,2004-09-07 18:00,,HU,11.8,-61.1,105.0,956.0,140.0,125.0,30.0,140.0,100.0,75.0,25.0,100.0,60.0,15.0,15.0,60.0,
AL092004,IVAN,2004-09-07 21:30,C,HU,11.9,-61.8,110.0,952.0,-999.0,-999.0,-999.0,-999.0,-999.0,-999.0,-999.0,-999.0,-999.0,-999.0,-999.0,-999.0,
AL092004,IVAN,2004-09-08 00:00,,HU,12.0,-62.6,115.0,950.0,140.0,125.0,50.0,140.0,100.0,75.0,35.0,100.0,60.0,20.0,20.0,60.0,
AL092004,IVAN,2004-09-08 06:00,,HU,12.3,-64.1,120.0,946.0,140.0,125.0,50.0,140.0,100.0,75.0,35.0,100.0,60.0,20.0,20.0,60.0,
AL092004,IVAN,2004-09-08 12:00,,HU,12.6,-65.5,120.0,955.0,140.0,125.0,50.0,140.0,100.0,75.0,35.0,100.0,60.0,20.0,20.0,60.0,
AL092004,IVAN,2004-09-08 18:00,,HU,13.0,-67.0,120.0,950.0,140.0,125.0,50.0,140.0,100.0,75.0,35.0,100.0,60.0,20.0,20.0,60.0,
AL092004,IVAN,2004-09-09 00:00,,HU,13.3,-68.3,130.0,938.0,140.0,125.0,75.0,140.0,100.0,75.0,35.0,100.0,50.0,25.0,25.0,50.0,
AL092004,IVAN,2004-09-09 06:00,,HU,13.7,-69.5,140.0,925.0,140.0,125.0,75.0,140.0,100.0,75.0,35.0,100.0,50.0,25.0,25.0,50.0,
AL092004,IVAN,2004-09-09 12:00,,HU,14.2,-70.8,140.0,919.0,140.0,125.0,75.0,140.0,100.0,75.0,35.0,100.0,50.0,25.0,25.0,50.0,
AL092004,IVAN,2004-09-09 18:00,,HU,14.7,-71.9,130.0,921.0,150.0,75.0,60.0,140.0,60.0,60.0,45.0,60.0,30.0,30.0,25.0,30.0,
AL092004,IVAN,2004-09-10 00:00,,HU,15.2,-72.8,130.0,923.0,150.0,90.0,90.0,150.0,125.0,60.0,60.0,60.0,45.0,35.0,30.0,45.0,
AL092004,IVAN,2004-09-10 06:00,,HU,15.7,-73.8,125.0,930.0,150.0,90.0,90.0,150.0,125.0,60.0,60.0,60.0,45.0,35.0,30.0,45.0,
AL092004,IVAN,2004-09-10 12:00,,HU,16.2,-74.7,125.0,934.0,150.0,90.0,90.0,150.0,75.0,50.0,50.0,75.0,50.0,25.0,25.0,40.0,
AL092004,IVAN,2004-09-10 18:00,,HU,16.8,-75.8,120.0,940.0,150.0,90.0,90.0,150.0,75.0,50.0,50.0,75.0,50.0,25.0,25.0,40.0,
AL092004,IVAN,2004-09-11 00:00,,HU,17.3,-76.5,135.0,926.0,150.0,90.0,90.0,150.0,75.0,50.0,50.0,75.0,50.0,40.0,30.0,40.0,
AL092004,IVAN,2004-09-11 03:30,C,HU,17.4,-77.2,130.0,924.0,-999.0,-999.0,-999.0,-999.0,-999.0,-999.0,-999.0,-999.0,-999.0,-999.0,-999.0,-999.0,
AL092004,IVAN,2004-09-11 06:00,,HU,17.4,-77.6,130.0,923.0,150.0,100.0,100.0,150.0,60.0,60.0,60.0,60.0,40.0,30.0,30.0,40.0,
AL092004,IVAN,2004-09-11 12:00,,HU,17.7,-78.4,125.0,925.0,150.0,100.0,100.0,150.0,60.0,60.0,60.0,60.0,40.0,30.0,30.0,40.0,
AL092004,IVAN,2004-09-11 18:00,,HU,18.0,-79.0,145.0,920.0,150.0,100.0,100.0,150.0,75.0,60.0,60.0,75.0,60.0,30.0,30.0,60.0,
AL092004,IVAN,2004-09-12 00:00,,HU,18.2,-79.6,145.0,910.0,150.0,100.0,100.0,150.0,90.0,75.0,60.0,90.0,60.0,60.0,30.0,60.0,
AL092004,IVAN,2004-09-12 06:00,,HU,18.4,-80.4,135.0,915.0,150.0,100.0,100.0,150.0,100.0,70.0,70.0,95.0,80.0,45.0,25.0,55.0,
AL092004,IVAN,2004-09-12 12:00,,HU,18.8,-81.2,135.0,919.0,150.0,120.0,100.0,150.0,100.0,90.0,70.0,90.0,80.0,60.0,45.0,55.0,
AL092004,IVAN,2004-09-12 14:15,C,HU,18.9,-81.5,130.0,920.0,-999.0,-999.0,-999.0,-999.0,-999.0,-999.0,-999.0,-999.0,-999.0,-999.0,-999.0,-999.0,
AL092004,IVAN,2004-09-12 18:00,,HU,19.1,-82.1,130.0,920.0,150.0,120.0,100.0,150.0,100.0,90.0,70.0,90.0,80.0,60.0,45.0,55.0,
AL092004,IVAN,2004-09-13 00:00,,HU,19.5,-82.8,140.0,916.0,175.0,150.0,125.0,150.0,125.0,100.0,75.0,100.0,80.0,60.0,50.0,60.0,
AL092004,IVAN,2004-09-13 06:00,,HU,19.9,-83.5,140.0,920.0,175.0,150.0,125.0,125.0,125.0,90.0,60.0,75.0,90.0,75.0,40.0,50.0,
AL092004,IVAN,2004-09-13 12:00,,HU,20.4,-84.1,140.0,915.0,180.0,150.0,125.0,125.0,125.0,90.0,60.0,75.0,90.0,75.0,40.0,50.0,
AL092004,IVAN,2004-09-13 18:00,,HU,20.9,-84.7,140.0,912.0,190.0,175.0,140.0,150.0,125.0,110.0,90.0,100.0,100.0,85.0,70.0,75.0,
AL092004,IVAN,2004-09-13 21:00,P,HU,21.2,-84.8,140.0,910.0,-999.0,-999.0,-999.0,-999.0,-999.0,-999.0,-999.0,-999.0,-999.0,-999.0,-999.0,-999.0,
AL092004,IVAN,2004-09-14 00:00,,HU,21.6,-85.1,140.0,914.0,175.0,175.0,125.0,150.0,125.0,110.0,70.0,100.0,85.0,85.0,50.0,75.0,
AL092004,IVAN,2004-09-14 01:00,C,HU,21.7,-85.2,140.0,916.0,-999.0,-999.0,-999.0,-999.0,-999.0,-999.0,-999.0,-999.0,-999.0,-999.0,-999.0,-999.0,
AL092004,IVAN,2004-09-14 06:00,,HU,22.4,-85.6,140.0,924.0,175.0,175.0,125.0,150.0,125.0,110.0,70.0,100.0,85.0,85.0,50.0,75.0,
AL092004,IVAN,2004-09-14 12:00,,HU,23.0,-86.0,125.0,930.0,225.0,175.0,150.0,200.0,125.0,110.0,70.0,100.0,85.0,85.0,50.0,75.0,
AL092004,IVAN,2004-09-14 18:00,,HU,23.7,-86.5,120.0,931.0,225.0,175.0,150.0,200.0,175.0,125.0,75.0,125.0,90.0,90.0,60.0,75.0,
AL092004,IVAN,2004-09-15 00:00,,HU,24.7,-87.0,120.0,928.0,225.0,175.0,150.0,200.0,175.0,125.0,75.0,125.0,90.0,90.0,60.0,75.0,
AL092004,IVAN,2004-09-15 06:00,,HU,25.6,-87.4,120.0,935.0,225.0,175.0,150.0,200.0,175.0,125.0,75.0,125.0,90.0,90.0,60.0,75.0,
AL092004,IVAN,2004-09-15 12:00,,HU,26.7,-87.9,115.0,939.0,225.0,250.0,150.0,175.0,150.0,100.0,90.0,100.0,90.0,90.0,75.0,75.0,
AL092004,IVAN,2004-09-15 18:00,,HU,27.9,-88.2,115.0,937.0,225.0,250.0,125.0,150.0,125.0,100.0,100.0,100.0,90.0,90.0,75.0,75.0,
AL092004,IVAN,2004-09-16 00:00,,HU,28.9,-88.2,110.0,931.0,225.0,250.0,125.0,150.0,125.0,125.0,100.0,100.0,90.0,90.0,75.0,75.0,
AL092004,IVAN,2004-09-16 06:00,,HU,30.0,-87.9,105.0,943.0,225.0,250.0,125.0,100.0,125.0,125.0,100.0,75.0,90.0,90.0,75.0,50.0,
AL092004,IVAN,2004-09-16 06:50,L,HU,30.2,-87.9,105.0,946.0,-999.0,-999.0,-999.0,-999.0,-999.0,-999.0,-999.0,-999.0,-999.0,-999.0,-999.0,-999.0,25.0
AL092004,IVAN,2004-09-16 12:00,,HU,31.4,-87.7,70.0,965.0,100.0,250.0,125.0,75.0,65.0,125.0,50.0,40.0,45.0,45.0,35.0,25.0,
AL092004,IVAN,2004-09-16 18:00,,TS,32.5,-87.4,50.0,975.0,60.0,60.0,40.0,40.0,20.0,20.0,0.0,0.0,0.0,0.0,0.0,0.0,
AL092004,IVAN,2004-09-17 00:00,,TD,33.8,-86.5,30.0,986.0,0.0,0.0,0.0,0.0,0.0,0.0,0.0,0.0,0.0,0.0,0.0,0.0,
AL092004,IVAN,2004-09-17 06:00,,TD,34.7,-85.7,25.0,991.0,0.0,0.0,0.0,0.0,0.0,0.0,0.0,0.0,0.0,0.0,0.0,0.0,
AL092004,IVAN,2004-09-17 12:00,,TD,35.4,-84.0,20.0,994.0,0.0,0.0,0.0,0.0,0.0,0.0,0.0,0.0,0.0,0.0,0.0,0.0,
AL092004,IVAN,2004-09-17 18:00,,TD,36.2,-82.3,20.0,996.0,0.0,0.0,0.0,0.0,0.0,0.0,0.0,0.0,0.0,0.0,0.0,0.0,
AL092004,IVAN,2004-09-18 00:00,,TD,37.0,-80.5,20.0,999.0,0.0,0.0,0.0,0.0,0.0,0.0,0.0,0.0,0.0,0.0,0.0,0.0,
AL092004,IVAN,2004-09-18 06:00,,TD,37.7,-78.5,15.0,998.0,0.0,0.0,0.0,0.0,0.0,0.0,0.0,0.0,0.0,0.0,0.0,0.0,
AL092004,IVAN,2004-09-18 12:00,,TD,38.4,-76.7,15.0,1000.0,0.0,0.0,0.0,0.0,0.0,0.0,0.0,0.0,0.0,0.0,0.0,0.0,
AL092004,IVAN,2004-09-18 18:00,,EX,38.0,-75.5,25.0,1002.0,0.0,0.0,0.0,0.0,0.0,0.0,0.0,0.0,0.0,0.0,0.0,0.0,
AL092004,IVAN,2004-09-19 00:00,,EX,37.5,-74.0,35.0,1003.0,0.0,0.0,0.0,60.0,0.0,0.0,0.0,0.0,0.0,0.0,0.0,0.0,
AL092004,IVAN,2004-09-19 06:00,,EX,36.0,-74.0,35.0,1005.0,0.0,0.0,0.0,75.0,0.0,0.0,0.0,0.0,0.0,0.0,0.0,0.0,
AL092004,IVAN,2004-09-19 12:00,,EX,34.5,-74.5,35.0,1008.0,0.0,0.0,0.0,75.0,0.0,0.0,0.0,0.0,0.0,0.0,0.0,0.0,
AL092004,IVAN,2004-09-19 18:00,,EX,32.8,-75.8,35.0,1008.0,0.0,0.0,0.0,75.0,0.0,0.0,0.0,0.0,0.0,0.0,0.0,0.0,
AL092004,IVAN,2004-09-20 00:00,,EX,31.0,-77.5,35.0,1008.0,0.0,0.0,0.0,75.0,0.0,0.0,0.0,0.0,0.0,0.0,0.0,0.0,
AL092004,IVAN,2004-09-20 06:00,,EX,29.0,-78.5,35.0,1008.0,0.0,0.0,0.0,60.0,0.0,0.0,0.0,0.0,0.0,0.0,0.0,0.0,
AL092004,IVAN,2004-09-20 12:00,,EX,27.5,-78.7,30.0,1009.0,0.0,0.0,0.0,0.0,0.0,0.0,0.0,0.0,0.0,0.0,0.0,0.0,
AL092004,IVAN,2004-09-20 18:00,,EX,26.4,-79.1,25.0,1009.0,0.0,0.0,0.0,0.0,0.0,0.0,0.0,0.0,0.0,0.0,0.0,0.0,
AL092004,IVAN,2004-09-21 00:00,,EX,26.1,-79.7,25.0,1009.0,0.0,0.0,0.0,0.0,0.0,0.0,0.0,0.0,0.0,0.0,0.0,0.0,
AL092004,IVAN,2004-09-21 06:00,,EX,25.9,-80.6,25.0,1009.0,0.0,0.0,0.0,0.0,0.0,0.0,0.0,0.0,0.0,0.0,0.0,0.0,
AL092004,IVAN,2004-09-21 12:00,,EX,25.8,-81.7,25.0,1009.0,0.0,0.0,0.0,0.0,0.0,0.0,0.0,0.0,0.0,0.0,0.0,0.0,
AL092004,IVAN,2004-09-21 18:00,,LO,25.2,-82.8,25.0,1010.0,0.0,0.0,0.0,0.0,0.0,0.0,0.0,0.0,0.0,0.0,0.0,0.0,
AL092004,IVAN,2004-09-22 00:00,,LO,24.8,-84.1,25.0,1010.0,0.0,0.0,0.0,0.0,0.0,0.0,0.0,0.0,0.0,0.0,0.0,0.0,
AL092004,IVAN,2004-09-22 06:00,,LO,25.1,-86.1,25.0,1010.0,0.0,0.0,0.0,0.0,0.0,0.0,0.0,0.0,0.0,0.0,0.0,0.0,
AL092004,IVAN,2004-09-22 12:00,,LO,26.0,-87.3,25.0,1010.0,0.0,0.0,0.0,0.0,0.0,0.0,0.0,0.0,0.0,0.0,0.0,0.0,
AL092004,IVAN,2004-09-22 18:00,,TD,26.5,-88.6,30.0,1008.0,0.0,0.0,0.0,0.0,0.0,0.0,0.0,0.0,0.0,0.0,0.0,0.0,
AL092004,IVAN,2004-09-23 00:00,,TS,27.1,-89.5,35.0,1007.0,75.0,30.0,0.0,0.0,0.0,0.0,0.0,0.0,0.0,0.0,0.0,0.0,
AL092004,IVAN,2004-09-23 06:00,,TS,27.9,-91.0,35.0,1007.0,75.0,50.0,0.0,0.0,0.0,0.0,0.0,0.0,0.0,0.0,0.0,0.0,
AL092004,IVAN,2004-09-23 12:00,,TS,28.9,-92.2,50.0,998.0,60.0,60.0,20.0,40.0,20.0,0.0,0.0,20.0,0.0,0.0,0.0,0.0,
AL092004,IVAN,2004-09-23 18:00,,TS,29.2,-92.7,40.0,1003.0,50.0,50.0,20.0,40.0,0.0,0.0,0.0,0.0,0.0,0.0,0.0,0.0,
AL092004,IVAN,2004-09-24 00:00,,TD,29.6,-93.2,30.0,1003.0,0.0,0.0,0.0,0.0,0.0,0.0,0.0,0.0,0.0,0.0,0.0,0.0,
AL092004,IVAN,2004-09-24 02:00,L,TD,29.8,-93.6,30.0,1004.0,0.0,0.0,0.0,0.0,0.0,0.0,0.0,0.0,0.0,0.0,0.0,0.0,
AL092004,IVAN,2004-09-24 06:00,,TD,30.1,-94.2,25.0,1009.0,0.0,0.0,0.0,0.0,0.0,0.0,0.0,0.0,0.0,0.0,0.0,0.0,
AL092016,HERMINE,2016-08-28 18:00,,TD,23.8,-81.4,30.0,1009.0,0.0,0.0,0.0,0.0,0.0,0.0,0.0,0.0,0.0,0.0,0.0,0.0,
AL092016,HERMINE,2016-08-29 00:00,,TD,23.4,-82.4,30.0,1007.0,0.0,0.0,0.0,0.0,0.0,0.0,0.0,0.0,0.0,0.0,0.0,0.0,
AL092016,HERMINE,2016-08-29 06:00,,TD,23.4,-83.3,30.0,1007.0,0.0,0.0,0.0,0.0,0.0,0.0,0.0,0.0,0.0,0.0,0.0,0.0,
AL092016,HERMINE,2016-08-29 12:00,,TD,23.5,-84.0,30.0,1007.0,0.0,0.0,0.0,0.0,0.0,0.0,0.0,0.0,0.0,0.0,0.0,0.0,
AL092016,HERMINE,2016-08-29 18:00,,TD,23.7,-84.6,30.0,1005.0,0.0,0.0,0.0,0.0,0.0,0.0,0.0,0.0,0.0,0.0,0.0,0.0,
AL092016,HERMINE,2016-08-30 00:00,,TD,23.8,-85.4,30.0,1003.0,0.0,0.0,0.0,0.0,0.0,0.0,0.0,0.0,0.0,0.0,0.0,0.0,
AL092016,HERMINE,2016-08-30 06:00,,TD,23.8,-86.2,30.0,1003.0,0.0,0.0,0.0,0.0,0.0,0.0,0.0,0.0,0.0,0.0,0.0,0.0,
AL092016,HERMINE,2016-08-30 12:00,,TD,23.9,-86.8,30.0,1003.0,0.0,0.0,0.0,0.0,0.0,0.0,0.0,0.0,0.0,0.0,0.0,0.0,
AL092016,HERMINE,2016-08-30 18:00,,TD,24.0,-87.3,30.0,1003.0,0.0,0.0,0.0,0.0,0.0,0.0,0.0,0.0,0.0,0.0,0.0,0.0,
AL092016,HERMINE,2016-08-31 00:00,,TD,24.1,-87.8,30.0,1003.0,0.0,0.0,0.0,0.0,0.0,0.0,0.0,0.0,0.0,0.0,0.0,0.0,
AL092016,HERMINE,2016-08-31 06:00,,TS,24.4,-88.0,35.0,1003.0,40.0,60.0,0.0,0.0,0.0,0.0,0.0,0.0,0.0,0.0,0.0,0.0,
AL092016,HERMINE,2016-08-31 12:00,,TS,24.8,-87.9,40.0,1003.0,70.0,90.0,0.0,0.0,0.0,0.0,0.0,0.0,0.0,0.0,0.0,0.0,
AL092016,HERMINE,2016-08-31 18:00,,TS,25.1,-87.7,45.0,1002.0,100.0,110.0,60.0,0.0,0.0,0.0,0.0,0.0,0.0,0.0,0.0,0.0,
AL092016,HERMINE,2016-09-01 00:00,,TS,25.5,-87.2,50.0,999.0,120.0,120.0,90.0,0.0,20.0,20.0,0.0,0.0,0.0,0.0,0.0,0.0,
AL092016,HERMINE,2016-09-01 06:00,,TS,26.0,-86.8,55.0,995.0,130.0,130.0,90.0,0.0,80.0,70.0,0.0,0.0,0.0,0.0,0.0,0.0,
AL092016,HERMINE,2016-09-01 12:00,,TS,26.9,-86.2,60.0,991.0,130.0,140.0,80.0,60.0,100.0,100.0,30.0,30.0,0.0,0.0,0.0,0.0,
AL092016,HERMINE,2016-09-01 18:00,,HU,27.9,-85.5,65.0,988.0,130.0,150.0,60.0,60.0,90.0,110.0,30.0,40.0,40.0,40.0,0.0,0.0,
AL092016,HERMINE,2016-09-02 00:00,,HU,29.0,-84.8,70.0,983.0,130.0,150.0,60.0,60.0,70.0,110.0,40.0,30.0,40.0,40.0,30.0,0.0,
AL092016,HERMINE,2016-09-02 05:30,L,HU,30.1,-84.1,70.0,981.0,130.0,150.0,60.0,60.0,70.0,110.0,40.0,30.0,30.0,40.0,30.0,0.0,20.0
AL092016,HERMINE,2016-09-02 06:00,,HU,30.3,-84.0,65.0,982.0,130.0,150.0,60.0,40.0,40.0,110.0,30.0,20.0,20.0,30.0,0.0,0.0,
AL092016,HERMINE,2016-09-02 08:00,R,TS,30.6,-83.8,60.0,984.0,130.0,150.0,60.0,40.0,40.0,110.0,30.0,20.0,0.0,0.0,0.0,0.0,
AL092016,HERMINE,2016-09-02 12:00,,TS,31.4,-82.8,50.0,989.0,130.0,160.0,30.0,30.0,20.0,100.0,0.0,0.0,0.0,0.0,0.0,0.0,
AL092016,HERMINE,2016-09-02 18:00,,TS,32.4,-81.2,50.0,990.0,130.0,160.0,20.0,20.0,0.0,100.0,0.0,0.0,0.0,0.0,0.0,0.0,
AL092016,HERMINE,2016-09-03 00:00,,TS,33.6,-79.2,50.0,991.0,140.0,160.0,0.0,0.0,0.0,90.0,0.0,0.0,0.0,0.0,0.0,0.0,
AL092022,IAN,2022-09-27 08:30,L,HU,22.2,-83.7,110.0,947.0,100.0,100.0,70.0,90.0,50.0,50.0,30.0,40.0,30.0,25.0,20.0,20.0,15.0
AL092022,IAN,2022-09-27 12:00,,HU,22.6,-83.6,100.0,963.0,120.0,120.0,100.0,120.0,60.0,60.0,50.0,60.0,30.0,25.0,20.0,20.0,15.0
AL092022,IAN,2022-09-27 18:00,,HU,23.5,-83.3,105.0,951.0,120.0,120.0,100.0,120.0,60.0,60.0,50.0,60.0,35.0,35.0,20.0,20.0,15.0
AL092022,IAN,2022-09-28 00:00,,HU,24.4,-83.0,105.0,947.0,120.0,120.0,100.0,120.0,60.0,60.0,50.0,60.0,35.0,35.0,20.0,20.0,20.0
AL092022,IAN,2022-09-28 02:00,L,HU,24.6,-82.9,110.0,952.0,120.0,120.0,100.0,120.0,60.0,60.0,50.0,60.0,35.0,35.0,20.0,20.0,20.0
AL092022,IAN,2022-09-28 06:00,,HU,25.2,-82.9,120.0,945.0,120.0,130.0,100.0,150.0,70.0,60.0,60.0,70.0,35.0,35.0,30.0,35.0,20.0
AL092022,IAN,2022-09-28 12:00,,HU,26.0,-82.7,140.0,937.0,120.0,140.0,100.0,150.0,70.0,60.0,70.0,80.0,40.0,40.0,30.0,40.0,20.0
AL092022,IAN,2022-09-28 18:00,,HU,26.6,-82.4,135.0,938.0,130.0,150.0,100.0,150.0,50.0,60.0,70.0,80.0,30.0,40.0,30.0,45.0,20.0
AL092022,IAN,2022-09-28 19:05,L,HU,26.7,-82.2,130.0,941.0,130.0,150.0,100.0,150.0,50.0,60.0,70.0,80.0,30.0,40.0,30.0,45.0,20.0
AL092022,IAN,2022-09-28 20:35,L,HU,26.8,-82.0,125.0,945.0,130.0,150.0,100.0,150.0,50.0,60.0,70.0,80.0,30.0,40.0,30.0,45.0,20.0
AL092022,IAN,2022-09-29 00:00,,HU,27.2,-81.7,100.0,960.0,180.0,120.0,120.0,220.0,50.0,60.0,50.0,70.0,30.0,40.0,30.0,45.0,20.0
AL092022,IAN,2022-09-29 06:00,,HU,27.7,-81.1,65.0,985.0,360.0,120.0,150.0,200.0,60.0,50.0,40.0,70.0,30.0,0.0,0.0,30.0,20.0
AL092022,IAN,2022-09-29 12:00,,TS,28.4,-80.6,60.0,987.0,360.0,120.0,150.0,200.0,60.0,50.0,40.0,70.0,0.0,0.0,0.0,0.0,40.0
AL092022,IAN,2022-09-29 18:00,,HU,28.9,-80.1,65.0,986.0,360.0,140.0,150.0,200.0,60.0,0.0,50.0,100.0,0.0,0.0,0.0,40.0,40.0
AL092022,IAN,2022-09-30 00:00,,HU,29.6,-79.4,70.0,986.0,420.0,150.0,120.0,220.0,60.0,80.0,80.0,120.0,0.0,0.0,40.0,60.0,40.0
AL092022,IAN,2022-09-30 06:00,,HU,30.3,-79.1,75.0,984.0,420.0,130.0,100.0,160.0,80.0,60.0,80.0,120.0,0.0,0.0,40.0,60.0,40.0
AL092022,IAN,2022-09-30 12:00,,HU,31.5,-79.0,75.0,980.0,240.0,130.0,120.0,140.0,80.0,60.0,80.0,80.0,40.0,0.0,40.0,60.0,40.0
AL092022,IAN,2022-09-30 18:00,,HU,33.3,-79.2,70.0,978.0,190.0,130.0,100.0,60.0,80.0,60.0,80.0,40.0,0.0,30.0,40.0,0.0,40.0
AL092024,HELENE,2024-09-25 18:00,,HU,22.0,-86.5,70.0,978.0,300.0,300.0,90.0,130.0,60.0,60.0,40.0,40.0,25.0,30.0,0.0,0.0,25.0
AL092024,HELENE,2024-09-26 00:00,,HU,22.8,-86.7,70.0,973.0,360.0,300.0,110.0,130.0,60.0,80.0,50.0,50.0,40.0,50.0,0.0,0.0,40.0
AL092024,HELENE,2024-09-26 06:00,,HU,23.6,-86.5,75.0,970.0,360.0,300.0,120.0,120.0,100.0,100.0,60.0,50.0,60.0,60.0,0.0,0.0,45.0
AL092024,HELENE,2024-09-26 12:00,,HU,24.7,-85.8,85.0,963.0,360.0,300.0,130.0,120.0,100.0,100.0,90.0,50.0,70.0,70.0,30.0,30.0,35.0
AL092024,HELENE,2024-09-26 18:00,,HU,26.6,-85.0,105.0,958.0,300.0,270.0,140.0,130.0,110.0,110.0,70.0,50.0,80.0,70.0,30.0,30.0,25.0
AL092024,HELENE,2024-09-27 00:00,,HU,28.7,-84.3,120.0,941.0,260.0,270.0,150.0,150.0,110.0,110.0,60.0,50.0,70.0,70.0,35.0,35.0,20.0
AL092024,HELENE,2024-09-27 03:10,L,HU,30.0,-83.7,120.0,939.0,240.0,270.0,150.0,140.0,100.0,110.0,60.0,50.0,60.0,70.0,35.0,35.0,20.0
AL092024,HELENE,2024-09-27 05:00,R,HU,30.8,-83.5,95.0,947.0,230.0,290.0,140.0,90.0,100.0,110.0,50.0,30.0,45.0,50.0,0.0,0.0,25.0
AL092024,HELENE,2024-09-27 06:00,,HU,31.3,-83.3,80.0,957.0,230.0,290.0,130.0,70.0,100.0,120.0,30.0,0.0,35.0,40.0,0.0,0.0,30.0
AL092024,HELENE,2024-09-27 09:00,R,TS,32.9,-83.1,60.0,967.0,190.0,300.0,60.0,40.0,70.0,130.0,0.0,0.0,0.0,0.0,0.0,0.0,40.0
AL092024,HELENE,2024-09-27 12:00,,TS,34.4,-83.2,45.0,973.0,170.0,320.0,0.0,0.0,0.0,0.0,0.0,0.0,0.0,0.0,0.0,0.0,50.0
AL092024,HELENE,2024-09-27 18:00,,LO,36.8,-84.9,40.0,983.0,200.0,360.0,0.0,130.0,0.0,0.0,0.0,0.0,0.0,0.0,0.0,0.0,80.0
AL102023,IDALIA,2023-08-28 18:00,,TS,21.2,-85.2,60.0,986.0,80.0,120.0,50.0,50.0,30.0,40.0,20.0,20.0,0.0,0.0,0.0,0.0,20.0
AL102023,IDALIA,2023-08-29 00:00,,TS,21.8,-85.1,60.0,984.0,90.0,130.0,50.0,50.0,30.0,40.0,20.0,20.0,0.0,0.0,0.0,0.0,20.0
AL102023,IDALIA,2023-08-29 06:00,,HU,22.6,-85.0,65.0,981.0,110.0,140.0,50.0,50.0,40.0,40.0,20.0,20.0,15.0,15.0,0.0,0.0,15.0
AL102023,IDALIA,2023-08-29 12:00,,HU,23.8,-84.8,70.0,978.0,120.0,140.0,50.0,60.0,50.0,40.0,20.0,30.0,20.0,15.0,0.0,10.0,15.0
AL102023,IDALIA,2023-08-29 18:00,,HU,25.3,-84.8,80.0,973.0,120.0,140.0,50.0,60.0,50.0,40.0,20.0,30.0,20.0,15.0,10.0,10.0,15.0
AL102023,IDALIA,2023-08-30 00:00,,HU,26.9,-84.7,90.0,965.0,120.0,140.0,50.0,60.0,50.0,40.0,20.0,30.0,20.0,15.0,10.0,10.0,10.0
AL102023,IDALIA,2023-08-30 06:00,,HU,28.3,-84.5,105.0,945.0,120.0,150.0,60.0,60.0,60.0,50.0,30.0,40.0,20.0,20.0,15.0,10.0,10.0
AL102023,IDALIA,2023-08-30 09:00,I,HU,29.1,-84.1,115.0,942.0,130.0,150.0,70.0,60.0,60.0,50.0,30.0,40.0,20.0,20.0,15.0,10.0,10.0
AL102023,IDALIA,2023-08-30 11:45,L,HU,29.9,-83.6,100.0,950.0,130.0,180.0,50.0,60.0,60.0,50.0,30.0,40.0,20.0,20.0,15.0,10.0,10.0
AL102023,IDALIA,2023-08-30 12:00,,HU,30.0,-83.5,100.0,954.0,140.0,180.0,50.0,60.0,50.0,50.0,30.0,40.0,20.0,20.0,15.0,10.0,10.0
AL102023,IDALIA,2023-08-30 18:00,,TS,31.5,-82.5,60.0,981.0,140.0,180.0,60.0,50.0,40.0,40.0,30.0,30.0,0.0,0.0,0.0,0.0,20.0
AL102023,IDALIA,2023-08-31 00:00,,TS,32.7,-80.9,50.0,985.0,140.0,180.0,50.0,50.0,40.0,40.0,0.0,0.0,0.0,0.0,0.0,0.0,40.0
AL102023,IDALIA,2023-08-31 06:00,,TS,33.5,-78.9,50.0,990.0,160.0,180.0,70.0,40.0,0.0,50.0,0.0,0.0,0.0,0.0,0.0,0.0,40.0
AL112004,JEANNE,2004-09-13 18:00,,TD,15.9,-60.0,25.0,1010.0,0.0,0.0,0.0,0.0,0.0,0.0,0.0,0.0,0.0,0.0,0.0,0.0,
AL112004,JEANNE,2004-09-14 00:00,,TD,16.0,-60.7,25.0,1010.0,0.0,0.0,0.0,0.0,0.0,0.0,0.0,0.0,0.0,0.0,0.0,0.0,
AL112004,JEANNE,2004-09-14 04:00,L,TD,16.2,-61.3,30.0,1009.0,0.0,0.0,0.0,0.0,0.0,0.0,0.0,0.0,0.0,0.0,0.0,0.0,
AL112004,JEANNE,2004-09-14 06:00,,TD,16.3,-61.5,30.0,1009.0,0.0,0.0,0.0,0.0,0.0,0.0,0.0,0.0,0.0,0.0,0.0,0.0,
AL112004,JEANNE,2004-09-14 12:00,,TS,16.4,-62.6,35.0,1006.0,30.0,30.0,15.0,0.0,0.0,0.0,0.0,0.0,0.0,0.0,0.0,0.0,
AL112004,JEANNE,2004-09-14 18:00,,TS,16.7,-63.5,50.0,996.0,35.0,35.0,35.0,35.0,15.0,15.0,15.0,15.0,0.0,0.0,0.0,0.0,
AL112004,JEANNE,2004-09-15 00:00,,TS,17.1,-64.0,55.0,996.0,35.0,35.0,35.0,35.0,15.0,15.0,15.0,15.0,0.0,0.0,0.0,0.0,
AL112004,JEANNE,2004-09-15 06:00,,TS,17.2,-64.8,55.0,994.0,35.0,35.0,35.0,35.0,15.0,15.0,15.0,15.0,0.0,0.0,0.0,0.0,
AL112004,JEANNE,2004-09-15 12:00,,TS,17.6,-65.4,60.0,991.0,50.0,50.0,50.0,50.0,20.0,20.0,20.0,20.0,0.0,0.0,0.0,0.0,
AL112004,JEANNE,2004-09-15 16:00,L,TS,18.0,-66.0,60.0,991.0,-999.0,-999.0,-999.0,-999.0,-999.0,-999.0,-999.0,-999.0,-999.0,-999.0,-999.0,-999.0,
AL112004,JEANNE,2004-09-15 18:00,,TS,18.1,-66.2,60.0,991.0,60.0,60.0,60.0,60.0,20.0,20.0,20.0,20.0,0.0,0.0,0.0,0.0,
AL112004,JEANNE,2004-09-16 00:00,,TS,18.5,-67.1,60.0,993.0,60.0,30.0,60.0,60.0,20.0,10.0,20.0,20.0,0.0,0.0,0.0,0.0,
AL112004,JEANNE,2004-09-16 06:00,,TS,18.6,-67.8,60.0,992.0,35.0,20.0,20.0,35.0,15.0,0.0,0.0,15.0,0.0,0.0,0.0,0.0,
AL112004,JEANNE,2004-09-16 11:00,L,HU,18.6,-68.3,70.0,985.0,-999.0,-999.0,-999.0,-999.0,-999.0,-999.0,-999.0,-999.0,-999.0,-999.0,-999.0,-999.0,
AL112004,JEANNE,2004-09-16 12:00,,HU,18.6,-68.5,70.0,984.0,35.0,20.0,20.0,35.0,25.0,0.0,0.0,25.0,20.0,0.0,0.0,20.0,
AL112004,JEANNE,2004-09-16 18:00,,HU,18.8,-69.0,65.0,988.0,60.0,60.0,30.0,60.0,30.0,30.0,0.0,30.0,20.0,0.0,0.0,20.0,
AL112004,JEANNE,2004-09-17 00:00,,TS,19.2,-69.4,60.0,990.0,60.0,60.0,30.0,60.0,30.0,30.0,15.0,30.0,0.0,0.0,0.0,0.0,
AL112004,JEANNE,2004-09-17 06:00,,TS,19.4,-69.9,55.0,990.0,60.0,60.0,30.0,60.0,30.0,30.0,15.0,30.0,0.0,0.0,0.0,0.0,
AL112004,JEANNE,2004-09-17 12:00,,TS,19.7,-70.7,50.0,990.0,175.0,150.0,0.0,75.0,100.0,0.0,0.0,50.0,0.0,0.0,0.0,0.0,
AL112004,JEANNE,2004-09-17 18:00,,TD,20.0,-71.6,30.0,1002.0,0.0,0.0,0.0,0.0,0.0,0.0,0.0,0.0,0.0,0.0,0.0,0.0,
AL112004,JEANNE,2004-09-18 00:00,,TS,20.2,-72.0,40.0,1000.0,15.0,0.0,0.0,15.0,0.0,0.0,0.0,0.0,0.0,0.0,0.0,0.0,
AL112004,JEANNE,2004-09-18 06:00,,TS,20.4,-72.5,45.0,1000.0,75.0,0.0,0.0,20.0,0.0,0.0,0.0,0.0,0.0,0.0,0.0,0.0,
AL112004,JEANNE,2004-09-18 12:00,,TS,21.2,-72.8,45.0,1000.0,75.0,50.0,0.0,20.0,0.0,0.0,0.0,0.0,0.0,0.0,0.0,0.0,
AL112004,JEANNE,2004-09-18 18:00,,TS,21.7,-72.3,40.0,1005.0,75.0,75.0,0.0,0.0,0.0,0.0,0.0,0.0,0.0,0.0,0.0,0.0,
AL112004,JEANNE,2004-09-19 00:00,,TS,22.2,-72.2,40.0,1002.0,75.0,75.0,0.0,0.0,0.0,0.0,0.0,0.0,0.0,0.0,0.0,0.0,
AL112004,JEANNE,2004-09-19 06:00,,TS,22.8,-72.3,40.0,1002.0,75.0,75.0,0.0,0.0,0.0,0.0,0.0,0.0,0.0,0.0,0.0,0.0,
AL112004,JEANNE,2004-09-19 12:00,,TS,23.5,-72.5,40.0,1000.0,75.0,75.0,0.0,0.0,0.0,0.0,0.0,0.0,0.0,0.0,0.0,0.0,
AL112004,JEANNE,2004-09-19 18:00,,TS,24.2,-72.3,45.0,996.0,75.0,75.0,75.0,75.0,0.0,0.0,0.0,0.0,0.0,0.0,0.0,0.0,
AL112004,JEANNE,2004-09-20 00:00,,TS,24.8,-72.1,50.0,994.0,75.0,75.0,75.0,75.0,25.0,25.0,0.0,0.0,0.0,0.0,0.0,0.0,
AL112004,JEANNE,2004-09-20 06:00,,TS,25.5,-72.0,55.0,992.0,90.0,75.0,75.0,75.0,60.0,40.0,0.0,0.0,0.0,0.0,0.0,0.0,
AL112004,JEANNE,2004-09-20 12:00,,TS,26.6,-71.7,60.0,989.0,90.0,80.0,80.0,80.0,60.0,40.0,40.0,40.0,0.0,0.0,0.0,0.0,
AL112004,JEANNE,2004-09-20 18:00,,HU,27.2,-71.4,75.0,984.0,90.0,80.0,80.0,90.0,60.0,40.0,50.0,50.0,20.0,20.0,20.0,20.0,
AL112004,JEANNE,2004-09-21 00:00,,HU,27.4,-70.8,75.0,982.0,90.0,90.0,90.0,90.0,60.0,60.0,60.0,60.0,20.0,20.0,20.0,20.0,
AL112004,JEANNE,2004-09-21 06:00,,HU,27.6,-70.2,75.0,972.0,90.0,90.0,90.0,105.0,60.0,60.0,60.0,75.0,30.0,30.0,30.0,45.0,
AL112004,JEANNE,2004-09-21 12:00,,HU,27.6,-69.5,75.0,972.0,90.0,90.0,90.0,105.0,60.0,60.0,60.0,70.0,30.0,30.0,30.0,40.0,
AL112004,JEANNE,2004-09-21 18:00,,HU,27.4,-69.2,75.0,972.0,90.0,90.0,90.0,105.0,60.0,60.0,60.0,70.0,30.0,30.0,30.0,40.0,
AL112004,JEANNE,2004-09-22 00:00,,HU,27.2,-68.9,80.0,972.0,90.0,90.0,90.0,100.0,60.0,60.0,60.0,70.0,30.0,30.0,30.0,40.0,
AL112004,JEANNE,2004-09-22 06:00,,HU,26.8,-68.7,85.0,968.0,100.0,100.0,100.0,110.0,60.0,60.0,60.0,70.0,30.0,30.0,30.0,40.0,
AL112004,JEANNE,2004-09-22 12:00,,HU,26.5,-68.5,85.0,968.0,100.0,100.0,100.0,120.0,60.0,60.0,60.0,70.0,30.0,30.0,30.0,40.0,
AL112004,JEANNE,2004-09-22 18:00,,HU,26.2,-68.8,85.0,967.0,100.0,100.0,100.0,120.0,60.0,60.0,60.0,70.0,30.0,30.0,30.0,40.0,
AL112004,JEANNE,2004-09-23 00:00,,HU,25.7,-69.0,85.0,966.0,100.0,100.0,100.0,120.0,60.0,60.0,60.0,70.0,30.0,30.0,30.0,40.0,
AL112004,JEANNE,2004-09-23 06:00,,HU,25.5,-69.3,85.0,966.0,100.0,100.0,100.0,120.0,60.0,60.0,60.0,70.0,30.0,30.0,30.0,40.0,
AL112004,JEANNE,2004-09-23 12:00,,HU,25.5,-69.6,80.0,966.0,100.0,100.0,100.0,120.0,60.0,60.0,60.0,70.0,30.0,30.0,30.0,40.0,
AL112004,JEANNE,2004-09-23 18:00,,HU,25.8,-70.0,75.0,966.0,100.0,100.0,100.0,120.0,60.0,60.0,60.0,70.0,30.0,30.0,30.0,40.0,
AL112004,JEANNE,2004-09-24 00:00,,HU,26.0,-70.4,70.0,966.0,100.0,100.0,100.0,120.0,60.0,60.0,60.0,70.0,30.0,30.0,30.0,40.0,
AL112004,JEANNE,2004-09-24 06:00,,HU,26.1,-71.2,75.0,969.0,105.0,105.0,105.0,120.0,70.0,70.0,70.0,80.0,35.0,30.0,35.0,40.0,
AL112004,JEANNE,2004-09-24 12:00,,HU,26.2,-72.2,80.0,969.0,120.0,105.0,105.0,130.0,70.0,70.0,70.0,80.0,35.0,35.0,35.0,40.0,
AL112004,JEANNE,2004-09-24 18:00,,HU,26.4,-73.1,85.0,968.0,120.0,105.0,105.0,130.0,70.0,70.0,70.0,80.0,35.0,35.0,35.0,40.0,
AL112004,JEANNE,2004-09-25 00:00,,HU,26.4,-74.3,85.0,964.0,180.0,120.0,105.0,130.0,100.0,70.0,70.0,80.0,60.0,45.0,45.0,60.0,
AL112004,JEANNE,2004-09-25 06:00,,HU,26.5,-75.6,90.0,960.0,180.0,120.0,105.0,130.0,100.0,70.0,70.0,90.0,60.0,45.0,45.0,60.0,
AL112004,JEANNE,2004-09-25 12:00,,HU,26.6,-76.9,100.0,957.0,180.0,120.0,75.0,130.0,100.0,70.0,50.0,90.0,60.0,45.0,30.0,60.0,
AL112004,JEANNE,2004-09-25 14:00,L,HU,26.7,-77.3,100.0,956.0,-999.0,-999.0,-999.0,-999.0,-999.0,-999.0,-999.0,-999.0,-999.0,-999.0,-999.0,-999.0,
AL112004,JEANNE,2004-09-25 18:00,,HU,26.9,-78.2,105.0,952.0,180.0,120.0,85.0,150.0,100.0,70.0,50.0,90.0,60.0,45.0,30.0,60.0,
AL112004,JEANNE,2004-09-26 00:00,,HU,27.1,-79.4,105.0,951.0,180.0,150.0,125.0,150.0,100.0,90.0,70.0,90.0,60.0,60.0,50.0,60.0,
AL112004,JEANNE,2004-09-26 04:00,L,HU,27.2,-80.2,105.0,950.0,-999.0,-999.0,-999.0,-999.0,-999.0,-999.0,-999.0,-999.0,-999.0,-999.0,-999.0,-999.0,45.0
AL112004,JEANNE,2004-09-26 06:00,,HU,27.3,-80.6,95.0,953.0,180.0,125.0,125.0,150.0,100.0,75.0,60.0,75.0,60.0,50.0,40.0,50.0,
AL112004,JEANNE,2004-09-26 12:00,,HU,27.7,-81.6,75.0,965.0,150.0,125.0,125.0,150.0,75.0,75.0,60.0,75.0,30.0,0.0,0.0,25.0,
AL112004,JEANNE,2004-09-26 18:00,,TS,28.3,-82.3,55.0,970.0,150.0,125.0,100.0,150.0,75.0,75.0,60.0,75.0,0.0,0.0,0.0,0.0,
AL112004,JEANNE,2004-09-27 00:00,,TS,29.3,-82.7,45.0,978.0,150.0,130.0,75.0,75.0,0.0,0.0,0.0,0.0,0.0,0.0,0.0,0.0,
AL112004,JEANNE,2004-09-27 06:00,,TS,30.1,-83.3,40.0,981.0,175.0,175.0,90.0,60.0,0.0,0.0,0.0,0.0,0.0,0.0,0.0,0.0,
AL112004,JEANNE,2004-09-27 12:00,,TS,31.1,-83.9,35.0,987.0,175.0,175.0,90.0,60.0,0.0,0.0,0.0,0.0,0.0,0.0,0.0,0.0,
AL112004,JEANNE,2004-09-27 18:00,,TD,32.5,-83.6,30.0,993.0,0.0,0.0,0.0,0.0,0.0,0.0,0.0,0.0,0.0,0.0,0.0,0.0,
AL112004,JEANNE,2004-09-28 00:00,,TD,33.2,-83.2,25.0,998.0,0.0,0.0,0.0,0.0,0.0,0.0,0.0,0.0,0.0,0.0,0.0,0.0,
AL112004,JEANNE,2004-09-28 06:00,,TD,34.1,-82.4,20.0,999.0,0.0,0.0,0.0,0.0,0.0,0.0,0.0,0.0,0.0,0.0,0.0,0.0,
AL112004,JEANNE,2004-09-28 12:00,,TD,35.4,-81.0,20.0,1000.0,0.0,0.0,0.0,0.0,0.0,0.0,0.0,0.0,0.0,0.0,0.0,0.0,
AL112004,JEANNE,2004-09-28 18:00,,TD,37.3,-78.4,25.0,999.0,0.0,0.0,0.0,0.0,0.0,0.0,0.0,0.0,0.0,0.0,0.0,0.0,
AL112004,JEANNE,2004-09-29 00:00,,EX,38.3,-76.4,25.0,999.0,0.0,0.0,0.0,0.0,0.0,0.0,0.0,0.0,0.0,0.0,0.0,0.0,
AL112004,JEANNE,2004-09-29 06:00,,EX,38.8,-74.7,35.0,999.0,175.0,0.0,0.0,0.0,0.0,0.0,0.0,0.0,0.0,0.0,0.0,0.0,
AL112004,JEANNE,2004-09-29 12:00,,EX,38.5,-72.5,35.0,999.0,150.0,0.0,0.0,0.0,0.0,0.0,0.0,0.0,0.0,0.0,0.0,0.0,
AL112017,IRMA,2017-09-08 00:00,,HU,21.1,-71.8,140.0,919.0,160.0,120.0,90.0,150.0,100.0,70.0,50.0,80.0,60.0,50.0,30.0,55.0,
AL112017,IRMA,2017-09-08 05:00,L,HU,21.5,-73.0,135.0,924.0,160.0,120.0,90.0,150.0,100.0,80.0,50.0,80.0,60.0,50.0,30.0,55.0,
AL112017,IRMA,2017-09-08 06:00,,HU,21.5,-73.2,135.0,925.0,160.0,120.0,90.0,150.0,100.0,80.0,50.0,80.0,60.0,50.0,30.0,55.0,
AL112017,IRMA,2017-09-08 12:00,,HU,21.8,-74.7,135.0,927.0,160.0,120.0,100.0,150.0,100.0,90.0,50.0,80.0,60.0,50.0,30.0,55.0,
AL112017,IRMA,2017-09-08 18:00,,HU,22.0,-76.0,140.0,925.0,160.0,120.0,100.0,150.0,100.0,90.0,50.0,80.0,60.0,60.0,30.0,60.0,
AL112017,IRMA,2017-09-09 00:00,,HU,22.1,-77.2,145.0,924.0,160.0,130.0,110.0,160.0,100.0,90.0,50.0,80.0,60.0,60.0,30.0,60.0,
AL112017,IRMA,2017-09-09 03:00,L,HU,22.3,-77.9,145.0,924.0,160.0,140.0,110.0,160.0,100.0,90.0,50.0,80.0,60.0,60.0,30.0,60.0,
AL112017,IRMA,2017-09-09 06:00,,HU,22.4,-78.3,130.0,930.0,160.0,160.0,120.0,170.0,100.0,90.0,60.0,80.0,60.0,60.0,30.0,60.0,
AL112017,IRMA,2017-09-09 12:00,,HU,22.7,-79.3,110.0,941.0,160.0,160.0,120.0,170.0,100.0,90.0,60.0,90.0,60.0,60.0,30.0,60.0,
AL112017,IRMA,2017-09-09 18:00,,HU,23.1,-80.2,95.0,938.0,180.0,160.0,120.0,180.0,100.0,90.0,70.0,90.0,60.0,60.0,30.0,60.0,
AL112017,IRMA,2017-09-10 00:00,,HU,23.4,-80.9,100.0,932.0,210.0,170.0,120.0,180.0,100.0,100.0,70.0,90.0,60.0,60.0,30.0,60.0,
AL112017,IRMA,2017-09-10 06:00,,HU,23.7,-81.3,115.0,930.0,240.0,170.0,140.0,190.0,110.0,110.0,70.0,100.0,70.0,60.0,30.0,50.0,
AL112017,IRMA,2017-09-10 12:00,,HU,24.5,-81.5,115.0,931.0,270.0,180.0,140.0,210.0,120.0,120.0,70.0,100.0,70.0,60.0,30.0,50.0,
AL112017,IRMA,2017-09-10 13:00,L,HU,24.7,-81.5,115.0,931.0,270.0,180.0,140.0,210.0,120.0,120.0,80.0,110.0,70.0,60.0,30.0,50.0,10.0
AL112017,IRMA,2017-09-10 18:00,,HU,25.6,-81.7,100.0,936.0,300.0,190.0,140.0,220.0,130.0,130.0,80.0,110.0,70.0,60.0,30.0,50.0,
AL112017,IRMA,2017-09-10 19:30,L,HU,25.9,-81.7,100.0,936.0,330.0,190.0,140.0,220.0,130.0,130.0,80.0,110.0,70.0,60.0,30.0,50.0,15.0
AL112017,IRMA,2017-09-11 00:00,,HU,26.8,-81.7,80.0,942.0,360.0,200.0,150.0,240.0,140.0,140.0,90.0,120.0,60.0,60.0,30.0,50.0,
AL112017,IRMA,2017-09-11 06:00,,HU,28.2,-82.2,65.0,961.0,360.0,210.0,150.0,240.0,140.0,140.0,90.0,120.0,30.0,30.0,20.0,50.0,
AL112017,IRMA,2017-09-11 12:00,,TS,29.6,-82.7,50.0,970.0,360.0,230.0,150.0,240.0,140.0,140.0,90.0,120.0,0.0,0.0,0.0,0.0,
AL112017,IRMA,2017-09-11 18:00,,TS,30.9,-83.5,45.0,980.0,360.0,250.0,150.0,240.0,0.0,0.0,0.0,0.0,0.0,0.0,0.0,0.0,
AL112017,IRMA,2017-09-12 00:00,,TS,31.9,-84.4,35.0,986.0,360.0,270.0,0.0,0.0,0.0,0.0,0.0,0.0,0.0,0.0,0.0,0.0,
AL112017,IRMA,2017-09-12 06:00,,LO,32.9,-85.6,25.0,997.0,0.0,0.0,0.0,0.0,0.0,0.0,0.0,0.0,0.0,0.0,0.0,0.0,
AL112017,IRMA,2017-09-12 12:00,,LO,33.8,-86.9,20.0,1000.0,0.0,0.0,0.0,0.0,0.0,0.0,0.0,0.0,0.0,0.0,0.0,0.0,
AL112017,IRMA,2017-09-12 18:00,,LO,34.8,-88.1,15.0,1003.0,0.0,0.0,0.0,0.0,0.0,0.0,0.0,0.0,0.0,0.0,0.0,0.0,
AL112017,IRMA,2017-09-13 00:00,,LO,35.6,-88.9,15.0,1004.0,0.0,0.0,0.0,0.0,0.0,0.0,0.0,0.0,0.0,0.0,0.0,0.0,
AL112017,IRMA,2017-09-13 06:00,,LO,36.2,-89.5,15.0,1004.0,0.0,0.0,0.0,0.0,0.0,0.0,0.0,0.0,0.0,0.0,0.0,0.0,
AL112017,IRMA,2017-09-13 12:00,,LO,36.8,-90.1,15.0,1005.0,0.0,0.0,0.0,0.0,0.0,0.0,0.0,0.0,0.0,0.0,0.0,0.0,
AL122005,KATRINA,2005-08-23 18:00,,TD,23.1,-75.1,30.0,1008.0,0.0,0.0,0.0,0.0,0.0,0.0,0.0,0.0,0.0,0.0,0.0,0.0,
AL122005,KATRINA,2005-08-24 00:00,,TD,23.4,-75.7,30.0,1007.0,0.0,0.0,0.0,0.0,0.0,0.0,0.0,0.0,0.0,0.0,0.0,0.0,
AL122005,KATRINA,2005-08-24 06:00,,TD,23.8,-76.2,30.0,1007.0,0.0,0.0,0.0,0.0,0.0,0.0,0.0,0.0,0.0,0.0,0.0,0.0,
AL122005,KATRINA,2005-08-24 12:00,,TS,24.5,-76.5,35.0,1006.0,60.0,60.0,0.0,0.0,0.0,0.0,0.0,0.0,0.0,0.0,0.0,0.0,
AL122005,KATRINA,2005-08-24 18:00,,TS,25.4,-76.9,40.0,1003.0,60.0,60.0,0.0,0.0,0.0,0.0,0.0,0.0,0.0,0.0,0.0,0.0,
AL122005,KATRINA,2005-08-25 00:00,,TS,26.0,-77.7,45.0,1000.0,60.0,60.0,0.0,0.0,0.0,0.0,0.0,0.0,0.0,0.0,0.0,0.0,
AL122005,KATRINA,2005-08-25 06:00,,TS,26.1,-78.4,50.0,997.0,60.0,60.0,0.0,0.0,15.0,0.0,0.0,0.0,0.0,0.0,0.0,0.0,
AL122005,KATRINA,2005-08-25 12:00,,TS,26.2,-79.0,55.0,994.0,60.0,60.0,30.0,50.0,20.0,20.0,0.0,0.0,0.0,0.0,0.0,0.0,
AL122005,KATRINA,2005-08-25 18:00,,TS,26.2,-79.6,60.0,988.0,70.0,70.0,50.0,60.0,25.0,25.0,20.0,20.0,0.0,0.0,0.0,0.0,
AL122005,KATRINA,2005-08-25 22:30,L,HU,26.0,-80.1,70.0,984.0,-999.0,-999.0,-999.0,-999.0,-999.0,-999.0,-999.0,-999.0,-999.0,-999.0,-999.0,-999.0,15.0
AL122005,KATRINA,2005-08-26 00:00,,HU,25.9,-80.3,70.0,983.0,70.0,70.0,50.0,40.0,20.0,20.0,20.0,20.0,10.0,10.0,10.0,10.0,
AL122005,KATRINA,2005-08-26 06:00,,HU,25.4,-81.3,65.0,987.0,75.0,75.0,40.0,30.0,60.0,60.0,20.0,20.0,10.0,10.0,10.0,10.0,
AL122005,KATRINA,2005-08-26 12:00,,HU,25.1,-82.0,75.0,979.0,75.0,75.0,45.0,25.0,60.0,60.0,25.0,20.0,20.0,20.0,10.0,10.0,
AL122005,KATRINA,2005-08-26 18:00,,HU,24.9,-82.6,85.0,968.0,75.0,75.0,55.0,35.0,60.0,60.0,35.0,20.0,20.0,20.0,15.0,10.0,
AL122005,KATRINA,2005-08-27 00:00,,HU,24.6,-83.3,90.0,959.0,90.0,75.0,75.0,75.0,60.0,60.0,40.0,30.0,25.0,25.0,20.0,15.0,
AL122005,KATRINA,2005-08-27 06:00,,HU,24.4,-84.0,95.0,950.0,130.0,90.0,90.0,130.0,60.0,60.0,45.0,60.0,35.0,30.0,30.0,25.0,
AL122005,KATRINA,2005-08-27 12:00,,HU,24.4,-84.7,100.0,942.0,130.0,90.0,90.0,130.0,60.0,60.0,45.0,60.0,35.0,30.0,30.0,25.0,
AL122005,KATRINA,2005-08-27 18:00,,HU,24.5,-85.3,100.0,948.0,140.0,90.0,90.0,130.0,70.0,70.0,60.0,70.0,45.0,35.0,35.0,35.0,
AL122005,KATRINA,2005-08-28 00:00,,HU,24.8,-85.9,100.0,941.0,140.0,100.0,100.0,140.0,80.0,80.0,65.0,80.0,60.0,45.0,45.0,50.0,
AL122005,KATRINA,2005-08-28 06:00,,HU,25.2,-86.7,125.0,930.0,160.0,160.0,125.0,140.0,100.0,100.0,75.0,100.0,75.0,75.0,50.0,75.0,
AL122005,KATRINA,2005-08-28 12:00,,HU,25.7,-87.7,145.0,909.0,180.0,180.0,125.0,140.0,120.0,120.0,75.0,100.0,90.0,90.0,50.0,75.0,
AL122005,KATRINA,2005-08-28 18:00,,HU,26.3,-88.6,150.0,902.0,200.0,180.0,125.0,180.0,120.0,120.0,75.0,120.0,90.0,90.0,50.0,90.0,
AL122005,KATRINA,2005-08-29 00:00,,HU,27.2,-89.2,140.0,905.0,200.0,200.0,150.0,180.0,120.0,120.0,75.0,100.0,90.0,90.0,60.0,80.0,
AL122005,KATRINA,2005-08-29 06:00,,HU,28.2,-89.6,125.0,913.0,200.0,200.0,150.0,150.0,120.0,120.0,75.0,100.0,90.0,90.0,60.0,70.0,
AL122005,KATRINA,2005-08-29 11:10,L,HU,29.3,-89.6,110.0,920.0,-999.0,-999.0,-999.0,-999.0,-999.0,-999.0,-999.0,-999.0,-999.0,-999.0,-999.0,-999.0,20.0
AL122005,KATRINA,2005-08-29 12:00,,HU,29.5,-89.6,110.0,923.0,200.0,200.0,150.0,100.0,120.0,120.0,75.0,75.0,90.0,90.0,60.0,60.0,
AL122005,KATRINA,2005-08-29 14:45,L,HU,30.2,-89.6,105.0,928.0,-999.0,-999.0,-999.0,-999.0,-999.0,-999.0,-999.0,-999.0,-999.0,-999.0,-999.0,-999.0,20.0
AL122005,KATRINA,2005-08-29 18:00,,HU,31.1,-89.6,80.0,948.0,100.0,180.0,100.0,100.0,75.0,100.0,75.0,75.0,50.0,50.0,30.0,30.0,
AL122005,KATRINA,2005-08-30 00:00,,TS,32.6,-89.1,50.0,961.0,75.0,90.0,90.0,50.0,50.0,60.0,0.0,0.0,0.0,0.0,0.0,0.0,
AL122005,KATRINA,2005-08-30 06:00,,TS,34.1,-88.6,40.0,978.0,75.0,90.0,75.0,50.0,0.0,0.0,0.0,0.0,0.0,0.0,0.0,0.0,
AL122005,KATRINA,2005-08-30 12:00,,TD,35.6,-88.0,30.0,985.0,0.0,0.0,0.0,0.0,0.0,0.0,0.0,0.0,0.0,0.0,0.0,0.0,
AL122005,KATRINA,2005-08-30 18:00,,TD,37.0,-87.0,30.0,990.0,0.0,0.0,0.0,0.0,0.0,0.0,0.0,0.0,0.0,0.0,0.0,0.0,
AL122005,KATRINA,2005-08-31 00:00,,EX,38.6,-85.3,30.0,994.0,0.0,0.0,0.0,0.0,0.0,0.0,0.0,0.0,0.0,0.0,0.0,0.0,
AL122005,KATRINA,2005-08-31 06:00,,EX,40.1,-82.9,25.0,996.0,0.0,0.0,0.0,0.0,0.0,0.0,0.0,0.0,0.0,0.0,0.0,0.0,
AL142016,MATTHEW,2016-10-05 00:00,L,HU,20.1,-74.3,115.0,949.0,160.0,150.0,90.0,100.0,70.0,60.0,50.0,60.0,40.0,40.0,40.0,40.0,
AL142016,MATTHEW,2016-10-05 06:00,,HU,20.7,-74.4,110.0,960.0,160.0,140.0,90.0,90.0,70.0,60.0,50.0,60.0,40.0,35.0,35.0,40.0,
AL142016,MATTHEW,2016-10-05 12:00,,HU,21.4,-74.8,105.0,962.0,160.0,140.0,80.0,90.0,70.0,60.0,50.0,60.0,40.0,30.0,30.0,40.0,
AL142016,MATTHEW,2016-10-05 18:00,,HU,22.2,-75.4,105.0,963.0,160.0,140.0,70.0,90.0,70.0,60.0,40.0,60.0,40.0,30.0,30.0,40.0,
AL142016,MATTHEW,2016-10-06 00:00,,HU,23.0,-76.0,105.0,960.0,160.0,140.0,70.0,90.0,70.0,60.0,40.0,60.0,40.0,30.0,30.0,40.0,
AL142016,MATTHEW,2016-10-06 06:00,,HU,23.8,-76.7,110.0,952.0,160.0,140.0,70.0,90.0,70.0,60.0,40.0,60.0,40.0,30.0,30.0,40.0,
AL142016,MATTHEW,2016-10-06 12:00,,HU,24.7,-77.5,120.0,937.0,160.0,140.0,70.0,100.0,70.0,60.0,40.0,60.0,40.0,40.0,30.0,40.0,
AL142016,MATTHEW,2016-10-06 18:00,,HU,25.7,-78.3,120.0,937.0,160.0,140.0,80.0,110.0,70.0,60.0,40.0,60.0,50.0,40.0,30.0,40.0,
AL142016,MATTHEW,2016-10-07 00:00,L,HU,26.7,-79.0,115.0,937.0,170.0,150.0,80.0,120.0,70.0,70.0,50.0,60.0,50.0,40.0,30.0,40.0,
AL142016,MATTHEW,2016-10-07 06:00,,HU,27.7,-79.7,110.0,939.0,170.0,150.0,80.0,120.0,70.0,70.0,50.0,60.0,50.0,40.0,30.0,40.0,
AL142016,MATTHEW,2016-10-07 12:00,,HU,28.9,-80.3,105.0,944.0,170.0,150.0,80.0,120.0,80.0,70.0,60.0,60.0,50.0,40.0,35.0,40.0,
AL142016,MATTHEW,2016-10-07 18:00,,HU,29.7,-80.7,100.0,946.0,170.0,150.0,80.0,120.0,80.0,70.0,60.0,60.0,50.0,40.0,35.0,40.0,
AL142016,MATTHEW,2016-10-08 00:00,,HU,30.7,-80.6,95.0,949.0,180.0,150.0,80.0,120.0,80.0,70.0,50.0,50.0,50.0,50.0,30.0,35.0,
AL142016,MATTHEW,2016-10-08 06:00,,HU,31.6,-80.6,85.0,953.0,180.0,160.0,90.0,130.0,80.0,70.0,50.0,40.0,40.0,40.0,25.0,30.0,
AL142016,MATTHEW,2016-10-08 09:00,T,HU,32.1,-80.5,85.0,957.0,180.0,160.0,90.0,130.0,80.0,70.0,50.0,40.0,40.0,40.0,25.0,30.0,
AL142016,MATTHEW,2016-10-08 12:00,,HU,32.5,-79.9,80.0,963.0,190.0,160.0,90.0,140.0,70.0,70.0,60.0,30.0,30.0,25.0,20.0,0.0,
AL142016,MATTHEW,2016-10-08 15:00,L,HU,33.0,-79.5,75.0,967.0,190.0,160.0,90.0,140.0,70.0,70.0,60.0,30.0,30.0,25.0,20.0,0.0,
AL142016,MATTHEW,2016-10-08 18:00,,HU,33.5,-79.0,70.0,973.0,190.0,170.0,100.0,150.0,60.0,80.0,30.0,20.0,25.0,25.0,25.0,0.0,
AL142016,MATTHEW,2016-10-09 00:00,,HU,33.9,-77.3,70.0,981.0,190.0,170.0,120.0,160.0,70.0,80.0,90.0,60.0,0.0,0.0,40.0,0.0,
AL142016,MATTHEW,2016-10-09 06:00,,HU,34.7,-76.0,70.0,983.0,200.0,170.0,150.0,170.0,60.0,80.0,110.0,60.0,0.0,0.0,50.0,0.0,
AL142016,MATTHEW,2016-10-09 12:00,,EX,35.0,-74.5,65.0,984.0,200.0,180.0,180.0,190.0,50.0,60.0,90.0,90.0,0.0,0.0,50.0,0.0,
AL142016,MATTHEW,2016-10-09 18:00,,EX,35.2,-72.8,60.0,987.0,210.0,180.0,180.0,210.0,60.0,60.0,100.0,120.0,0.0,0.0,0.0,0.0,
AL142018,MICHAEL,2018-10-08 18:00,,HU,21.7,-85.1,75.0,977.0,120.0,150.0,80.0,90.0,60.0,50.0,20.0,50.0,30.0,0.0,0.0,25.0,
AL142018,MICHAEL,2018-10-09 00:00,,HU,22.7,-85.2,85.0,971.0,150.0,150.0,80.0,110.0,60.0,50.0,30.0,50.0,30.0,30.0,25.0,30.0,
AL142018,MICHAEL,2018-10-09 06:00,,HU,23.7,-85.8,85.0,973.0,170.0,140.0,70.0,140.0,70.0,50.0,30.0,50.0,35.0,30.0,20.0,30.0,
AL142018,MICHAEL,2018-10-09 12:00,,HU,24.6,-86.2,90.0,968.0,160.0,140.0,70.0,140.0,70.0,50.0,30.0,50.0,30.0,30.0,20.0,30.0,
AL142018,MICHAEL,2018-10-09 18:00,,HU,25.6,-86.4,100.0,961.0,160.0,140.0,70.0,140.0,70.0,50.0,30.0,50.0,40.0,30.0,20.0,30.0,
AL142018,MICHAEL,2018-10-10 00:00,,HU,26.6,-86.5,110.0,952.0,160.0,140.0,70.0,140.0,70.0,60.0,30.0,50.0,40.0,30.0,20.0,30.0,
AL142018,MICHAEL,2018-10-10 06:00,,HU,27.7,-86.6,120.0,945.0,160.0,140.0,70.0,140.0,80.0,80.0,30.0,50.0,40.0,30.0,20.0,30.0,
AL142018,MICHAEL,2018-10-10 12:00,,HU,29.0,-86.3,125.0,934.0,150.0,140.0,80.0,120.0,80.0,80.0,40.0,50.0,40.0,35.0,25.0,30.0,
AL142018,MICHAEL,2018-10-10 17:30,L,HU,30.0,-85.5,140.0,919.0,90.0,140.0,100.0,80.0,60.0,80.0,50.0,50.0,35.0,35.0,25.0,25.0,10.0
AL142018,MICHAEL,2018-10-10 18:00,,HU,30.2,-85.4,135.0,920.0,90.0,140.0,100.0,80.0,60.0,80.0,50.0,50.0,35.0,35.0,25.0,25.0,
AL142018,MICHAEL,2018-10-11 00:00,,HU,31.5,-84.5,80.0,957.0,60.0,140.0,60.0,40.0,40.0,40.0,30.0,20.0,25.0,25.0,0.0,0.0,
AL142018,MICHAEL,2018-10-11 06:00,,TS,32.8,-83.2,50.0,979.0,50.0,140.0,50.0,0.0,0.0,20.0,0.0,0.0,0.0,0.0,0.0,0.0,
AL142018,MICHAEL,2018-10-11 12:00,,TS,34.1,-81.7,45.0,987.0,0.0,160.0,0.0,0.0,0.0,0.0,0.0,0.0,0.0,0.0,0.0,0.0,
AL142024,MILTON,2024-10-08 22:05,R,HU,22.8,-87.2,145.0,902.0,80.0,80.0,80.0,120.0,45.0,45.0,45.0,45.0,25.0,25.0,25.0,25.0,5.0
AL142024,MILTON,2024-10-09 00:00,,HU,23.0,-86.9,140.0,908.0,80.0,80.0,80.0,120.0,45.0,45.0,45.0,45.0,25.0,25.0,25.0,25.0,5.0
AL142024,MILTON,2024-10-09 02:05,R,HU,23.3,-86.6,135.0,916.0,80.0,80.0,80.0,120.0,45.0,45.0,45.0,45.0,25.0,25.0,25.0,25.0,5.0
AL142024,MILTON,2024-10-09 06:00,,HU,23.8,-85.9,140.0,909.0,100.0,100.0,100.0,120.0,45.0,50.0,50.0,50.0,25.0,25.0,25.0,25.0,5.0
AL142024,MILTON,2024-10-09 08:25,R,HU,24.3,-85.4,140.0,907.0,100.0,100.0,100.0,120.0,45.0,50.0,50.0,50.0,25.0,25.0,25.0,25.0,5.0
AL142024,MILTON,2024-10-09 12:00,,HU,25.0,-84.8,135.0,919.0,140.0,130.0,110.0,170.0,50.0,50.0,50.0,70.0,30.0,30.0,30.0,25.0,10.0
AL142024,MILTON,2024-10-09 18:00,,HU,26.3,-84.0,115.0,945.0,180.0,170.0,110.0,220.0,60.0,60.0,70.0,90.0,30.0,30.0,30.0,30.0,15.0
AL142024,MILTON,2024-10-10 00:00,,HU,27.3,-82.7,105.0,956.0,180.0,170.0,110.0,220.0,60.0,60.0,70.0,90.0,30.0,30.0,30.0,30.0,20.0
AL142024,MILTON,2024-10-10 00:30,L,HU,27.4,-82.6,100.0,958.0,180.0,170.0,110.0,220.0,60.0,60.0,70.0,90.0,30.0,30.0,30.0,30.0,20.0
AL142024,MILTON,2024-10-10 06:00,,HU,28.1,-81.3,70.0,975.0,220.0,170.0,110.0,180.0,60.0,60.0,70.0,90.0,30.0,30.0,0.0,0.0,30.0
AL142024,MILTON,2024-10-10 12:00,,HU,29.0,-79.5,65.0,983.0,270.0,180.0,120.0,200.0,80.0,80.0,80.0,90.0,0.0,50.0,0.0,0.0,50.0
AL142024,MILTON,2024-10-10 18:00,,EX,29.5,-77.5,60.0,984.0,270.0,160.0,160.0,220.0,100.0,100.0,90.0,110.0,0.0,0.0,0.0,0.0,50.0
AL142024,MILTON,2024-10-11 00:00,,EX,29.5,-75.0,60.0,986.0,240.0,160.0,180.0,220.0,90.0,90.0,80.0,100.0,0.0,0.0,0.0,0.0,50.0
AL142024,MILTON,2024-10-11 06:00,,EX,29.5,-72.4,55.0,993.0,200.0,150.0,210.0,200.0,90.0,50.0,80.0,90.0,0.0,0.0,0.0,0.0,50.0
AL172022,NICOLE,2022-11-08 00:00,,SS,26.8,-70.7,40.0,998.0,270.0,270.0,0.0,180.0,0.0,0.0,0.0,0.0,0.0,0.0,0.0,0.0,200.0
AL172022,NICOLE,2022-11-08 06:00,,SS,27.5,-71.2,40.0,996.0,240.0,240.0,0.0,330.0,0.0,0.0,0.0,0.0,0.0,0.0,0.0,0.0,200.0
AL172022,NICOLE,2022-11-08 12:00,,SS,27.7,-72.1,45.0,993.0,240.0,240.0,0.0,330.0,0.0,0.0,0.0,0.0,0.0,0.0,0.0,0.0,80.0
AL172022,NICOLE,2022-11-08 18:00,,TS,27.6,-73.3,50.0,991.0,240.0,240.0,0.0,330.0,0.0,0.0,0.0,60.0,0.0,0.0,0.0,0.0,60.0
AL172022,NICOLE,2022-11-09 00:00,,TS,27.2,-74.3,60.0,984.0,300.0,240.0,30.0,330.0,0.0,0.0,0.0,60.0,0.0,0.0,0.0,0.0,60.0
AL172022,NICOLE,2022-11-09 06:00,,TS,26.8,-75.3,60.0,986.0,360.0,120.0,60.0,400.0,0.0,0.0,0.0,60.0,0.0,0.0,0.0,0.0,60.0
AL172022,NICOLE,2022-11-09 12:00,,TS,26.5,-76.2,55.0,985.0,360.0,120.0,60.0,400.0,20.0,0.0,20.0,50.0,0.0,0.0,0.0,0.0,20.0
AL172022,NICOLE,2022-11-09 17:00,L,TS,26.5,-77.1,60.0,985.0,360.0,120.0,60.0,400.0,20.0,0.0,20.0,50.0,0.0,0.0,0.0,0.0,20.0
AL172022,NICOLE,2022-11-09 18:00,,TS,26.5,-77.3,60.0,985.0,420.0,80.0,60.0,390.0,20.0,0.0,20.0,50.0,0.0,0.0,0.0,0.0,20.0
AL172022,NICOLE,2022-11-09 23:00,L,HU,26.6,-78.2,65.0,980.0,420.0,80.0,60.0,390.0,30.0,30.0,20.0,50.0,20.0,20.0,0.0,0.0,20.0
AL172022,NICOLE,2022-11-10 00:00,,HU,26.7,-78.4,65.0,980.0,420.0,80.0,60.0,390.0,30.0,30.0,20.0,50.0,20.0,20.0,0.0,0.0,20.0
AL172022,NICOLE,2022-11-10 06:00,,HU,27.3,-79.8,65.0,980.0,390.0,90.0,180.0,300.0,80.0,30.0,20.0,80.0,20.0,20.0,0.0,0.0,20.0
AL172022,NICOLE,2022-11-10 07:45,L,HU,27.6,-80.3,65.0,980.0,390.0,90.0,180.0,300.0,80.0,30.0,20.0,80.0,20.0,20.0,0.0,0.0,20.0
AL172022,NICOLE,2022-11-10 12:00,,TS,28.0,-81.6,55.0,984.0,330.0,90.0,150.0,200.0,120.0,0.0,0.0,0.0,0.0,0.0,0.0,0.0,110.0
AL172022,NICOLE,2022-11-10 18:00,,TS,29.0,-82.8,40.0,989.0,200.0,60.0,100.0,130.0,0.0,0.0,0.0,0.0,0.0,0.0,0.0,0.0,70.0
AL172022,NICOLE,2022-11-10 19:00,L,TS,29.2,-83.0,40.0,989.0,200.0,60.0,100.0,130.0,0.0,0.0,0.0,0.0,0.0,0.0,0.0,0.0,70.0
AL172022,NICOLE,2022-11-11 00:00,L,TS,30.1,-84.0,35.0,992.0,200.0,60.0,100.0,100.0,0.0,0.0,0.0,0.0,0.0,0.0,0.0,0.0,70.0
AL172022,NICOLE,2022-11-11 06:00,,TD,31.2,-84.6,30.0,996.0,0.0,0.0,0.0,0.0,0.0,0.0,0.0,0.0,0.0,0.0,0.0,0.0,90.0
AL172022,NICOLE,2022-11-11 12:00,,TD,33.2,-84.6,25.0,999.0,0.0,0.0,0.0,0.0,0.0,0.0,0.0,0.0,0.0,0.0,0.0,0.0,250.0
AL172022,NICOLE,2022-11-11 18:00,,LO,35.4,-83.8,25.0,1000.0,0.0,0.0,0.0,0.0,0.0,0.0,0.0,0.0,0.0,0.0,0.0,0.0,400.0
AL182005,RITA,2005-09-18 00:00,,TD,21.3,-69.9,25.0,1009.0,0.0,0.0,0.0,0.0,0.0,0.0,0.0,0.0,0.0,0.0,0.0,0.0,
AL182005,RITA,2005-09-18 06:00,,TD,21.6,-70.7,25.0,1009.0,0.0,0.0,0.0,0.0,0.0,0.0,0.0,0.0,0.0,0.0,0.0,0.0,
AL182005,RITA,2005-09-18 12:00,,TD,21.9,-71.5,30.0,1007.0,0.0,0.0,0.0,0.0,0.0,0.0,0.0,0.0,0.0,0.0,0.0,0.0,
AL182005,RITA,2005-09-18 18:00,,TS,22.2,-72.3,35.0,1005.0,75.0,75.0,0.0,60.0,0.0,0.0,0.0,0.0,0.0,0.0,0.0,0.0,
AL182005,RITA,2005-09-19 00:00,,TS,22.4,-73.0,45.0,1002.0,90.0,60.0,0.0,90.0,0.0,0.0,0.0,0.0,0.0,0.0,0.0,0.0,
AL182005,RITA,2005-09-19 06:00,,TS,22.6,-73.8,50.0,999.0,100.0,50.0,0.0,90.0,40.0,0.0,0.0,40.0,0.0,0.0,0.0,0.0,
AL182005,RITA,2005-09-19 12:00,,TS,22.8,-74.7,55.0,997.0,120.0,50.0,50.0,90.0,40.0,0.0,0.0,40.0,0.0,0.0,0.0,0.0,
AL182005,RITA,2005-09-19 18:00,,TS,23.1,-75.9,60.0,994.0,110.0,60.0,60.0,90.0,40.0,30.0,20.0,40.0,0.0,0.0,0.0,0.0,
AL182005,RITA,2005-09-20 00:00,,TS,23.3,-77.2,60.0,992.0,105.0,60.0,60.0,105.0,45.0,30.0,20.0,45.0,0.0,0.0,0.0,0.0,
AL182005,RITA,2005-09-20 06:00,,TS,23.5,-78.8,60.0,990.0,105.0,60.0,60.0,105.0,45.0,45.0,20.0,45.0,0.0,0.0,0.0,0.0,
AL182005,RITA,2005-09-20 12:00,,HU,23.7,-80.3,70.0,985.0,110.0,75.0,60.0,105.0,45.0,45.0,20.0,45.0,25.0,25.0,0.0,0.0,
AL182005,RITA,2005-09-20 18:00,,HU,23.9,-81.6,85.0,975.0,120.0,100.0,60.0,105.0,60.0,45.0,40.0,45.0,40.0,25.0,20.0,40.0,
AL182005,RITA,2005-09-21 00:00,,HU,24.1,-82.7,95.0,967.0,120.0,100.0,60.0,105.0,60.0,45.0,40.0,45.0,40.0,25.0,20.0,40.0,
AL182005,RITA,2005-09-21 06:00,,HU,24.2,-84.0,110.0,955.0,120.0,100.0,60.0,105.0,60.0,45.0,40.0,60.0,40.0,30.0,25.0,40.0,
AL182005,RITA,2005-09-21 12:00,,HU,24.2,-85.2,120.0,941.0,135.0,115.0,80.0,125.0,75.0,50.0,40.0,60.0,50.0,40.0,30.0,40.0,
AL182005,RITA,2005-09-21 18:00,,HU,24.3,-86.2,145.0,920.0,150.0,125.0,100.0,150.0,90.0,60.0,50.0,75.0,60.0,50.0,40.0,50.0,
AL182005,RITA,2005-09-22 00:00,,HU,24.5,-86.9,150.0,897.0,160.0,140.0,100.0,160.0,90.0,80.0,60.0,90.0,60.0,60.0,40.0,50.0,
AL182005,RITA,2005-09-22 03:00,I,HU,24.7,-87.3,155.0,895.0,-999.0,-999.0,-999.0,-999.0,-999.0,-999.0,-999.0,-999.0,-999.0,-999.0,-999.0,-999.0,
AL182005,RITA,2005-09-22 06:00,,HU,24.8,-87.6,155.0,897.0,160.0,140.0,100.0,160.0,100.0,80.0,60.0,90.0,60.0,60.0,40.0,50.0,
AL182005,RITA,2005-09-22 12:00,,HU,25.2,-88.3,140.0,908.0,160.0,140.0,100.0,160.0,100.0,80.0,60.0,90.0,75.0,75.0,40.0,75.0,
AL182005,RITA,2005-09-22 18:00,,HU,25.6,-89.1,125.0,913.0,180.0,140.0,100.0,140.0,120.0,90.0,50.0,80.0,70.0,60.0,40.0,50.0,
AL182005,RITA,2005-09-23 00:00,,HU,26.0,-89.9,120.0,915.0,180.0,150.0,100.0,140.0,120.0,100.0,50.0,80.0,70.0,60.0,40.0,50.0,
AL182005,RITA,2005-09-23 06:00,,HU,26.5,-90.7,115.0,924.0,180.0,150.0,120.0,140.0,120.0,100.0,80.0,100.0,75.0,60.0,40.0,50.0,
AL182005,RITA,2005-09-23 12:00,,HU,27.1,-91.5,115.0,927.0,180.0,150.0,120.0,160.0,120.0,100.0,80.0,120.0,75.0,60.0,40.0,60.0,
AL182005,RITA,2005-09-23 18:00,,HU,27.8,-92.3,110.0,930.0,180.0,150.0,120.0,160.0,120.0,100.0,80.0,120.0,75.0,60.0,40.0,60.0,
AL182005,RITA,2005-09-24 00:00,,HU,28.6,-93.0,105.0,931.0,180.0,160.0,120.0,120.0,120.0,100.0,80.0,90.0,75.0,60.0,40.0,60.0,
AL182005,RITA,2005-09-24 06:00,,HU,29.4,-93.6,100.0,935.0,180.0,160.0,120.0,120.0,120.0,100.0,80.0,90.0,75.0,60.0,40.0,60.0,
AL182005,RITA,2005-09-24 07:40,L,HU,29.7,-93.7,100.0,937.0,-999.0,-999.0,-999.0,-999.0,-999.0,-999.0,-999.0,-999.0,-999.0,-999.0,-999.0,-999.0,20.0
AL182005,RITA,2005-09-24 12:00,,HU,30.5,-94.1,65.0,949.0,60.0,160.0,120.0,50.0,45.0,45.0,45.0,45.0,30.0,30.0,30.0,30.0,
AL182005,RITA,2005-09-24 18:00,,TS,31.6,-94.1,45.0,974.0,50.0,120.0,120.0,50.0,0.0,0.0,0.0,0.0,0.0,0.0,0.0,0.0,
AL182005,RITA,2005-09-25 00:00,,TS,32.7,-94.0,35.0,982.0,50.0,50.0,30.0,50.0,0.0,0.0,0.0,0.0,0.0,0.0,0.0,0.0,
AL182005,RITA,2005-09-25 06:00,,TD,33.7,-93.6,30.0,989.0,0.0,0.0,0.0,0.0,0.0,0.0,0.0,0.0,0.0,0.0,0.0,0.0,
AL182005,RITA,2005-09-25 12:00,,TD,34.7,-92.5,25.0,995.0,0.0,0.0,0.0,0.0,0.0,0.0,0.0,0.0,0.0,0.0,0.0,0.0,
AL182005,RITA,2005-09-25 18:00,,TD,35.8,-91.4,25.0,1000.0,0.0,0.0,0.0,0.0,0.0,0.0,0.0,0.0,0.0,0.0,0.0,0.0,
AL182005,RITA,2005-09-26 00:00,,TD,37.0,-90.1,20.0,1003.0,0.0,0.0,0.0,0.0,0.0,0.0,0.0,0.0,0.0,0.0,0.0,0.0,
AL182005,RITA,2005-09-26 06:00,,LO,39.5,-88.0,20.0,1006.0,0.0,0.0,0.0,0.0,0.0,0.0,0.0,0.0,0.0,0.0,0.0,0.0,
AL192020,SALLY,2020-09-11 18:00,,TD,25.4,-78.6,30.0,1007.0,0.0,0.0,0.0,0.0,0.0,0.0,0.0,0.0,0.0,0.0,0.0,0.0,
AL192020,SALLY,2020-09-12 00:00,,TD,25.6,-79.4,30.0,1004.0,0.0,0.0,0.0,0.0,0.0,0.0,0.0,0.0,0.0,0.0,0.0,0.0,
AL192020,SALLY,2020-09-12 06:00,L,TD,25.6,-80.2,30.0,1003.0,0.0,0.0,0.0,0.0,0.0,0.0,0.0,0.0,0.0,0.0,0.0,0.0,
AL192020,SALLY,2020-09-12 12:00,,TS,25.5,-80.8,35.0,1003.0,60.0,60.0,0.0,0.0,0.0,0.0,0.0,0.0,0.0,0.0,0.0,0.0,
AL192020,SALLY,2020-09-12 18:00,,TS,25.6,-81.6,35.0,1003.0,0.0,70.0,0.0,0.0,0.0,0.0,0.0,0.0,0.0,0.0,0.0,0.0,
AL192020,SALLY,2020-09-13 00:00,,TS,26.0,-82.5,35.0,1003.0,30.0,80.0,0.0,0.0,0.0,0.0,0.0,0.0,0.0,0.0,0.0,0.0,
AL192020,SALLY,2020-09-13 06:00,,TS,26.7,-83.5,45.0,1001.0,50.0,80.0,0.0,20.0,0.0,0.0,0.0,0.0,0.0,0.0,0.0,0.0,
AL192020,SALLY,2020-09-13 12:00,,TS,27.2,-84.5,50.0,996.0,70.0,90.0,0.0,30.0,30.0,0.0,0.0,0.0,0.0,0.0,0.0,0.0,
AL192020,SALLY,2020-09-13 18:00,,TS,27.6,-85.4,50.0,996.0,80.0,100.0,0.0,50.0,30.0,0.0,0.0,0.0,0.0,0.0,0.0,0.0,
AL192020,SALLY,2020-09-14 00:00,,TS,27.9,-86.0,50.0,996.0,90.0,100.0,0.0,70.0,30.0,0.0,0.0,0.0,0.0,0.0,0.0,0.0,
AL192020,SALLY,2020-09-14 06:00,,TS,28.2,-86.5,55.0,996.0,100.0,110.0,20.0,100.0,40.0,30.0,0.0,30.0,0.0,0.0,0.0,0.0,
AL192020,SALLY,2020-09-14 12:00,,HU,28.4,-86.9,65.0,991.0,110.0,110.0,20.0,100.0,50.0,30.0,0.0,30.0,20.0,0.0,0.0,0.0,
AL192020,SALLY,2020-09-14 18:00,,HU,28.6,-87.3,75.0,986.0,110.0,110.0,30.0,90.0,60.0,30.0,0.0,30.0,30.0,15.0,0.0,15.0,
AL192020,SALLY,2020-09-15 00:00,,HU,28.7,-87.7,75.0,986.0,110.0,110.0,30.0,90.0,70.0,40.0,0.0,30.0,35.0,20.0,0.0,15.0,
AL192020,SALLY,2020-09-15 06:00,,HU,28.8,-88.0,70.0,984.0,110.0,110.0,40.0,90.0,70.0,40.0,0.0,30.0,40.0,25.0,0.0,20.0,
AL192020,SALLY,2020-09-15 12:00,,HU,29.0,-88.1,70.0,982.0,110.0,110.0,50.0,90.0,70.0,40.0,0.0,40.0,40.0,25.0,0.0,25.0,
AL192020,SALLY,2020-09-15 18:00,,HU,29.3,-88.1,70.0,981.0,110.0,110.0,60.0,80.0,70.0,40.0,0.0,40.0,40.0,20.0,0.0,25.0,
AL192020,SALLY,2020-09-16 00:00,,HU,29.6,-88.0,75.0,975.0,110.0,110.0,70.0,80.0,70.0,40.0,30.0,50.0,35.0,20.0,20.0,25.0,
AL192020,SALLY,2020-09-16 06:00,,HU,29.9,-87.9,95.0,967.0,100.0,110.0,80.0,80.0,70.0,40.0,30.0,50.0,35.0,20.0,20.0,25.0,
AL192020,SALLY,2020-09-16 09:45,L,HU,30.3,-87.7,95.0,965.0,90.0,110.0,80.0,70.0,70.0,40.0,30.0,50.0,35.0,20.0,20.0,25.0,15.0
AL192020,SALLY,2020-09-16 12:00,,HU,30.5,-87.6,85.0,967.0,80.0,130.0,80.0,60.0,60.0,40.0,30.0,40.0,30.0,25.0,20.0,20.0,
AL192020,SALLY,2020-09-16 18:00,,TS,31.1,-87.2,60.0,982.0,70.0,150.0,80.0,50.0,40.0,30.0,30.0,20.0,0.0,0.0,0.0,0.0,
AL192020,SALLY,2020-09-17 00:00,,TS,31.6,-86.7,35.0,994.0,60.0,90.0,80.0,0.0,0.0,0.0,0.0,0.0,0.0,0.0,0.0,0.0,
AL192020,SALLY,2020-09-17 06:00,,TD,32.1,-86.1,30.0,1000.0,0.0,0.0,0.0,0.0,0.0,0.0,0.0,0.0,0.0,0.0,0.0,0.0,
AL192020,SALLY,2020-09-17 12:00,,EX,32.6,-85.2,30.0,1003.0,0.0,0.0,0.0,0.0,0.0,0.0,0.0,0.0,0.0,0.0,0.0,0.0,
AL252005,WILMA,2005-10-15 18:00,,TD,17.6,-78.5,25.0,1004.0,0.0,0.0,0.0,0.0,0.0,0.0,0.0,0.0,0.0,0.0,0.0,0.0,
AL252005,WILMA,2005-10-16 00:00,,TD,17.6,-78.8,25.0,1004.0,0.0,0.0,0.0,0.0,0.0,0.0,0.0,0.0,0.0,0.0,0.0,0.0,
AL252005,WILMA,2005-10-16 06:00,,TD,17.5,-79.0,30.0,1003.0,0.0,0.0,0.0,0.0,0.0,0.0,0.0,0.0,0.0,0.0,0.0,0.0,
AL252005,WILMA,2005-10-16 12:00,,TD,17.5,-79.2,30.0,1003.0,0.0,0.0,0.0,0.0,0.0,0.0,0.0,0.0,0.0,0.0,0.0,0.0,
AL252005,WILMA,2005-10-16 18:00,,TD,17.5,-79.4,30.0,1002.0,0.0,0.0,0.0,0.0,0.0,0.0,0.0,0.0,0.0,0.0,0.0,0.0,
AL252005,WILMA,2005-10-17 00:00,,TD,17.4,-79.6,30.0,1001.0,0.0,0.0,0.0,0.0,0.0,0.0,0.0,0.0,0.0,0.0,0.0,0.0,
AL252005,WILMA,2005-10-17 06:00,,TS,16.9,-79.6,35.0,1000.0,0.0,0.0,40.0,0.0,0.0,0.0,0.0,0.0,0.0,0.0,0.0,0.0,
AL252005,WILMA,2005-10-17 12:00,,TS,16.3,-79.7,40.0,999.0,0.0,60.0,40.0,0.0,0.0,0.0,0.0,0.0,0.0,0.0,0.0,0.0,
AL252005,WILMA,2005-10-17 18:00,,TS,16.0,-79.8,45.0,997.0,30.0,60.0,60.0,30.0,0.0,0.0,0.0,0.0,0.0,0.0,0.0,0.0,
AL252005,WILMA,2005-10-18 00:00,,TS,15.8,-79.9,55.0,988.0,60.0,60.0,60.0,60.0,20.0,20.0,20.0,20.0,0.0,0.0,0.0,0.0,
AL252005,WILMA,2005-10-18 06:00,,TS,15.7,-79.9,60.0,982.0,60.0,60.0,50.0,60.0,20.0,20.0,20.0,20.0,0.0,0.0,0.0,0.0,
AL252005,WILMA,2005-10-18 12:00,,HU,16.2,-80.3,65.0,979.0,105.0,75.0,50.0,105.0,30.0,20.0,20.0,30.0,15.0,15.0,0.0,15.0,
AL252005,WILMA,2005-10-18 18:00,,HU,16.6,-81.1,75.0,975.0,120.0,75.0,60.0,120.0,50.0,30.0,30.0,50.0,15.0,15.0,15.0,15.0,
AL252005,WILMA,2005-10-19 00:00,,HU,16.6,-81.8,130.0,946.0,135.0,90.0,90.0,135.0,60.0,30.0,30.0,60.0,15.0,15.0,15.0,15.0,
AL252005,WILMA,2005-10-19 06:00,,HU,17.0,-82.2,150.0,892.0,140.0,90.0,90.0,140.0,60.0,30.0,30.0,60.0,30.0,15.0,15.0,30.0,
AL252005,WILMA,2005-10-19 12:00,,HU,17.3,-82.8,160.0,882.0,170.0,125.0,90.0,140.0,70.0,45.0,45.0,70.0,45.0,20.0,20.0,45.0,
AL252005,WILMA,2005-10-19 18:00,,HU,17.4,-83.4,140.0,892.0,200.0,200.0,100.0,150.0,75.0,60.0,60.0,75.0,50.0,40.0,40.0,50.0,
AL252005,WILMA,2005-10-20 00:00,,HU,17.9,-84.0,135.0,892.0,200.0,200.0,110.0,150.0,75.0,75.0,60.0,75.0,60.0,40.0,40.0,60.0,
AL252005,WILMA,2005-10-20 06:00,,HU,18.1,-84.7,130.0,901.0,200.0,200.0,110.0,150.0,75.0,75.0,60.0,75.0,60.0,40.0,40.0,60.0,
AL252005,WILMA,2005-10-20 12:00,,HU,18.3,-85.2,130.0,910.0,200.0,150.0,110.0,175.0,110.0,85.0,60.0,110.0,75.0,75.0,45.0,75.0,
AL252005,WILMA,2005-10-20 18:00,,HU,18.6,-85.5,130.0,917.0,175.0,150.0,120.0,175.0,110.0,90.0,75.0,110.0,75.0,75.0,60.0,75.0,
AL252005,WILMA,2005-10-21 00:00,,HU,19.1,-85.8,130.0,924.0,175.0,150.0,120.0,175.0,110.0,90.0,75.0,110.0,75.0,75.0,60.0,75.0,
AL252005,WILMA,2005-10-21 06:00,,HU,19.5,-86.1,130.0,930.0,175.0,150.0,120.0,175.0,110.0,90.0,75.0,110.0,75.0,75.0,60.0,75.0,
AL252005,WILMA,2005-10-21 12:00,,HU,20.1,-86.4,125.0,929.0,175.0,175.0,120.0,150.0,100.0,90.0,75.0,100.0,75.0,75.0,60.0,75.0,
AL252005,WILMA,2005-10-21 18:00,,HU,20.3,-86.7,120.0,926.0,175.0,175.0,120.0,150.0,100.0,100.0,75.0,100.0,75.0,75.0,60.0,75.0,
AL252005,WILMA,2005-10-21 21:45,L,HU,20.6,-86.8,130.0,927.0,-999.0,-999.0,-999.0,-999.0,-999.0,-999.0,-999.0,-999.0,-999.0,-999.0,-999.0,-999.0,
AL252005,WILMA,2005-10-22 00:00,,HU,20.6,-86.8,120.0,930.0,175.0,175.0,120.0,150.0,100.0,100.0,75.0,100.0,75.0,75.0,60.0,75.0,
AL252005,WILMA,2005-10-22 03:30,L,HU,20.8,-86.9,115.0,933.0,-999.0,-999.0,-999.0,-999.0,-999.0,-999.0,-999.0,-999.0,-999.0,-999.0,-999.0,-999.0,
AL252005,WILMA,2005-10-22 06:00,,HU,20.8,-87.0,110.0,935.0,175.0,175.0,120.0,150.0,100.0,100.0,75.0,100.0,75.0,75.0,60.0,75.0,
AL252005,WILMA,2005-10-22 12:00,,HU,21.0,-87.1,100.0,947.0,175.0,175.0,120.0,150.0,100.0,100.0,75.0,100.0,75.0,75.0,60.0,75.0,
AL252005,WILMA,2005-10-22 18:00,,HU,21.3,-87.1,85.0,958.0,175.0,175.0,120.0,150.0,100.0,100.0,75.0,100.0,75.0,75.0,50.0,75.0,
AL252005,WILMA,2005-10-23 00:00,,HU,21.6,-87.0,85.0,960.0,175.0,175.0,120.0,150.0,100.0,100.0,75.0,90.0,60.0,60.0,50.0,60.0,
AL252005,WILMA,2005-10-23 06:00,,HU,21.8,-86.8,85.0,962.0,175.0,175.0,125.0,175.0,100.0,100.0,75.0,90.0,60.0,60.0,40.0,40.0,
AL252005,WILMA,2005-10-23 12:00,,HU,22.4,-86.1,85.0,961.0,200.0,200.0,125.0,175.0,100.0,100.0,75.0,90.0,60.0,60.0,40.0,40.0,
AL252005,WILMA,2005-10-23 18:00,,HU,23.1,-85.4,90.0,963.0,200.0,200.0,150.0,150.0,125.0,125.0,90.0,90.0,65.0,75.0,50.0,50.0,
AL252005,WILMA,2005-10-24 00:00,,HU,24.0,-84.3,95.0,958.0,200.0,200.0,150.0,150.0,125.0,125.0,90.0,90.0,65.0,75.0,50.0,50.0,
AL252005,WILMA,2005-10-24 06:00,,HU,25.0,-83.1,110.0,953.0,200.0,200.0,175.0,150.0,125.0,125.0,100.0,90.0,75.0,80.0,75.0,50.0,
AL252005,WILMA,2005-10-24 10:30,L,HU,25.9,-81.7,105.0,950.0,-999.0,-999.0,-999.0,-999.0,-999.0,-999.0,-999.0,-999.0,-999.0,-999.0,-999.0,-999.0,25.0
AL252005,WILMA,2005-10-24 12:00,,HU,26.2,-81.0,95.0,950.0,200.0,225.0,200.0,150.0,125.0,150.0,100.0,90.0,75.0,90.0,75.0,40.0,
AL252005,WILMA,2005-10-24 18:00,,HU,28.0,-78.8,105.0,955.0,200.0,225.0,200.0,150.0,125.0,150.0,100.0,90.0,75.0,90.0,75.0,40.0,
AL252005,WILMA,2005-10-25 00:00,,HU,30.1,-76.0,110.0,955.0,200.0,225.0,250.0,150.0,125.0,150.0,100.0,90.0,75.0,90.0,75.0,40.0,
AL252005,WILMA,2005-10-25 06:00,,HU,33.3,-72.0,100.0,963.0,200.0,275.0,375.0,150.0,125.0,150.0,100.0,75.0,75.0,90.0,60.0,40.0,
AL252005,WILMA,2005-10-25 12:00,,HU,36.8,-67.9,90.0,970.0,200.0,300.0,375.0,175.0,125.0,150.0,100.0,75.0,75.0,90.0,60.0,40.0,
AL252005,WILMA,2005-10-25 18:00,,HU,40.5,-63.5,75.0,976.0,200.0,300.0,375.0,175.0,125.0,150.0,100.0,75.0,60.0,75.0,45.0,45.0,
AL252005,WILMA,2005-10-26 00:00,,EX,42.5,-60.0,60.0,978.0,200.0,300.0,375.0,175.0,125.0,150.0,100.0,75.0,0.0,0.0,0.0,0.0,
AL252005,WILMA,2005-10-26 06:00,,EX,44.0,-57.5,55.0,982.0,200.0,300.0,375.0,175.0,125.0,150.0,100.0,75.0,0.0,0.0,0.0,0.0,
AL252005,WILMA,2005-10-26 12:00,,EX,45.0,-55.0,50.0,986.0,200.0,300.0,375.0,175.0,125.0,150.0,100.0,75.0,0.0,0.0,0.0,0.0,
AL252005,WILMA,2005-10-26 18:00,,EX,45.5,-52.0,40.0,990.0,200.0,300.0,375.0,175.0,0.0,0.0,0.0,0.0,0.0,0.0,0.0,0.0,
