storm_key,station,expected_min,rows,frac_mean_valid,frac_gust_pair_valid,rows_field_shift_recovered,rows_flagged_bad,longest_gap_min,gap_after_strong_wind,max_mean_kt,time_max_mean,max_gust_kt,time_max_gust,min_dist_km,min_pres_inhg,n_pairs_ge10kt,n_pairs_ge34kt
AL032004_CHARLEY,MCO,2520,2450,0.735,0.734,0,0,594.0,False,69.0,2004-08-14 01:05,91.0,2004-08-14 01:05,14.7,28.944,456,110
AL032004_CHARLEY,EYW,2520,2520,1.0,1.0,0,0,0.0,False,42.0,2004-08-13 14:12,50.0,2004-08-13 12:40,106.8,29.792,1377,125
AL032004_CHARLEY,DJT,2520,2520,1.0,1.0,0,0,0.0,False,27.0,2004-08-13 06:30,34.0,2004-08-13 06:14,194.2,29.897,1016,0
AL032004_CHARLEY,FMY,2520,1306,0.518,0.518,0,0,1214.0,False,26.0,2004-08-13 06:25,33.0,2004-08-13 06:25,144.4,29.882,380,0
AL032004_CHARLEY,MIA,2520,2217,0.877,0.876,0,0,250.0,False,26.0,2004-08-13 17:10,34.0,2004-08-13 17:10,207.5,29.902,863,0
AL032004_CHARLEY,VRB,2520,2520,1.0,1.0,0,0,0.0,False,23.0,2004-08-13 20:27,30.0,2004-08-14 01:15,126.1,29.836,983,0
AL032004_CHARLEY,JAX,2520,2505,0.801,0.745,0,0,62.0,False,21.0,2004-08-14 01:56,29.0,2004-08-14 01:56,95.6,29.789,352,0
AL032004_CHARLEY,TPA,2520,748,0.259,0.186,0,5,701.0,False,19.0,2004-08-13 21:56,25.0,2004-08-13 21:56,84.1,,69,0
AL032004_CHARLEY,PNS,2520,2520,1.0,1.0,0,0,0.0,False,18.0,2004-08-12 19:51,19.0,2004-08-12 19:50,596.8,29.693,485,0
AL032004_CHARLEY,DAB,2520,1778,0.527,0.526,0,0,1193.0,False,16.0,2004-08-12 18:50,20.0,2004-08-12 19:01,46.4,29.643,159,0
AL032004_CHARLEY,GNV,2520,62,0.012,0.006,0,0,2427.0,False,15.0,2004-08-12 18:56,20.0,2004-08-12 18:56,989.4,29.686,6,0
AL032004_CHARLEY,TLH,2520,2517,0.998,0.998,0,0,4.0,False,12.0,2004-08-13 01:36,15.0,2004-08-13 01:36,334.1,29.743,16,0
AL042005_DENNIS,DAB,3600,997,0.22,0.219,0,0,995.0,True,79.0,2005-07-09 06:51,59.0,2005-07-08 22:22,510.8,29.91,99,0
AL042005_DENNIS,PNS,3600,3124,0.868,0.868,0,0,476.0,False,66.0,2005-07-10 19:47,81.0,2005-07-10 19:52,3.8,28.104,1322,76
AL042005_DENNIS,EYW,3600,3600,1.0,1.0,0,0,0.0,False,53.0,2005-07-09 10:17,64.0,2005-07-09 08:59,142.2,29.558,3395,1185
AL042005_DENNIS,OPF,3600,3584,0.995,0.995,0,0,17.0,False,44.0,2005-07-09 03:15,58.0,2005-07-09 03:14,353.2,29.749,3086,9
AL042005_DENNIS,TMB,3600,3600,1.0,1.0,0,0,0.0,False,39.0,2005-07-09 02:38,56.0,2005-07-09 01:11,322.1,29.79,2584,4
AL042005_DENNIS,APF,3600,3596,0.998,0.997,0,0,8.0,False,38.0,2005-07-09 17:58,47.0,2005-07-09 17:57,256.2,29.73,2963,2
AL042005_DENNIS,HWO,3600,3600,1.0,1.0,0,0,0.0,False,38.0,2005-07-08 21:43,50.0,2005-07-09 07:47,362.9,29.826,2965,4
AL042005_DENNIS,PIE,3600,3600,1.0,1.0,0,0,0.0,False,38.0,2005-07-09 10:44,50.0,2005-07-09 21:18,301.4,29.742,2602,2
AL042005_DENNIS,CEW,3600,3599,1.0,0.999,0,0,1.0,False,37.0,2005-07-10 20:24,50.0,2005-07-10 18:04,68.2,29.036,1460,5
AL042005_DENNIS,SPG,3600,3599,1.0,0.999,0,0,1.0,False,37.0,2005-07-09 10:31,45.0,2005-07-10 03:36,297.9,29.733,3158,26
AL042005_DENNIS,AAF,3600,3332,0.86,0.855,0,0,435.0,False,36.0,2005-07-10 20:53,46.0,2005-07-10 11:24,164.9,29.522,1781,17
AL042005_DENNIS,MIA,3600,3600,0.969,0.969,0,0,110.0,False,36.0,2005-07-08 21:38,44.0,2005-07-08 22:21,341.7,29.786,2746,4
AL042005_DENNIS,FLL,3600,3600,1.0,1.0,0,0,0.0,False,35.0,2005-07-10 03:38,43.0,2005-07-10 03:38,374.6,29.702,3041,2
AL042005_DENNIS,PGD,3600,3583,0.994,0.992,0,0,14.0,False,35.0,2005-07-08 20:38,44.0,2005-07-08 20:37,291.5,29.748,2669,1
AL042005_DENNIS,PMP,3600,3600,1.0,1.0,0,0,0.0,False,34.0,2005-07-09 10:08,43.0,2005-07-09 10:25,390.8,29.815,3103,2
AL042005_DENNIS,SFB,3600,3600,1.0,1.0,0,0,0.0,False,34.0,2005-07-10 00:37,42.0,2005-07-10 00:35,472.4,29.833,2466,1
AL042005_DENNIS,DJT,3600,3588,0.995,0.994,0,0,16.0,False,33.0,2005-07-09 11:01,38.0,2005-07-09 11:00,423.7,29.855,3341,0
AL042005_DENNIS,MTH,3600,3600,1.0,1.0,0,0,0.0,False,33.0,2005-07-09 07:50,47.0,2005-07-09 08:07,207.7,29.702,2758,0
AL042005_DENNIS,TLH,3600,3599,0.915,0.914,0,0,299.0,False,33.0,2005-07-10 15:00,44.0,2005-07-10 15:36,249.2,29.615,1887,0
AL042005_DENNIS,VRB,3600,3595,0.999,0.998,0,0,5.0,False,33.0,2005-07-09 22:44,41.0,2005-07-09 22:43,464.8,29.836,2926,0
AL042005_DENNIS,DTS,3600,2441,0.677,0.677,0,0,1159.0,False,32.0,2005-07-09 16:47,39.0,2005-07-09 16:47,244.2,29.664,797,0
AL042005_DENNIS,FXE,3600,3533,0.981,0.98,0,0,70.0,False,32.0,2005-07-09 10:08,44.0,2005-07-09 10:09,383.0,29.819,3036,0
AL042005_DENNIS,GNV,3600,3600,1.0,1.0,0,0,0.0,False,31.0,2005-07-10 02:07,37.0,2005-07-10 02:07,412.8,29.728,1523,0
AL042005_DENNIS,FMY,3600,3600,1.0,1.0,0,0,0.0,False,30.0,2005-07-09 20:00,40.0,2005-07-09 15:22,279.0,29.739,2543,0
AL042005_DENNIS,FPR,3600,3600,1.0,1.0,0,0,0.0,False,29.0,2005-07-09 22:30,35.0,2005-07-09 22:27,457.5,29.825,2925,0
AL042005_DENNIS,MAI,3600,3588,0.995,0.991,0,0,5.0,False,29.0,2005-07-10 15:06,41.0,2005-07-10 15:25,189.2,29.454,1568,0
AL042005_DENNIS,RSW,3600,3600,1.0,1.0,0,0,0.0,False,29.0,2005-07-09 19:28,37.0,2005-07-08 19:54,284.0,29.722,2851,0
AL042005_DENNIS,MCO,3600,3597,0.999,0.998,0,0,4.0,False,28.0,2005-07-09 23:46,32.0,2005-07-09 23:44,446.7,29.762,2740,0
AL042005_DENNIS,SRQ,3600,2904,0.791,0.789,0,0,646.0,False,28.0,2005-07-10 19:37,36.0,2005-07-09 10:02,280.4,29.653,2038,0
AL042005_DENNIS,LEE,3600,3456,0.96,0.959,0,0,144.0,False,27.0,2005-07-09 23:41,35.0,2005-07-09 23:40,427.5,29.785,1896,0
AL042005_DENNIS,ORL,3600,3584,0.995,0.995,0,0,17.0,False,27.0,2005-07-10 00:25,32.0,2005-07-10 00:25,451.4,29.746,2579,0
AL042005_DENNIS,TPA,3600,3600,1.0,1.0,0,0,0.0,False,27.0,2005-07-09 17:18,37.0,2005-07-09 17:17,316.7,29.747,2089,0
AL042005_DENNIS,GIF,3600,3600,1.0,1.0,0,0,0.0,False,26.0,2005-07-09 23:16,35.0,2005-07-09 23:14,387.7,29.674,2349,0
AL042005_DENNIS,MLB,3600,3600,1.0,1.0,0,0,0.0,False,26.0,2005-07-09 23:29,31.0,2005-07-10 00:15,477.0,29.82,3217,0
AL042005_DENNIS,JAX,3600,3592,0.996,0.992,0,1,8.0,False,25.0,2005-07-10 04:35,29.0,2005-07-10 04:33,494.6,29.907,2292,0
AL042005_DENNIS,BKV,3600,3504,0.973,0.972,0,0,89.0,False,24.0,2005-07-09 19:01,37.0,2005-07-10 16:16,353.7,29.73,1875,0
AL042005_DENNIS,CRG,3600,3476,0.631,0.631,0,0,1189.0,False,23.0,2005-07-10 17:19,31.0,2005-07-10 17:16,504.9,29.896,2012,0
AL042024_DEBBY,SRQ,2880,2741,0.461,0.46,0,0,1423.0,False,40.0,2024-08-05 05:29,56.0,2024-08-05 05:28,167.1,29.664,1292,9
AL042024_DEBBY,SPG,2880,1245,0.432,0.432,0,0,1622.0,False,39.0,2024-08-04 23:59,54.0,2024-08-05 00:07,152.9,29.595,1243,95
AL042024_DEBBY,NIP,2880,2818,0.977,0.977,0,0,65.0,False,35.0,2024-08-05 12:45,50.0,2024-08-05 12:44,86.9,29.529,2263,3
AL042024_DEBBY,NQX,2880,2744,0.951,0.951,0,0,140.0,False,34.0,2024-08-04 08:14,48.0,2024-08-04 17:56,218.3,29.795,2328,2
AL042024_DEBBY,NRB,2880,2758,0.957,0.956,0,0,125.0,False,34.0,2024-08-05 15:21,52.0,2024-08-05 15:34,93.1,29.594,2194,1
AL042024_DEBBY,ORL,2880,2761,0.959,0.958,0,0,119.0,False,34.0,2024-08-04 16:20,45.0,2024-08-04 16:19,246.5,29.676,2369,1
AL042024_DEBBY,PIE,2880,2751,0.95,0.949,0,0,130.0,False,34.0,2024-08-04 20:23,46.0,2024-08-04 20:11,144.1,29.644,2568,1
AL042024_DEBBY,GNV,2880,2766,0.958,0.957,0,0,115.0,False,33.0,2024-08-05 09:02,46.0,2024-08-04 18:12,102.2,29.475,1990,0
AL042024_DEBBY,APF,2880,2764,0.96,0.959,0,0,116.0,False,32.0,2024-08-04 10:40,43.0,2024-08-04 10:38,234.8,29.759,2648,0
AL042024_DEBBY,EYW,2880,2747,0.954,0.953,0,0,133.0,False,32.0,2024-08-04 06:23,45.0,2024-08-04 09:30,211.8,29.8,2198,0
AL042024_DEBBY,JAX,2880,2695,0.885,0.883,0,0,147.0,False,32.0,2024-08-05 12:49,50.0,2024-08-05 13:36,66.6,29.506,1690,0
AL042024_DEBBY,CRG,2880,2764,0.958,0.957,0,0,117.0,False,31.0,2024-08-05 15:31,45.0,2024-08-05 15:17,90.6,29.542,1672,0
AL042024_DEBBY,DJT,2880,2226,0.772,0.771,0,0,544.0,False,30.0,2024-08-04 16:44,39.0,2024-08-04 16:29,417.3,29.903,1514,0
AL042024_DEBBY,MCO,2880,2757,0.951,0.95,0,0,124.0,False,30.0,2024-08-04 16:13,44.0,2024-08-04 16:11,255.2,29.723,2453,0
AL042024_DEBBY,PGD,2880,2752,0.956,0.955,0,0,128.0,False,30.0,2024-08-04 22:56,42.0,2024-08-05 16:36,228.9,29.775,2585,0
AL042024_DEBBY,BKV,2880,2768,0.961,0.96,0,0,113.0,False,29.0,2024-08-05 11:01,45.0,2024-08-05 11:00,152.7,29.557,2100,0
AL042024_DEBBY,LEE,2880,2765,0.958,0.958,0,0,116.0,False,29.0,2024-08-05 10:33,47.0,2024-08-05 10:33,190.9,29.666,2272,0
AL042024_DEBBY,FPR,2880,2745,0.949,0.948,0,0,135.0,False,28.0,2024-08-04 22:33,43.0,2024-08-04 22:32,376.1,29.841,1665,0
AL042024_DEBBY,OPF,2880,2760,0.955,0.954,0,0,124.0,False,26.0,2024-08-04 14:39,36.0,2024-08-04 15:51,367.3,29.877,2003,0
AL042024_DEBBY,TLH,2880,2708,0.938,0.937,0,0,132.0,False,26.0,2024-08-04 21:43,42.0,2024-08-05 13:36,106.7,29.545,1975,0
AL042024_DEBBY,FLL,2880,2746,0.952,0.951,0,0,134.0,False,25.0,2024-08-04 16:28,33.0,2024-08-04 16:27,384.2,29.755,1799,0
AL042024_DEBBY,MAI,2880,2767,0.96,0.96,0,0,114.0,False,25.0,2024-08-05 17:46,34.0,2024-08-05 17:53,200.3,29.667,1664,0
AL042024_DEBBY,VRB,2880,2760,0.955,0.954,0,0,120.0,False,25.0,2024-08-04 15:51,39.0,2024-08-04 22:44,368.4,29.871,2327,0
AL042024_DEBBY,AAF,2880,2759,0.955,0.953,0,0,120.0,False,24.0,2024-08-05 19:49,38.0,2024-08-05 17:43,129.5,29.631,1749,0
AL042024_DEBBY,FXE,2880,2761,0.959,0.958,0,0,119.0,False,24.0,2024-08-04 15:03,34.0,2024-08-04 16:10,387.7,29.869,1710,0
AL042024_DEBBY,GIF,2880,2767,0.957,0.955,0,0,113.0,False,24.0,2024-08-05 12:05,36.0,2024-08-05 06:14,230.1,29.635,2407,0
AL042024_DEBBY,HWO,2880,2662,0.906,0.903,0,0,218.0,False,24.0,2024-08-04 15:16,35.0,2024-08-04 16:44,374.0,29.884,1771,0
AL042024_DEBBY,MLB,2880,2768,0.961,0.96,0,0,112.0,False,24.0,2024-08-04 20:19,37.0,2024-08-04 20:18,329.6,29.758,2347,0
AL042024_DEBBY,MTH,2880,2097,0.728,0.726,0,0,782.0,False,24.0,2024-08-04 18:58,42.0,2024-08-04 18:54,279.0,29.832,1017,0
AL042024_DEBBY,RSW,2880,2769,0.388,0.387,0,0,1764.0,False,24.0,2024-08-04 12:58,35.0,2024-08-04 17:46,250.9,29.758,1107,0
AL042024_DEBBY,SFB,2880,2721,0.94,0.939,0,0,118.0,False,24.0,2024-08-05 17:54,37.0,2024-08-05 17:52,241.7,29.753,2207,0
AL042024_DEBBY,FMY,2880,167,0.058,0.058,0,0,2713.0,False,23.0,2024-08-06 05:55,33.0,2024-08-06 05:55,498.8,29.897,60,0
AL042024_DEBBY,ECP,2880,2752,0.949,0.95,0,4,125.0,False,22.0,2024-08-05 18:32,35.0,2024-08-04 23:42,228.3,29.681,1674,0
AL042024_DEBBY,DAB,2880,2588,0.893,0.891,0,0,176.0,False,21.0,2024-08-05 19:57,35.0,2024-08-05 14:06,216.2,29.71,1280,0
AL042024_DEBBY,TMB,2880,2749,0.949,0.948,0,0,131.0,False,21.0,2024-08-04 20:46,30.0,2024-08-04 16:30,345.7,29.864,1281,0
AL042024_DEBBY,DTS,2880,2759,0.954,0.952,0,0,124.0,False,19.0,2024-08-05 01:00,32.0,2024-08-05 00:59,286.5,29.771,1114,0
AL042024_DEBBY,MIA,2880,808,0.281,0.28,0,0,2072.0,False,18.0,2024-08-05 18:42,25.0,2024-08-05 18:41,568.9,29.935,440,0
AL042024_DEBBY,PMP,2880,1613,0.56,0.56,0,0,1267.0,False,17.0,2024-08-05 19:58,24.0,2024-08-05 14:31,471.4,29.915,836,0
AL042024_DEBBY,PNS,2880,2753,0.954,0.953,0,0,127.0,False,17.0,2024-08-04 21:52,23.0,2024-08-05 18:20,352.2,29.753,509,0
AL042024_DEBBY,CEW,2880,2824,0.845,0.81,0,0,36.0,False,15.0,2024-08-05 21:02,21.0,2024-08-05 21:01,311.7,29.672,119,0
AL042024_DEBBY,NFJ,2880,2777,0.963,0.962,0,0,107.0,False,15.0,2024-08-05 16:01,22.0,2024-08-05 19:38,334.1,29.717,348,0
AL042024_DEBBY,NEN,2880,1256,0.0,0.0,0,0,2880.0,False,,,,,277.1,29.827,0,0
AL062004_FRANCES,DAB,5400,2971,0.549,0.549,0,0,2064.0,True,51.0,2004-09-05 14:52,61.0,2004-09-05 13:35,174.7,29.483,2919,243
AL062004_FRANCES,MCO,5400,4935,0.731,0.721,0,2,1142.0,False,47.0,2004-09-05 13:48,60.0,2004-09-05 13:47,79.6,28.967,3797,440
AL062004_FRANCES,GNV,5400,2435,0.287,0.213,0,6,1454.0,False,41.0,2004-09-05 22:00,56.0,2004-09-05 22:00,146.8,29.199,1029,11
AL062004_FRANCES,JAX,5400,4494,0.647,0.587,0,7,853.0,False,37.0,2004-09-06 03:23,47.0,2004-09-06 03:22,228.0,29.533,2784,7
AL062004_FRANCES,TLH,5400,5076,0.936,0.934,0,1,231.0,False,36.0,2004-09-05 20:38,45.0,2004-09-05 20:37,12.9,28.994,3321,2
AL062004_FRANCES,TPA,5400,2689,0.311,0.198,0,4,527.0,False,36.0,2004-09-05 19:06,44.0,2004-09-05 17:29,25.0,28.9,918,5
AL062004_FRANCES,FMY,5400,5269,0.976,0.975,0,0,94.0,False,32.0,2004-09-05 18:59,42.0,2004-09-05 19:03,129.8,29.283,4066,0
AL062004_FRANCES,EYW,5400,5335,0.987,0.987,0,0,69.0,False,31.0,2004-09-05 16:40,38.0,2004-09-06 03:29,332.0,29.584,4533,0
AL062004_FRANCES,MIA,5400,5031,0.93,0.93,0,0,264.0,False,31.0,2004-09-04 20:29,44.0,2004-09-04 20:28,154.4,29.328,4016,0
AL062004_FRANCES,DJT,5400,2749,0.499,0.498,0,0,2578.0,False,29.0,2004-09-06 20:09,41.0,2004-09-04 04:46,208.3,29.556,1824,0
AL062004_FRANCES,VRB,5400,1914,0.327,0.326,0,0,3561.0,False,26.0,2004-09-04 04:54,33.0,2004-09-04 04:54,266.7,29.635,1432,0
AL062004_FRANCES,PNS,5400,5235,0.969,0.969,0,0,165.0,False,22.0,2004-09-06 18:53,28.0,2004-09-06 18:52,237.4,29.395,2505,0
AL092004_IVAN,PNS,4320,3569,0.746,0.746,0,0,1092.0,False,67.0,2004-09-16 06:03,87.0,2004-09-16 06:02,63.2,28.526,1648,506
AL092004_IVAN,EYW,4320,4320,1.0,1.0,0,0,0.0,False,36.0,2004-09-14 09:03,46.0,2004-09-14 09:02,459.2,29.76,3266,1
AL092004_IVAN,TLH,4320,4320,0.996,0.994,0,0,19.0,False,29.0,2004-09-16 06:46,41.0,2004-09-16 16:01,333.1,29.644,3269,0
AL092004_IVAN,MIA,4320,4166,0.886,0.869,0,0,63.0,False,28.0,2004-09-15 12:55,36.0,2004-09-15 12:54,653.1,29.846,2649,0
AL092004_IVAN,VRB,4320,4320,1.0,1.0,0,0,0.0,False,22.0,2004-09-15 18:25,26.0,2004-09-15 18:25,730.1,29.872,3361,0
AL092004_IVAN,DJT,4320,4220,0.975,0.974,0,0,102.0,False,20.0,2004-09-15 03:23,24.0,2004-09-15 12:45,721.9,29.893,3640,0
AL092004_IVAN,MCO,4320,4237,0.969,0.966,0,0,25.0,False,19.0,2004-09-15 18:55,25.0,2004-09-15 18:55,662.9,29.787,2545,0
AL092004_IVAN,FMY,4320,4320,1.0,1.0,0,0,0.0,False,18.0,2004-09-14 15:51,23.0,2004-09-14 15:51,555.9,29.816,2349,0
AL092004_IVAN,JAX,4320,3860,0.725,0.666,0,2,330.0,False,17.0,2004-09-15 16:56,37.0,2004-09-17 00:34,578.1,29.823,1219,0
AL092004_IVAN,DAB,4320,4320,1.0,1.0,0,0,0.0,False,16.0,2004-09-15 00:08,22.0,2004-09-15 16:17,667.7,29.867,985,0
AL092004_IVAN,GNV,4320,2757,0.596,0.568,0,4,595.0,False,16.0,2004-09-15 18:32,20.0,2004-09-16 07:13,543.4,29.734,1034,0
AL092004_IVAN,TPA,4320,2214,0.397,0.347,0,0,1376.0,False,13.0,2004-09-15 01:58,21.0,2004-09-15 03:31,544.5,29.8,555,0
AL092016_HERMINE,SRQ,3240,3240,0.997,0.996,0,0,5.0,False,36.0,2016-09-02 12:09,47.0,2016-09-01 22:54,278.9,29.698,2237,3
AL092016_HERMINE,SPG,3240,3240,0.985,0.984,0,0,47.0,False,35.0,2016-09-02 08:18,54.0,2016-09-01 22:10,252.7,29.693,2395,1
AL092016_HERMINE,MCO,3240,3232,0.998,0.997,0,0,8.0,False,34.0,2016-08-31 21:02,42.0,2016-08-31 20:59,327.1,29.729,1479,1
AL092016_HERMINE,NIP,3240,2548,0.784,0.783,0,0,641.0,False,34.0,2016-09-02 08:46,45.0,2016-09-02 08:45,168.0,29.614,1439,4
AL092016_HERMINE,AAF,3240,2521,0.623,0.62,0,0,719.0,False,33.0,2016-09-02 01:22,46.0,2016-09-02 01:22,58.4,29.353,1249,0
AL092016_HERMINE,BKV,3240,2517,0.768,0.765,0,0,723.0,False,33.0,2016-09-02 08:15,46.0,2016-09-02 08:15,227.7,29.646,1227,0
AL092016_HERMINE,NRB,3240,3185,0.98,0.979,0,0,59.0,False,33.0,2016-09-02 14:26,44.0,2016-09-02 12:02,167.9,29.659,1618,0
AL092016_HERMINE,PIE,3240,3182,0.977,0.977,0,0,71.0,False,32.0,2016-09-01 22:05,41.0,2016-09-01 22:05,239.4,29.731,2098,0
AL092016_HERMINE,JAX,3240,3188,0.984,0.983,0,0,52.0,False,31.0,2016-09-02 15:36,44.0,2016-09-02 15:34,143.8,29.597,1044,0
AL092016_HERMINE,MLB,3240,3181,0.965,0.964,0,0,59.0,False,31.0,2016-09-02 14:59,42.0,2016-09-02 14:58,401.6,29.795,1585,0
AL092016_HERMINE,TPA,3240,3189,0.984,0.983,0,0,52.0,False,31.0,2016-09-02 08:30,40.0,2016-09-01 23:25,249.0,29.738,1576,0
AL092016_HERMINE,CRG,3240,3215,0.992,0.991,0,0,27.0,False,30.0,2016-09-02 13:21,40.0,2016-09-02 12:20,167.8,29.616,1157,0
AL092016_HERMINE,ORL,3240,3189,0.984,0.984,0,0,51.0,False,30.0,2016-09-02 12:35,36.0,2016-09-02 12:35,318.6,29.681,1475,0
AL092016_HERMINE,PGD,3240,3181,0.979,0.978,0,0,59.0,False,30.0,2016-09-02 00:34,38.0,2016-09-02 00:34,354.6,29.827,1853,0
AL092016_HERMINE,GNV,3240,3206,0.988,0.987,0,0,35.0,False,28.0,2016-09-02 05:55,44.0,2016-09-02 07:38,173.6,29.485,1201,0
AL092016_HERMINE,RSW,3240,3240,0.983,0.983,0,0,54.0,False,28.0,2016-08-31 20:06,37.0,2016-08-31 20:05,396.1,29.816,2002,0
AL092016_HERMINE,VRB,3240,3190,0.985,0.984,0,0,50.0,False,28.0,2016-09-01 19:51,44.0,2016-08-31 21:14,446.2,29.847,1430,0
AL092016_HERMINE,LEE,3240,3178,0.981,0.98,0,0,62.0,False,27.0,2016-09-02 09:01,38.0,2016-09-02 09:03,263.0,29.702,1503,0
AL092016_HERMINE,MIA,3240,3240,1.0,1.0,0,0,0.0,False,27.0,2016-09-01 02:45,39.0,2016-09-01 02:45,562.3,29.877,1486,0
AL092016_HERMINE,GIF,3240,3239,0.977,0.971,0,0,8.0,False,26.0,2016-09-02 11:38,36.0,2016-09-02 11:38,310.1,29.673,590,0
AL092016_HERMINE,TLH,3240,3240,0.715,0.712,0,2,372.0,False,26.0,2016-09-02 03:25,38.0,2016-09-02 03:24,35.1,29.138,732,0
AL092016_HERMINE,DAB,3240,3240,0.998,0.998,0,0,5.0,False,25.0,2016-09-02 17:25,33.0,2016-09-02 10:34,294.9,29.736,989,0
AL092016_HERMINE,APF,3240,2526,0.78,0.779,0,0,714.0,False,24.0,2016-09-01 23:47,37.0,2016-09-01 23:46,416.6,29.842,2009,0
AL092016_HERMINE,FMY,3240,3240,1.0,1.0,0,0,0.0,False,24.0,2016-09-02 00:14,38.0,2016-09-02 00:14,384.5,29.806,1575,0
AL092016_HERMINE,OPF,3240,3174,0.98,0.979,0,0,48.0,False,24.0,2016-09-01 02:29,29.0,2016-09-01 02:28,558.1,29.898,2133,0
AL092016_HERMINE,PMP,3240,3240,1.0,1.0,0,0,0.0,False,23.0,2016-09-01 03:09,29.0,2016-09-01 03:08,553.2,29.88,1959,0
AL092016_HERMINE,SFB,3240,3240,0.995,0.994,0,0,17.0,False,23.0,2016-09-02 17:00,32.0,2016-09-02 16:59,313.1,29.747,1401,0
AL092016_HERMINE,DJT,3240,3240,0.988,0.987,0,0,15.0,False,22.0,2016-09-01 19:47,28.0,2016-09-01 19:47,528.9,29.881,1870,0
AL092016_HERMINE,EYW,3240,3082,0.934,0.932,0,0,191.0,False,22.0,2016-09-02 04:51,27.0,2016-09-02 05:00,515.0,29.844,2884,0
AL092016_HERMINE,FLL,3240,3240,1.0,1.0,0,0,0.0,False,22.0,2016-09-01 02:53,29.0,2016-09-01 02:53,558.6,29.774,1813,0
AL092016_HERMINE,FPR,3240,3185,0.983,0.982,0,0,55.0,False,22.0,2016-09-01 19:34,28.0,2016-08-31 21:50,458.7,29.83,934,0
AL092016_HERMINE,NEN,3240,3171,0.977,0.977,0,0,73.0,False,22.0,2016-09-02 07:16,34.0,2016-09-02 08:47,146.2,29.531,922,0
AL092016_HERMINE,MAI,3240,2639,0.815,0.814,0,0,601.0,False,21.0,2016-09-02 05:19,28.0,2016-09-02 03:31,128.0,29.471,1071,0
AL092016_HERMINE,NQX,3240,1447,0.444,0.444,0,0,1114.0,False,21.0,2016-09-01 11:18,27.0,2016-09-01 14:41,519.7,29.866,1432,0
AL092016_HERMINE,FXE,3240,3186,0.983,0.983,0,0,54.0,False,20.0,2016-09-01 03:05,29.0,2016-09-01 03:05,550.9,29.888,1260,0
AL092016_HERMINE,ECP,3240,3188,0.977,0.976,0,0,56.0,False,18.0,2016-09-02 01:31,23.0,2016-09-02 01:31,156.8,29.542,1170,0
AL092016_HERMINE,TMB,3240,3188,0.984,0.983,0,0,52.0,False,17.0,2016-09-01 01:50,24.0,2016-09-01 01:50,560.7,29.885,917,0
AL092016_HERMINE,MTH,3240,3240,1.0,1.0,0,0,0.0,False,16.0,2016-08-31 22:01,23.0,2016-08-31 22:01,563.9,29.867,976,0
AL092016_HERMINE,NDZ,3240,3171,0.977,0.977,0,0,73.0,False,16.0,2016-08-31 15:58,20.0,2016-08-31 15:57,278.7,29.519,778,0
AL092016_HERMINE,DTS,3240,3240,1.0,1.0,0,0,0.0,False,15.0,2016-09-01 20:39,20.0,2016-09-01 18:56,215.5,29.675,913,0
AL092016_HERMINE,1J0,3240,2526,0.774,0.773,0,0,717.0,False,14.0,2016-09-01 21:29,21.0,2016-09-01 21:29,164.8,29.54,388,0
AL092016_HERMINE,CEW,3240,3182,0.981,0.98,0,0,58.0,False,14.0,2016-08-31 18:11,19.0,2016-09-01 18:25,240.1,29.542,240,0
AL092016_HERMINE,NSE,3240,3185,0.981,0.98,0,0,59.0,False,14.0,2016-08-31 15:49,20.0,2016-08-31 18:30,279.6,29.548,311,0
AL092016_HERMINE,PNS,3240,3181,0.979,0.978,0,0,59.0,False,12.0,2016-08-31 17:06,19.0,2016-09-01 19:10,280.9,29.633,123,0
AL092016_HERMINE,HWO,3240,7,0.0,0.0,0,0,3239.0,False,10.0,2016-09-02 17:59,11.0,2016-09-02 17:59,716.0,30.026,0,0
AL092016_HERMINE,NFJ,3240,2574,0.0,0.0,0,0,3240.0,False,,,,,263.1,29.597,0,0
AL092022_IAN,PGD,3600,2153,0.593,0.589,0,1,1260.0,True,76.0,2022-09-28 20:14,117.0,2022-09-28 20:13,6.5,28.077,1745,531
AL092022_IAN,DAB,3600,3421,0.94,0.938,0,0,179.0,False,54.0,2022-09-29 12:20,70.0,2022-09-29 15:12,90.7,29.387,2273,757
AL092022_IAN,NQX,3600,3426,0.951,0.95,0,0,178.0,False,50.0,2022-09-28 04:06,59.0,2022-09-28 04:06,122.5,29.496,3331,634
AL092022_IAN,EYW,3600,3427,0.952,0.951,0,0,173.0,False,48.0,2022-09-28 03:18,65.0,2022-09-28 03:14,117.2,29.455,3210,404
AL092022_IAN,MCO,3600,3423,0.951,0.95,0,0,178.0,False,46.0,2022-09-29 12:30,64.0,2022-09-29 14:04,60.5,29.189,2562,338
AL092022_IAN,SPG,3600,3422,0.951,0.95,0,0,178.0,False,46.0,2022-09-28 19:45,67.0,2022-09-28 20:46,111.0,29.424,3264,604
AL092022_IAN,SRQ,3600,1526,0.407,0.406,0,0,1352.0,False,46.0,2022-09-28 21:48,75.0,2022-09-28 22:10,83.1,29.234,1336,286
AL092022_IAN,NRB,3600,3426,0.951,0.95,0,0,177.0,False,43.0,2022-09-29 16:27,56.0,2022-09-29 16:27,205.2,29.666,3363,1173
AL092022_IAN,SFB,3600,3422,0.949,0.948,0,0,178.0,False,43.0,2022-09-29 12:50,60.0,2022-09-29 12:50,75.7,29.314,2320,179
AL092022_IAN,VRB,3600,3427,0.949,0.948,0,0,173.0,False,43.0,2022-09-29 04:00,57.0,2022-09-29 05:20,59.4,29.281,2457,143
AL092022_IAN,MLB,3600,3417,0.946,0.946,0,0,183.0,False,40.0,2022-09-29 17:44,57.0,2022-09-29 04:10,13.9,29.04,2527,62
AL092022_IAN,FPR,3600,3425,0.951,0.951,0,0,175.0,False,39.0,2022-09-29 02:56,57.0,2022-09-29 04:16,72.2,29.286,2449,53
AL092022_IAN,NIP,3600,3380,0.938,0.937,0,0,224.0,False,37.0,2022-09-29 15:35,48.0,2022-09-29 14:10,212.2,29.671,2903,58
AL092022_IAN,ORL,3600,3367,0.653,0.652,0,0,1068.0,False,37.0,2022-09-29 03:32,51.0,2022-09-29 00:44,69.3,29.201,1382,16
AL092022_IAN,LEE,3600,3421,0.949,0.948,0,0,179.0,False,36.0,2022-09-29 09:42,49.0,2022-09-29 09:41,125.0,29.432,2373,7
AL092022_IAN,PMP,3600,3418,0.949,0.949,0,0,182.0,False,35.0,2022-09-28 07:51,45.0,2022-09-28 10:35,185.1,29.57,3130,3
AL092022_IAN,RSW,3600,2819,0.78,0.779,0,0,602.0,False,35.0,2022-09-28 12:37,59.0,2022-09-28 15:08,80.9,29.299,2340,9
AL092022_IAN,PIE,3600,3418,0.948,0.947,3051,0,183.0,False,34.0,2022-09-28 19:58,64.0,2022-09-28 22:25,125.3,29.512,2960,3
AL092022_IAN,DJT,3600,3416,0.949,0.948,0,0,185.0,False,33.0,2022-09-28 10:02,43.0,2022-09-29 05:49,150.1,29.525,2978,0
AL092022_IAN,JAX,3600,3416,0.941,0.94,0,0,184.0,False,33.0,2022-09-29 15:12,46.0,2022-09-29 15:10,231.9,29.71,2188,0
AL092022_IAN,FMY,3600,1406,0.242,0.235,0,0,2021.0,False,32.0,2022-09-28 12:59,51.0,2022-09-28 12:59,82.0,29.313,603,0
AL092022_IAN,TPA,3600,3401,0.549,0.548,0,0,1412.0,False,32.0,2022-09-28 19:38,65.0,2022-09-28 22:12,118.5,29.516,914,0
AL092022_IAN,CRG,3600,3425,0.951,0.951,0,0,176.0,False,30.0,2022-09-29 09:38,52.0,2022-09-29 16:48,207.8,29.65,2673,0
AL092022_IAN,FLL,3600,3488,0.93,0.929,0,0,134.0,False,30.0,2022-09-28 00:20,41.0,2022-09-28 15:53,195.4,29.477,3026,0
AL092022_IAN,BKV,3600,2943,0.815,0.813,0,0,597.0,False,29.0,2022-09-28 00:06,45.0,2022-09-28 00:05,156.7,29.468,2172,0
AL092022_IAN,HWO,3600,3419,0.949,0.948,0,0,185.0,False,29.0,2022-09-28 17:03,38.0,2022-09-28 16:00,194.9,29.605,2986,0
AL092022_IAN,OPF,3600,3419,0.946,0.944,0,0,184.0,False,29.0,2022-09-28 06:58,42.0,2022-09-28 06:57,197.1,29.611,3031,0
AL092022_IAN,FXE,3600,3327,0.924,0.923,0,0,271.0,False,28.0,2022-09-28 16:47,39.0,2022-09-28 17:27,184.9,29.58,2775,0
AL092022_IAN,GIF,3600,3420,0.422,0.421,0,0,1896.0,False,28.0,2022-09-28 15:54,39.0,2022-09-28 16:00,73.4,29.202,879,0
AL092022_IAN,MTH,3600,3372,0.934,0.933,0,0,229.0,False,28.0,2022-09-28 00:14,50.0,2022-09-28 01:23,190.6,29.606,2721,0
AL092022_IAN,GNV,3600,3376,0.857,0.854,0,0,174.0,False,27.0,2022-09-29 15:22,51.0,2022-09-29 15:09,217.2,29.567,2189,0
AL092022_IAN,MIA,3600,3421,0.95,0.95,1424,1,179.0,False,27.0,2022-09-28 14:22,39.0,2022-09-28 15:47,202.0,29.601,2858,0
AL092022_IAN,NEN,3600,3475,0.963,0.961,0,0,106.0,False,25.0,2022-09-29 23:23,38.0,2022-09-29 20:04,234.6,29.659,1837,0
AL092022_IAN,TMB,3600,3425,0.951,0.951,0,0,175.0,False,25.0,2022-09-28 13:19,39.0,2022-09-28 15:34,202.4,29.614,3030,0
AL092022_IAN,AAF,3600,3421,0.95,0.95,0,0,179.0,False,23.0,2022-09-28 20:15,30.0,2022-09-28 20:14,429.8,29.829,2967,0
AL092022_IAN,MAI,3600,2816,0.781,0.78,0,0,605.0,False,23.0,2022-09-28 15:48,31.0,2022-09-29 20:10,519.2,29.814,2246,0
AL092022_IAN,ECP,3600,2756,0.763,0.763,529,0,670.0,False,22.0,2022-09-28 15:15,31.0,2022-09-28 15:15,531.6,29.831,1594,0
AL092022_IAN,NFJ,3600,3393,0.939,0.938,0,0,102.0,False,22.0,2022-09-28 14:53,28.0,2022-09-28 14:35,622.0,29.806,1616,0
AL092022_IAN,1J0,3600,3422,0.95,0.95,0,0,179.0,False,20.0,2022-09-28 20:09,28.0,2022-09-28 14:55,554.4,29.824,1389,0
AL092022_IAN,TLH,3600,3426,0.951,0.951,0,0,175.0,False,20.0,2022-09-28 17:38,29.0,2022-09-28 17:38,425.7,29.809,1997,0
AL092022_IAN,PNS,3600,3419,0.944,0.943,0,0,182.0,False,18.0,2022-09-28 19:14,30.0,2022-09-28 18:00,635.9,29.845,1916,0
AL092022_IAN,CEW,3600,3420,0.652,0.617,0,0,576.0,False,14.0,2022-09-28 19:11,30.0,2022-09-28 19:58,614.3,29.761,85,0
AL092022_IAN,APF,3600,32,0.009,0.008,0,0,3569.0,False,9.0,2022-09-27 12:29,11.0,2022-09-27 12:18,427.2,29.823,0,0
AL092024_HELENE,NRB,1800,968,0.4,0.399,0,0,769.0,False,45.0,2024-09-27 05:11,62.0,2024-09-27 04:05,202.4,29.321,719,174
AL092024_HELENE,SPG,1800,861,0.478,0.478,0,0,939.0,False,45.0,2024-09-26 20:19,61.0,2024-09-26 20:18,210.6,29.262,860,61
AL092024_HELENE,NIP,1800,1668,0.921,0.92,0,0,136.0,False,44.0,2024-09-27 05:23,64.0,2024-09-27 05:17,184.4,29.223,1415,133
AL092024_HELENE,SRQ,1800,1383,0.768,0.768,0,0,285.0,False,44.0,2024-09-26 20:14,64.0,2024-09-26 22:56,205.4,29.286,1375,170
AL092024_HELENE,JAX,1800,1488,0.824,0.823,0,0,312.0,False,42.0,2024-09-27 03:32,63.0,2024-09-27 03:50,174.8,29.221,1045,85
AL092024_HELENE,NQX,1800,1322,0.734,0.734,0,0,478.0,False,41.0,2024-09-26 08:31,56.0,2024-09-26 08:29,391.4,29.608,1321,48
AL092024_HELENE,PGD,1800,1534,0.852,0.851,0,0,267.0,False,41.0,2024-09-26 21:29,57.0,2024-09-26 21:29,275.1,29.458,1471,73
AL092024_HELENE,CRG,1800,1506,0.833,0.83,0,0,292.0,False,39.0,2024-09-27 04:04,60.0,2024-09-27 05:10,196.4,29.26,1114,40
AL092024_HELENE,EYW,1800,1588,0.882,0.881,0,0,213.0,False,39.0,2024-09-26 16:27,52.0,2024-09-26 10:23,385.6,29.623,1586,117
AL092024_HELENE,MCO,1800,1504,0.836,0.835,0,0,296.0,False,39.0,2024-09-27 01:56,58.0,2024-09-27 01:30,281.2,29.372,1359,28
AL092024_HELENE,RSW,1800,1556,0.864,0.863,0,0,245.0,False,39.0,2024-09-26 17:21,54.0,2024-09-26 18:19,310.1,29.475,1539,68
AL092024_HELENE,APF,1800,870,0.483,0.483,0,0,930.0,False,38.0,2024-09-26 17:51,58.0,2024-09-26 20:08,321.5,29.524,813,66
AL092024_HELENE,FLL,1800,877,0.487,0.486,0,0,924.0,False,38.0,2024-09-26 10:38,56.0,2024-09-26 10:37,477.1,29.554,872,2
AL092024_HELENE,ORL,1800,1384,0.769,0.768,0,0,296.0,False,37.0,2024-09-27 00:44,55.0,2024-09-27 01:20,274.0,29.312,1220,15
AL092024_HELENE,GNV,1800,1309,0.718,0.714,0,0,277.0,False,36.0,2024-09-27 03:09,59.0,2024-09-27 03:22,141.6,29.077,825,7
AL092024_HELENE,VRB,1800,1578,0.877,0.876,0,0,222.0,False,36.0,2024-09-26 13:47,51.0,2024-09-26 13:47,395.7,29.583,1577,2
AL092024_HELENE,PIE,1800,857,0.476,0.476,0,0,943.0,False,35.0,2024-09-26 20:14,54.0,2024-09-26 20:13,209.8,29.332,856,3
AL092024_HELENE,BKV,1800,1508,0.82,0.818,0,0,292.0,False,34.0,2024-09-27 00:20,54.0,2024-09-27 00:19,176.1,29.129,1243,3
AL092024_HELENE,SFB,1800,1489,0.824,0.823,0,0,311.0,False,34.0,2024-09-27 01:54,52.0,2024-09-27 01:58,271.8,29.426,1205,5
AL092024_HELENE,GIF,1800,1547,0.853,0.852,0,0,253.0,False,33.0,2024-09-27 01:50,52.0,2024-09-26 23:29,257.2,29.279,1450,0
AL092024_HELENE,HWO,1800,1571,0.856,0.849,0,0,227.0,False,33.0,2024-09-26 10:35,56.0,2024-09-26 20:08,472.4,29.672,1507,0
AL092024_HELENE,LEE,1800,1520,0.844,0.844,0,0,280.0,False,33.0,2024-09-27 04:22,54.0,2024-09-26 23:29,219.2,29.313,1220,0
AL092024_HELENE,OPF,1800,931,0.515,0.514,0,0,873.0,False,33.0,2024-09-26 20:02,63.0,2024-09-26 20:02,471.6,29.674,926,0
AL092024_HELENE,MLB,1800,1521,0.842,0.841,0,0,279.0,False,31.0,2024-09-27 02:15,46.0,2024-09-27 01:12,355.3,29.439,1490,0
AL092024_HELENE,AAF,1800,1587,0.877,0.876,0,0,212.0,False,30.0,2024-09-27 04:06,52.0,2024-09-27 02:04,107.9,29.049,915,0
AL092024_HELENE,FPR,1800,1536,0.853,0.853,0,0,264.0,False,30.0,2024-09-26 13:35,42.0,2024-09-26 13:34,406.5,29.559,1533,0
AL092024_HELENE,PMP,1800,1495,0.83,0.829,0,0,306.0,False,30.0,2024-09-26 12:04,44.0,2024-09-26 22:02,476.0,29.657,1493,0
AL092024_HELENE,FMY,1800,870,0.372,0.37,0,0,1007.0,False,29.0,2024-09-26 15:24,46.0,2024-09-26 15:23,298.6,29.448,627,0
AL092024_HELENE,FXE,1800,1493,0.829,0.829,0,0,307.0,False,29.0,2024-09-26 10:47,46.0,2024-09-26 10:47,472.0,29.658,1478,0
AL092024_HELENE,MTH,1800,1633,0.907,0.907,0,0,167.0,False,29.0,2024-09-26 09:16,49.0,2024-09-26 16:56,444.6,29.66,1623,0
AL092024_HELENE,DJT,1800,1098,0.606,0.604,0,0,514.0,False,27.0,2024-09-26 20:52,40.0,2024-09-26 20:59,461.6,29.645,1088,0
AL092024_HELENE,NEN,1800,1714,0.737,0.735,0,0,374.0,False,27.0,2024-09-27 03:26,44.0,2024-09-27 01:11,163.5,29.12,672,0
AL092024_HELENE,MIA,1800,893,0.496,0.495,0,0,908.0,False,26.0,2024-09-26 17:22,42.0,2024-09-26 15:09,472.7,29.662,888,0
AL092024_HELENE,TMB,1800,1552,0.853,0.852,0,0,249.0,False,26.0,2024-09-26 19:52,50.0,2024-09-26 19:51,466.6,29.666,1438,0
AL092024_HELENE,DTS,1800,1545,0.853,0.852,0,0,205.0,False,25.0,2024-09-27 01:35,36.0,2024-09-27 01:39,263.8,29.352,808,0
AL092024_HELENE,ECP,1800,1557,0.86,0.862,0,1,247.0,False,25.0,2024-09-27 02:20,36.0,2024-09-27 04:19,202.1,29.201,702,0
AL092024_HELENE,MAI,1800,1518,0.843,0.843,0,0,282.0,False,24.0,2024-09-27 04:57,37.0,2024-09-27 04:56,158.3,29.081,769,0
AL092024_HELENE,PNS,1800,1488,0.827,0.826,0,0,312.0,False,22.0,2024-09-27 03:28,32.0,2024-09-26 23:07,331.7,29.371,939,0
AL092024_HELENE,CEW,1800,1383,0.711,0.696,0,0,306.0,False,20.0,2024-09-27 02:33,32.0,2024-09-27 03:22,282.3,29.231,432,0
AL092024_HELENE,NFJ,1800,1577,0.764,0.764,0,0,227.0,False,18.0,2024-09-27 04:51,29.0,2024-09-27 04:59,312.4,29.317,850,0
AL102023_IDALIA,NQX,2160,857,0.395,0.394,0,0,1307.0,False,39.0,2023-08-29 16:18,51.0,2023-08-29 16:18,314.6,29.724,852,4
AL102023_IDALIA,OPF,2160,974,0.449,0.449,0,0,1190.0,False,33.0,2023-08-29 21:27,40.0,2023-08-29 21:26,446.8,29.78,786,0
AL102023_IDALIA,SPG,2160,884,0.409,0.409,0,0,1276.0,False,33.0,2023-08-30 02:26,43.0,2023-08-30 02:16,196.9,29.58,879,0
AL102023_IDALIA,DJT,2160,942,0.436,0.436,0,0,1218.0,False,31.0,2023-08-29 22:39,44.0,2023-08-29 22:38,455.3,29.79,613,0
AL102023_IDALIA,FLL,2160,871,0.403,0.403,0,0,1289.0,False,30.0,2023-08-29 21:47,42.0,2023-08-29 21:46,457.1,29.667,667,0
AL102023_IDALIA,HWO,2160,821,0.37,0.369,0,0,1339.0,False,30.0,2023-08-29 21:35,40.0,2023-08-29 21:34,450.0,29.791,572,0
AL102023_IDALIA,EYW,2160,903,0.418,0.417,0,0,1258.0,False,28.0,2023-08-29 14:16,39.0,2023-08-29 16:12,307.5,29.726,901,0
AL102023_IDALIA,FXE,2160,829,0.383,0.383,0,0,1332.0,False,28.0,2023-08-29 21:57,43.0,2023-08-29 21:57,455.1,29.778,581,0
AL102023_IDALIA,PMP,2160,840,0.389,0.388,0,0,1320.0,False,28.0,2023-08-29 22:04,37.0,2023-08-29 22:06,460.5,29.773,672,0
AL102023_IDALIA,PIE,2160,860,0.398,0.398,0,0,1300.0,False,27.0,2023-08-29 18:00,36.0,2023-08-30 02:11,197.6,29.628,632,0
AL102023_IDALIA,APF,2160,865,0.4,0.4,0,0,1295.0,False,25.0,2023-08-30 01:08,34.0,2023-08-29 17:47,295.9,29.692,778,0
AL102023_IDALIA,ORL,2160,846,0.382,0.38,0,0,1314.0,False,25.0,2023-08-29 21:40,34.0,2023-08-29 21:39,348.6,29.637,197,0
AL102023_IDALIA,SRQ,2160,876,0.391,0.388,0,0,1286.0,False,25.0,2023-08-29 16:53,38.0,2023-08-29 16:52,203.1,29.599,643,0
AL102023_IDALIA,FPR,2160,923,0.425,0.425,0,0,1241.0,False,24.0,2023-08-29 21:03,37.0,2023-08-29 21:03,415.5,29.746,363,0
AL102023_IDALIA,GIF,2160,877,0.406,0.406,0,0,1283.0,False,24.0,2023-08-29 19:44,38.0,2023-08-29 19:44,288.1,29.596,418,0
AL102023_IDALIA,PGD,2160,874,0.404,0.404,0,0,1287.0,False,24.0,2023-08-29 16:33,32.0,2023-08-29 23:16,265.8,29.686,633,0
AL102023_IDALIA,RSW,2160,903,0.416,0.415,0,0,1257.0,False,24.0,2023-08-29 16:02,34.0,2023-08-29 16:01,294.4,29.681,639,0
AL102023_IDALIA,TMB,2160,724,0.332,0.331,0,0,1221.0,False,24.0,2023-08-29 20:54,38.0,2023-08-29 20:55,434.3,29.771,338,0
AL102023_IDALIA,VRB,2160,918,0.425,0.424,0,0,1243.0,False,24.0,2023-08-29 21:14,33.0,2023-08-29 21:12,410.9,29.766,490,0
AL102023_IDALIA,AAF,2160,924,0.423,0.421,0,0,1224.0,False,23.0,2023-08-29 15:50,31.0,2023-08-29 15:50,224.0,29.653,156,0
AL102023_IDALIA,MAI,2160,871,0.397,0.395,0,0,1289.0,False,23.0,2023-08-29 17:45,35.0,2023-08-29 17:40,376.8,29.628,49,0
AL102023_IDALIA,TPA,2160,901,0.412,0.411,0,0,1259.0,False,23.0,2023-08-29 18:16,35.0,2023-08-29 18:16,206.6,29.633,281,0
AL102023_IDALIA,BKV,2160,839,0.388,0.388,0,0,1321.0,False,22.0,2023-08-29 19:54,30.0,2023-08-29 19:53,247.4,29.602,343,0
AL102023_IDALIA,MLB,2160,864,0.4,0.4,0,0,1296.0,False,22.0,2023-08-29 21:37,32.0,2023-08-29 21:36,397.6,29.673,381,0
AL102023_IDALIA,NIP,2160,1060,0.489,0.488,0,0,1104.0,False,22.0,2023-08-30 00:39,30.0,2023-08-30 00:38,355.0,29.715,240,0
AL102023_IDALIA,1J0,2160,883,0.409,0.408,0,0,1277.0,False,21.0,2023-08-29 18:00,27.0,2023-08-29 18:03,381.0,29.638,37,0
AL102023_IDALIA,DAB,2160,908,0.418,0.417,0,0,1252.0,False,21.0,2023-08-29 22:39,33.0,2023-08-29 22:38,386.7,29.736,32,0
AL102023_IDALIA,MCO,2160,851,0.392,0.391,0,0,1309.0,False,21.0,2023-08-29 21:28,29.0,2023-08-29 21:29,345.4,29.668,173,0
AL102023_IDALIA,MIA,2160,721,0.333,0.332,0,0,1263.0,False,21.0,2023-08-29 18:46,33.0,2023-08-29 16:34,444.6,29.754,495,0
AL102023_IDALIA,MTH,2160,1021,0.472,0.472,0,0,1140.0,False,21.0,2023-08-29 17:38,39.0,2023-08-29 17:47,378.6,29.751,966,0
AL102023_IDALIA,SFB,2160,840,0.388,0.388,0,0,1321.0,False,21.0,2023-08-29 21:35,32.0,2023-08-29 21:39,368.0,29.729,196,0
AL102023_IDALIA,JAX,2160,832,0.379,0.377,0,0,1329.0,False,20.0,2023-08-29 21:41,26.0,2023-08-29 21:40,454.0,29.759,191,0
AL102023_IDALIA,FMY,2160,865,0.384,0.381,0,0,1295.0,False,18.0,2023-08-29 19:02,29.0,2023-08-29 19:02,283.6,29.661,567,0
AL102023_IDALIA,ECP,2160,883,0.406,0.406,0,6,1277.0,False,16.0,2023-08-29 16:46,20.0,2023-08-29 16:46,335.0,29.619,26,0
AL102023_IDALIA,NRB,2160,846,0.39,0.389,0,0,1318.0,False,16.0,2023-08-30 01:00,23.0,2023-08-30 01:05,457.2,29.787,544,0
AL102023_IDALIA,TLH,2160,912,0.422,0.421,0,0,1249.0,False,16.0,2023-08-30 02:22,23.0,2023-08-30 03:08,306.8,29.649,79,0
AL102023_IDALIA,CRG,2160,844,0.388,0.387,0,0,1317.0,False,15.0,2023-08-30 01:27,18.0,2023-08-29 21:14,447.5,29.74,111,0
AL102023_IDALIA,DTS,2160,943,0.436,0.436,0,0,1218.0,False,14.0,2023-08-29 17:06,25.0,2023-08-29 17:11,345.4,29.67,40,0
AL102023_IDALIA,NEN,2160,958,0.435,0.433,0,0,1205.0,False,14.0,2023-08-30 00:56,22.0,2023-08-30 00:55,384.6,29.68,46,0
AL102023_IDALIA,PNS,2160,721,0.333,0.333,0,0,1327.0,False,14.0,2023-08-29 17:52,18.0,2023-08-29 17:51,428.2,29.64,30,0
AL102023_IDALIA,CEW,2160,893,0.397,0.392,0,0,1257.0,False,13.0,2023-08-29 18:22,23.0,2023-08-29 18:22,399.0,29.568,6,0
AL102023_IDALIA,GNV,2160,856,0.394,0.393,0,0,1305.0,False,12.0,2023-08-30 00:18,17.0,2023-08-30 00:14,340.8,29.622,19,0
AL102023_IDALIA,LEE,2160,212,0.098,0.098,0,0,1948.0,False,9.0,2023-08-29 15:22,12.0,2023-08-29 15:21,547.8,29.783,0,0
AL102023_IDALIA,NFJ,2160,933,0.0,0.0,0,0,2160.0,False,,,,,386.1,29.607,0,0
AL112004_JEANNE,MCO,3240,3240,0.973,0.965,0,0,50.0,False,53.0,2004-09-26 10:29,68.0,2004-09-26 09:51,78.0,28.991,3031,799
AL112004_JEANNE,DAB,3240,3239,1.0,0.999,0,0,1.0,False,45.0,2004-09-26 15:20,55.0,2004-09-26 15:20,146.4,29.309,3227,97
AL112004_JEANNE,JAX,3240,3124,0.802,0.745,0,2,118.0,False,40.0,2004-09-27 00:11,48.0,2004-09-27 00:12,153.9,29.378,2407,14
AL112004_JEANNE,GNV,3240,2007,0.522,0.462,0,2,314.0,False,38.0,2004-09-27 03:45,49.0,2004-09-26 12:28,58.1,29.07,1354,11
AL112004_JEANNE,TPA,3240,2127,0.415,0.314,0,0,192.0,False,38.0,2004-09-26 14:44,49.0,2004-09-26 16:26,43.4,28.906,961,27
AL112004_JEANNE,FMY,3240,3240,1.0,1.0,0,0,0.0,False,36.0,2004-09-26 10:53,46.0,2004-09-26 10:53,123.7,29.247,2619,7
AL112004_JEANNE,TLH,3240,3240,0.999,0.998,0,2,2.0,False,31.0,2004-09-26 16:21,42.0,2004-09-27 04:05,74.5,29.167,2503,0
AL112004_JEANNE,DJT,3240,2704,0.537,0.533,0,0,948.0,False,30.0,2004-09-26 17:41,40.0,2004-09-26 22:20,77.5,28.983,1652,0
AL112004_JEANNE,VRB,3240,496,0.152,0.152,0,0,2747.0,False,28.0,2004-09-25 19:25,37.0,2004-09-25 19:39,193.0,29.447,491,0
AL112004_JEANNE,EYW,3240,3240,1.0,1.0,0,0,0.0,False,26.0,2004-09-26 14:57,30.0,2004-09-26 04:22,326.4,29.574,2918,0
AL112004_JEANNE,MIA,3240,3240,1.0,1.0,0,0,0.0,False,25.0,2004-09-26 02:05,34.0,2004-09-26 11:57,157.1,29.389,2493,0
AL112004_JEANNE,PNS,3240,3240,1.0,1.0,0,0,0.0,False,18.0,2004-09-26 18:02,22.0,2004-09-26 17:09,321.5,29.563,1665,0
AL112017_IRMA,RSW,3240,3240,0.986,0.986,0,0,44.0,True,64.0,2017-09-10 21:51,77.0,2017-09-10 21:44,5.6,27.842,3166,512
AL112017_IRMA,FPR,3240,3240,0.994,0.993,0,0,5.0,False,62.0,2017-09-10 23:06,77.0,2017-09-10 23:09,148.1,29.121,2624,537
AL112017_IRMA,NRB,3240,3240,1.0,1.0,0,0,0.0,False,61.0,2017-09-11 07:39,76.0,2017-09-11 07:38,149.7,29.169,3239,893
AL112017_IRMA,PMP,3240,3238,0.638,0.636,0,0,1165.0,False,60.0,2017-09-10 20:39,79.0,2017-09-10 18:43,158.5,29.176,2053,559
AL112017_IRMA,DJT,3240,3239,0.999,0.998,0,0,2.0,False,57.0,2017-09-10 21:00,79.0,2017-09-10 20:55,159.0,29.216,3199,828
AL112017_IRMA,FMY,3240,2588,0.644,0.643,0,0,1148.0,True,57.0,2017-09-10 22:36,73.0,2017-09-10 22:16,16.1,28.035,2082,260
AL112017_IRMA,OPF,3240,2052,0.632,0.631,0,0,1157.0,False,56.0,2017-09-10 19:02,74.0,2017-09-10 14:39,141.7,29.192,2042,706
AL112017_IRMA,APF,3240,2605,0.569,0.569,0,0,1397.0,False,53.0,2017-09-10 18:01,71.0,2017-09-10 18:00,7.5,27.634,1813,233
AL112017_IRMA,FXE,3240,3229,0.666,0.662,0,0,1024.0,False,53.0,2017-09-10 18:47,73.0,2017-09-10 18:18,152.6,29.201,2130,579
AL112017_IRMA,JAX,3240,3240,1.0,1.0,0,0,0.0,False,51.0,2017-09-11 07:42,75.0,2017-09-11 07:41,132.5,29.103,3237,221
AL112017_IRMA,MCO,3240,3239,0.999,0.998,0,0,2.0,False,51.0,2017-09-11 05:19,69.0,2017-09-10 22:44,90.9,28.858,3150,603
AL112017_IRMA,SFB,3240,3223,0.888,0.887,0,0,345.0,False,51.0,2017-09-11 02:42,65.0,2017-09-11 07:31,108.3,28.947,2337,408
AL112017_IRMA,ORL,3240,3232,0.997,0.997,1031,0,9.0,False,49.0,2017-09-11 05:04,68.0,2017-09-11 05:30,92.4,28.819,2834,552
AL112017_IRMA,PGD,3240,3240,1.0,1.0,0,0,0.0,False,49.0,2017-09-10 20:34,64.0,2017-09-10 23:48,23.6,28.39,3239,399
AL112017_IRMA,GIF,3240,3240,0.999,0.998,0,0,4.0,False,48.0,2017-09-11 03:54,66.0,2017-09-11 04:45,37.2,28.531,3184,306
AL112017_IRMA,TMB,3240,3240,0.439,0.438,0,0,1819.0,False,48.0,2017-09-10 11:10,63.0,2017-09-10 11:10,125.4,29.126,1401,209
AL112017_IRMA,DAB,3240,3240,1.0,1.0,0,0,0.0,False,47.0,2017-09-11 02:46,68.0,2017-09-11 02:02,138.5,29.027,3188,154
AL112017_IRMA,MTH,3240,2573,0.278,0.277,0,0,2328.0,False,47.0,2017-09-10 00:22,62.0,2017-09-09 23:45,45.4,28.532,898,446
AL112017_IRMA,SPG,3240,3240,1.0,1.0,0,0,0.0,False,47.0,2017-09-11 00:53,60.0,2017-09-11 00:53,54.6,28.709,3239,412
AL112017_IRMA,FLL,3240,1936,0.269,0.269,0,0,2369.0,False,46.0,2017-09-10 01:36,61.0,2017-09-09 20:22,153.6,29.073,870,13
AL112017_IRMA,MIA,3240,3240,0.471,0.47,1524,0,1715.0,False,46.0,2017-09-10 11:37,63.0,2017-09-10 13:12,138.5,29.164,1516,284
AL112017_IRMA,NIP,3240,3240,1.0,1.0,0,0,0.0,False,46.0,2017-09-11 09:50,63.0,2017-09-11 06:36,120.3,29.028,3220,466
AL112017_IRMA,PIE,3240,3240,1.0,1.0,0,0,0.0,False,46.0,2017-09-11 05:58,64.0,2017-09-11 03:10,55.3,28.778,3229,327
AL112017_IRMA,TPA,3240,3240,1.0,1.0,0,0,0.0,False,45.0,2017-09-11 03:13,58.0,2017-09-11 03:43,39.8,28.659,2730,108
AL112017_IRMA,SRQ,3240,3240,1.0,1.0,0,0,0.0,False,43.0,2017-09-11 00:33,61.0,2017-09-11 02:26,60.5,28.739,3207,190
AL112017_IRMA,LEE,3240,3240,1.0,1.0,0,0,0.0,False,42.0,2017-09-11 07:35,60.0,2017-09-11 07:46,56.9,28.772,2843,160
AL112017_IRMA,CRG,3240,3240,1.0,1.0,0,0,0.0,False,41.0,2017-09-11 12:04,61.0,2017-09-11 12:26,139.2,29.089,3234,84
AL112017_IRMA,GNV,3240,3183,0.981,0.98,0,0,63.0,False,39.0,2017-09-11 05:17,53.0,2017-09-11 05:17,42.2,28.755,2405,11
AL112017_IRMA,HWO,3240,1550,0.476,0.475,0,0,956.0,False,38.0,2017-09-10 09:19,56.0,2017-09-10 01:15,201.4,29.498,1282,13
AL112017_IRMA,EYW,3240,651,0.201,0.2,0,0,2590.0,False,35.0,2017-09-09 20:03,51.0,2017-09-09 21:16,168.7,29.362,649,3
AL112017_IRMA,TLH,3240,3240,1.0,1.0,0,0,0.0,False,33.0,2017-09-11 12:19,48.0,2017-09-11 12:03,98.4,29.178,2897,0
AL112017_IRMA,AAF,3240,3239,0.991,0.99,0,0,6.0,False,32.0,2017-09-11 09:28,40.0,2017-09-11 09:28,190.9,29.391,3143,0
AL112017_IRMA,MLB,3240,3240,0.23,0.229,0,0,2334.0,False,30.0,2017-09-10 00:30,38.0,2017-09-10 01:13,142.4,29.109,669,0
AL112017_IRMA,ECP,3240,3240,0.99,0.99,0,0,16.0,False,29.0,2017-09-10 16:51,36.0,2017-09-10 16:25,227.9,29.411,3052,0
AL112017_IRMA,MAI,3240,3240,1.0,1.0,0,0,0.0,False,29.0,2017-09-11 14:46,40.0,2017-09-11 13:58,161.1,29.291,3124,0
AL112017_IRMA,VRB,3240,1989,0.406,0.406,0,0,1925.0,False,28.0,2017-09-10 07:59,39.0,2017-09-10 07:57,203.5,29.391,1147,0
AL112017_IRMA,DTS,3240,3240,1.0,1.0,0,0,0.0,False,25.0,2017-09-11 16:41,35.0,2017-09-11 08:58,289.5,29.572,2519,0
AL112017_IRMA,PNS,3240,3230,0.996,0.995,0,0,10.0,False,24.0,2017-09-11 16:50,31.0,2017-09-11 11:27,355.8,29.607,1765,0
AL112017_IRMA,BKV,3240,1923,0.59,0.59,0,0,1317.0,False,23.0,2017-09-09 17:47,30.0,2017-09-09 19:09,284.3,29.524,1769,0
AL112017_IRMA,1J0,3240,3181,0.979,0.977,0,0,37.0,False,22.0,2017-09-10 18:05,33.0,2017-09-11 14:11,200.8,29.383,2253,0
AL112017_IRMA,CEW,3240,3240,0.997,0.996,0,0,5.0,False,21.0,2017-09-10 18:46,35.0,2017-09-10 18:45,288.8,29.453,1598,0
AL112017_IRMA,NSE,3240,2645,0.815,0.814,0,0,597.0,False,15.0,2017-09-09 15:28,23.0,2017-09-11 12:52,337.1,29.502,613,0
AL112017_IRMA,NFJ,3240,3240,0.0,0.0,0,0,3240.0,False,,,,,333.8,29.538,0,0
AL122005_KATRINA,EYW,5400,4020,0.744,0.744,0,0,1380.0,False,53.0,2005-08-26 15:21,64.0,2005-08-26 15:21,65.2,29.472,3265,781
AL122005_KATRINA,FLL,5400,3315,0.612,0.611,0,0,2083.0,False,52.0,2005-08-25 23:52,71.0,2005-08-25 23:46,10.7,29.062,2652,262
AL122005_KATRINA,MIA,5400,4026,0.662,0.661,0,0,1378.0,False,52.0,2005-08-26 00:56,68.0,2005-08-26 00:55,10.1,29.116,2185,105
AL122005_KATRINA,FXE,5400,4013,0.742,0.741,0,0,1384.0,False,47.0,2005-08-25 23:55,57.0,2005-08-26 00:11,23.2,29.392,2691,142
AL122005_KATRINA,OPF,5400,3454,0.64,0.639,0,0,1310.0,False,45.0,2005-08-25 21:59,59.0,2005-08-25 22:39,7.1,29.091,2375,87
AL122005_KATRINA,PMP,5400,4025,0.744,0.744,0,0,1376.0,False,45.0,2005-08-25 22:28,56.0,2005-08-26 00:34,25.5,29.412,3361,268
AL122005_KATRINA,DJT,5400,4020,0.743,0.742,0,0,1383.0,False,31.0,2005-08-26 01:01,37.0,2005-08-25 20:16,69.5,29.648,3381,0
AL122005_KATRINA,MCO,5400,4019,0.744,0.744,0,0,1380.0,False,31.0,2005-08-25 16:25,34.0,2005-08-25 16:24,295.4,29.663,2236,0
AL122005_KATRINA,MTH,5400,4071,0.753,0.752,0,0,1305.0,False,30.0,2005-08-26 08:36,44.0,2005-08-26 11:45,78.4,29.53,3037,0
AL122005_KATRINA,ORL,5400,4068,0.753,0.753,0,0,1308.0,False,30.0,2005-08-25 16:21,36.0,2005-08-25 16:20,308.1,29.645,1594,0
AL122005_KATRINA,PGD,5400,4011,0.743,0.742,0,0,1384.0,False,29.0,2005-08-26 17:10,36.0,2005-08-26 17:26,180.9,29.688,2888,0
AL122005_KATRINA,FPR,5400,4006,0.742,0.741,0,0,1384.0,False,28.0,2005-08-26 03:19,33.0,2005-08-26 03:18,163.2,29.713,2765,0
AL122005_KATRINA,GIF,5400,4020,0.744,0.744,0,0,1380.0,False,28.0,2005-08-26 20:36,34.0,2005-08-26 20:37,280.2,29.605,2138,0
AL122005_KATRINA,SFB,5400,2912,0.539,0.539,0,0,1380.0,False,28.0,2005-08-25 16:16,33.0,2005-08-25 14:04,328.2,29.75,1086,0
AL122005_KATRINA,APF,5400,4033,0.745,0.745,0,0,1370.0,False,27.0,2005-08-26 17:05,37.0,2005-08-26 16:13,96.0,29.542,2225,0
AL122005_KATRINA,RSW,5400,3321,0.613,0.611,0,5,1381.0,False,27.0,2005-08-26 16:49,35.0,2005-08-26 16:30,132.8,29.618,2150,0
AL122005_KATRINA,VRB,5400,4019,0.744,0.744,0,0,1381.0,False,27.0,2005-08-26 19:27,33.0,2005-08-26 04:49,180.9,29.721,3219,0
AL122005_KATRINA,FMY,5400,4007,0.742,0.741,0,0,1384.0,False,26.0,2005-08-26 15:34,34.0,2005-08-26 16:52,142.4,29.639,2701,0
AL122005_KATRINA,MLB,5400,4022,0.745,0.744,0,0,1378.0,False,26.0,2005-08-25 17:17,31.0,2005-08-25 20:35,235.4,29.705,3248,0
AL122005_KATRINA,SPG,5400,4016,0.744,0.743,0,0,1384.0,False,26.0,2005-08-25 18:58,30.0,2005-08-25 18:57,293.9,29.695,3621,0
AL122005_KATRINA,DAB,5400,4058,0.746,0.746,0,0,1372.0,False,25.0,2005-08-25 20:22,30.0,2005-08-25 20:21,361.1,29.768,1705,0
AL122005_KATRINA,DTS,5400,3900,0.722,0.721,0,0,1476.0,False,24.0,2005-08-25 21:33,29.0,2005-08-25 21:33,500.8,29.692,1029,0
AL122005_KATRINA,SRQ,5400,4016,0.744,0.743,0,0,1384.0,False,24.0,2005-08-26 18:39,31.0,2005-08-26 19:43,254.9,29.638,2481,0
AL122005_KATRINA,PIE,5400,4021,0.744,0.744,0,0,1376.0,False,23.0,2005-08-26 20:00,28.0,2005-08-26 20:00,310.9,29.702,3084,0
AL122005_KATRINA,TMB,5400,2853,0.229,0.229,0,0,4163.0,False,23.0,2005-08-25 17:43,27.0,2005-08-25 17:42,73.3,29.629,674,0
AL122005_KATRINA,CRG,5400,4074,0.752,0.752,0,0,1321.0,False,22.0,2005-08-25 20:23,28.0,2005-08-25 20:23,496.6,29.746,1107,0
AL122005_KATRINA,GNV,5400,4093,0.757,0.756,0,0,1296.0,False,21.0,2005-08-25 20:18,26.0,2005-08-25 20:17,462.9,29.619,654,0
AL122005_KATRINA,LEE,5400,4021,0.745,0.744,0,0,1379.0,False,21.0,2005-08-25 18:59,27.0,2005-08-25 17:09,356.1,29.691,1069,0
AL122005_KATRINA,BKV,5400,4022,0.745,0.744,0,0,1379.0,False,20.0,2005-08-25 17:52,28.0,2005-08-26 22:00,354.0,29.677,1580,0
AL122005_KATRINA,AAF,5400,4016,0.744,0.743,0,0,1384.0,False,19.0,2005-08-28 15:33,26.0,2005-08-28 17:48,515.7,29.688,1322,0
AL122005_KATRINA,JAX,5400,4032,0.746,0.746,0,0,1369.0,False,19.0,2005-08-25 19:20,22.0,2005-08-25 17:36,519.3,29.763,850,0
AL122005_KATRINA,CEW,5400,3718,0.658,0.657,0,0,1381.0,False,18.0,2005-08-25 20:28,22.0,2005-08-25 20:28,538.0,29.568,235,0
AL122005_KATRINA,TPA,5400,4022,0.745,0.744,0,0,1376.0,False,18.0,2005-08-25 20:50,24.0,2005-08-25 17:21,308.7,29.692,1297,0
AL122005_KATRINA,HWO,5400,2668,0.151,0.151,0,0,4577.0,False,17.0,2005-08-25 13:15,21.0,2005-08-25 13:38,108.6,29.741,383,0
AL122005_KATRINA,MAI,5400,3824,0.708,0.707,0,0,1515.0,False,17.0,2005-08-26 20:45,22.0,2005-08-26 20:44,604.6,29.651,1057,0
AL122005_KATRINA,PNS,5400,4023,0.745,0.744,0,0,1375.0,False,16.0,2005-08-25 19:14,23.0,2005-08-28 17:53,484.8,29.589,370,0
AL122005_KATRINA,TLH,5400,4020,0.744,0.744,0,0,1381.0,False,16.0,2005-08-26 00:18,19.0,2005-08-26 00:50,614.1,29.687,957,0
AL142016_MATTHEW,MLB,2880,2869,0.989,0.987,0,0,17.0,False,46.0,2016-10-07 06:46,61.0,2016-10-07 06:46,66.7,28.877,2756,359
AL142016_MATTHEW,NIP,2880,2879,0.998,0.998,0,0,5.0,False,46.0,2016-10-07 20:05,59.0,2016-10-07 19:58,98.4,29.15,2873,425
AL142016_MATTHEW,DAB,2880,2811,0.856,0.854,0,0,396.0,False,45.0,2016-10-07 10:20,62.0,2016-10-07 12:11,55.0,28.719,2437,213
AL142016_MATTHEW,CRG,2880,2880,0.998,0.998,0,0,5.0,False,41.0,2016-10-07 19:40,60.0,2016-10-07 19:37,84.0,29.061,2870,162
AL142016_MATTHEW,SFB,2880,2880,1.0,1.0,0,0,0.0,False,41.0,2016-10-07 15:12,55.0,2016-10-07 14:23,89.5,29.099,2418,166
AL142016_MATTHEW,FPR,2880,2274,0.788,0.786,0,0,600.0,False,40.0,2016-10-07 07:55,59.0,2016-10-07 05:13,70.0,28.968,1810,78
AL142016_MATTHEW,MCO,2880,2880,1.0,1.0,0,0,0.0,False,40.0,2016-10-07 14:44,53.0,2016-10-07 14:44,111.2,29.193,2593,6
AL142016_MATTHEW,JAX,2880,2880,0.994,0.993,0,0,10.0,False,39.0,2016-10-07 19:20,56.0,2016-10-07 19:19,101.9,29.192,2860,20
AL142016_MATTHEW,ORL,2880,2880,1.0,1.0,0,0,0.0,False,36.0,2016-10-07 15:21,50.0,2016-10-07 16:32,108.1,29.142,2454,8
AL142016_MATTHEW,PMP,2880,2878,0.999,0.998,0,0,4.0,False,33.0,2016-10-07 03:22,41.0,2016-10-07 03:21,120.4,29.365,2217,0
AL142016_MATTHEW,NRB,2880,2838,0.716,0.715,0,0,484.0,False,32.0,2016-10-07 21:34,52.0,2016-10-07 22:15,75.9,29.037,2058,0
AL142016_MATTHEW,DJT,2880,2864,0.284,0.283,0,0,2047.0,False,30.0,2016-10-07 01:26,44.0,2016-10-07 01:12,93.4,29.239,816,0
AL142016_MATTHEW,GNV,2880,2880,1.0,1.0,0,0,0.0,False,29.0,2016-10-07 19:17,42.0,2016-10-07 18:37,152.2,29.271,2755,0
AL142016_MATTHEW,FMY,2880,2880,0.998,0.998,0,0,5.0,False,28.0,2016-10-06 19:03,41.0,2016-10-06 19:02,247.2,29.538,2086,0
AL142016_MATTHEW,FXE,2880,2880,1.0,1.0,0,0,0.0,False,28.0,2016-10-07 03:38,38.0,2016-10-07 02:53,128.2,29.414,2115,0
AL142016_MATTHEW,OPF,2880,2880,1.0,1.0,0,0,0.0,False,28.0,2016-10-07 00:15,35.0,2016-10-07 00:14,155.0,29.465,2190,0
AL142016_MATTHEW,HWO,2880,2880,1.0,1.0,0,0,0.0,False,27.0,2016-10-07 02:45,36.0,2016-10-07 00:36,146.2,29.453,2171,0
AL142016_MATTHEW,LEE,2880,2880,1.0,1.0,0,0,0.0,False,27.0,2016-10-07 18:25,42.0,2016-10-07 14:39,138.0,29.332,2497,0
AL142016_MATTHEW,PIE,2880,2880,1.0,1.0,0,0,0.0,False,27.0,2016-10-07 12:05,34.0,2016-10-07 11:09,258.1,29.587,2380,0
AL142016_MATTHEW,BKV,2880,2880,0.688,0.687,0,0,887.0,False,26.0,2016-10-07 17:58,34.0,2016-10-07 16:12,211.3,29.466,1688,0
AL142016_MATTHEW,VRB,2880,969,0.336,0.335,0,0,1912.0,False,26.0,2016-10-06 22:03,37.0,2016-10-06 23:39,171.9,29.533,851,0
AL142016_MATTHEW,FLL,2880,2880,1.0,1.0,0,0,0.0,False,25.0,2016-10-07 05:26,39.0,2016-10-07 00:09,134.8,29.308,2185,0
AL142016_MATTHEW,SRQ,2880,2279,0.791,0.79,0,0,602.0,False,25.0,2016-10-07 17:16,35.0,2016-10-06 19:56,270.4,29.538,1559,0
AL142016_MATTHEW,TMB,2880,2880,1.0,1.0,0,0,0.0,False,25.0,2016-10-06 21:42,31.0,2016-10-06 16:32,183.9,29.506,1824,0
AL142016_MATTHEW,SPG,2880,2880,1.0,1.0,0,0,0.0,False,24.0,2016-10-06 21:48,34.0,2016-10-07 14:30,259.5,29.54,2204,0
AL142016_MATTHEW,APF,2880,2880,0.998,0.998,0,0,5.0,False,23.0,2016-10-07 11:00,31.0,2016-10-07 10:59,265.9,29.591,1800,0
AL142016_MATTHEW,GIF,2880,2880,0.977,0.972,0,0,11.0,False,23.0,2016-10-07 10:32,33.0,2016-10-07 09:53,167.6,29.313,1332,0
AL142016_MATTHEW,PGD,2880,2880,1.0,1.0,0,0,0.0,False,23.0,2016-10-06 19:14,32.0,2016-10-06 19:13,242.1,29.56,2169,0
AL142016_MATTHEW,RSW,2880,2880,1.0,1.0,0,0,0.0,False,23.0,2016-10-06 18:59,29.0,2016-10-06 18:58,241.1,29.542,1464,0
AL142016_MATTHEW,TPA,2880,2880,1.0,1.0,0,0,0.0,False,22.0,2016-10-07 15:35,32.0,2016-10-07 19:58,242.6,29.556,1970,0
AL142016_MATTHEW,EYW,2880,2880,1.0,1.0,0,0,0.0,False,20.0,2016-10-06 21:12,26.0,2016-10-06 21:11,361.6,29.635,1594,0
AL142016_MATTHEW,MIA,2880,2880,0.986,0.998,37,0,9.0,False,20.0,2016-10-06 16:11,29.0,2016-10-06 23:40,165.2,29.464,1718,0
AL142016_MATTHEW,TLH,2880,2880,0.973,0.971,0,0,36.0,False,20.0,2016-10-07 19:09,26.0,2016-10-07 19:08,356.0,29.644,1374,0
AL142016_MATTHEW,AAF,2880,2880,1.0,1.0,0,0,0.0,False,19.0,2016-10-07 19:24,23.0,2016-10-07 19:24,417.9,29.705,1379,0
AL142016_MATTHEW,MTH,2880,2880,1.0,1.0,0,0,0.0,False,19.0,2016-10-06 19:53,27.0,2016-10-06 22:56,291.4,29.606,1113,0
AL142016_MATTHEW,CEW,2880,2880,0.998,0.998,0,0,5.0,False,17.0,2016-10-07 19:39,28.0,2016-10-07 19:39,565.2,29.632,292,0
AL142016_MATTHEW,DTS,2880,2880,1.0,1.0,0,0,0.0,False,17.0,2016-10-07 21:01,22.0,2016-10-07 20:48,558.7,29.765,972,0
AL142016_MATTHEW,ECP,2880,2880,0.984,0.983,0,0,26.0,False,17.0,2016-10-06 13:37,24.0,2016-10-07 18:41,494.2,29.657,1077,0
AL142016_MATTHEW,MAI,2880,2880,1.0,1.0,0,0,0.0,False,17.0,2016-10-07 18:33,25.0,2016-10-07 20:30,437.5,29.648,1239,0
AL142016_MATTHEW,NQX,2880,1475,0.509,0.508,0,0,811.0,False,17.0,2016-10-07 02:47,21.0,2016-10-07 03:02,364.9,29.671,1181,0
AL142016_MATTHEW,PNS,2880,2880,1.0,1.0,0,0,0.0,False,17.0,2016-10-07 21:31,24.0,2016-10-07 14:24,628.0,29.728,620,0
AL142016_MATTHEW,1J0,2880,2285,0.79,0.788,0,0,596.0,False,16.0,2016-10-07 20:44,22.0,2016-10-07 20:43,477.3,29.672,317,0
AL142016_MATTHEW,NSE,2880,2880,0.999,0.998,0,0,4.0,False,14.0,2016-10-06 14:23,21.0,2016-10-07 18:08,613.0,29.639,149,0
AL142016_MATTHEW,NDZ,2880,1388,0.481,0.48,0,0,1465.0,False,13.0,2016-10-06 14:40,18.0,2016-10-06 15:26,684.9,29.676,204,0
AL142016_MATTHEW,NFJ,2880,2880,0.0,0.0,0,0,2880.0,False,,,,,606.3,29.687,0,0
AL142018_MICHAEL,ECP,2160,2160,0.8,0.798,0,0,403.0,False,62.0,2018-10-10 18:22,79.0,2018-10-10 18:52,41.9,28.565,1474,218
AL142018_MICHAEL,TLH,2160,2160,0.997,0.996,0,0,6.0,False,43.0,2018-10-10 19:19,62.0,2018-10-10 19:19,75.2,29.146,1849,89
AL142018_MICHAEL,AAF,2160,1219,0.531,0.525,0,0,859.0,False,41.0,2018-10-10 14:59,66.0,2018-10-10 15:25,70.7,29.224,926,65
AL142018_MICHAEL,DTS,2160,2156,0.996,0.994,0,0,5.0,False,37.0,2018-10-10 18:03,52.0,2018-10-10 17:16,101.4,29.254,1504,28
AL142018_MICHAEL,EYW,2160,2160,1.0,1.0,0,0,0.0,False,31.0,2018-10-09 20:14,36.0,2018-10-09 20:13,481.5,29.751,1839,0
AL142018_MICHAEL,LEE,2160,2160,0.997,0.996,0,0,7.0,False,30.0,2018-10-10 21:11,43.0,2018-10-10 21:08,376.2,29.675,1553,0
AL142018_MICHAEL,NQX,2160,2160,1.0,1.0,0,0,0.0,False,30.0,2018-10-09 20:22,38.0,2018-10-09 20:20,487.9,29.766,1867,0
AL142018_MICHAEL,SFB,2160,2160,1.0,1.0,0,0,0.0,False,30.0,2018-10-10 20:07,41.0,2018-10-10 20:06,425.2,29.705,1177,0
AL142018_MICHAEL,NRB,2160,2160,1.0,1.0,0,0,0.0,False,28.0,2018-10-10 20:53,35.0,2018-10-10 20:52,302.3,29.68,2159,0
AL142018_MICHAEL,PNS,2160,2160,1.0,1.0,0,0,0.0,False,27.0,2018-10-10 17:34,38.0,2018-10-10 17:33,163.7,29.407,1126,0
AL142018_MICHAEL,JAX,2160,2160,1.0,1.0,0,0,0.0,False,26.0,2018-10-11 01:48,33.0,2018-10-11 03:40,275.8,29.639,1539,0
AL142018_MICHAEL,PIE,2160,1627,0.746,0.745,0,0,533.0,False,26.0,2018-10-10 17:29,34.0,2018-10-10 17:03,357.7,29.729,1598,0
AL142018_MICHAEL,DAB,2160,2153,0.994,0.993,0,0,8.0,False,25.0,2018-10-10 20:49,35.0,2018-10-10 20:48,416.4,29.708,511,0
AL142018_MICHAEL,NIP,2160,2156,0.996,0.995,0,0,8.0,False,25.0,2018-10-11 02:42,32.0,2018-10-11 02:08,295.9,29.645,1838,0
AL142018_MICHAEL,ORL,2160,2160,1.0,1.0,0,0,0.0,False,25.0,2018-10-10 19:44,33.0,2018-10-10 19:44,431.9,29.636,1624,0
AL142018_MICHAEL,SPG,2160,2085,0.965,0.964,0,0,75.0,False,25.0,2018-10-09 22:33,32.0,2018-10-10 15:23,372.0,29.681,1880,0
AL142018_MICHAEL,CRG,2160,2160,1.0,1.0,0,0,0.0,False,24.0,2018-10-10 20:46,33.0,2018-10-10 20:46,299.8,29.647,1770,0
AL142018_MICHAEL,MCO,2160,2160,1.0,1.0,0,0,0.0,False,24.0,2018-10-10 19:37,32.0,2018-10-10 19:36,440.8,29.677,1525,0
AL142018_MICHAEL,PGD,2160,2160,0.998,0.997,0,0,5.0,False,24.0,2018-10-10 17:49,30.0,2018-10-10 18:30,449.0,29.764,1481,0
AL142018_MICHAEL,1J0,2160,1233,0.571,0.57,0,0,824.0,False,23.0,2018-10-10 15:18,33.0,2018-10-10 14:50,119.6,29.328,380,0
AL142018_MICHAEL,RSW,2160,2160,1.0,1.0,0,0,0.0,False,23.0,2018-10-10 19:43,27.0,2018-10-10 00:23,470.0,29.741,1558,0
AL142018_MICHAEL,APF,2160,1575,0.725,0.724,0,0,587.0,False,22.0,2018-10-09 23:36,28.0,2018-10-09 23:35,465.9,29.757,1196,0
AL142018_MICHAEL,BKV,2160,2160,1.0,1.0,0,0,0.0,False,22.0,2018-10-10 18:24,31.0,2018-10-10 17:56,340.7,29.63,1306,0
AL142018_MICHAEL,DJT,2160,2160,1.0,1.0,0,0,0.0,False,22.0,2018-10-10 17:16,29.0,2018-10-10 17:16,635.4,29.811,1523,0
AL142018_MICHAEL,GIF,2160,2160,1.0,1.0,0,0,0.0,False,22.0,2018-10-10 17:16,29.0,2018-10-10 17:15,423.1,29.63,1600,0
AL142018_MICHAEL,TPA,2160,1918,0.887,0.887,0,0,243.0,False,22.0,2018-10-10 15:12,30.0,2018-10-10 16:59,365.9,29.724,1311,0
AL142018_MICHAEL,FLL,2160,2160,1.0,1.0,0,0,0.0,False,21.0,2018-10-10 19:33,24.0,2018-10-10 19:33,626.4,29.706,1441,0
AL142018_MICHAEL,GNV,2160,2160,1.0,1.0,0,0,0.0,False,21.0,2018-10-10 14:03,27.0,2018-10-11 02:20,286.3,29.54,1556,0
AL142018_MICHAEL,MAI,2160,1187,0.55,0.549,0,0,973.0,False,20.0,2018-10-10 13:44,25.0,2018-10-10 13:31,187.6,29.482,690,0
AL142018_MICHAEL,MLB,2160,2160,1.0,1.0,0,0,0.0,False,20.0,2018-10-10 16:14,28.0,2018-10-10 16:20,515.1,29.721,1667,0
AL142018_MICHAEL,MTH,2160,2160,1.0,1.0,0,0,0.0,False,20.0,2018-10-09 20:42,30.0,2018-10-09 20:43,547.0,29.789,809,0
AL142018_MICHAEL,PMP,2160,2160,1.0,1.0,0,0,0.0,False,20.0,2018-10-10 11:20,27.0,2018-10-10 10:32,632.2,29.807,1720,0
AL142018_MICHAEL,FMY,2160,2160,1.0,1.0,0,0,0.0,False,19.0,2018-10-10 15:28,30.0,2018-10-10 15:45,459.9,29.731,1040,0
AL142018_MICHAEL,NSE,2160,2160,1.0,1.0,0,0,0.0,False,19.0,2018-10-10 20:48,31.0,2018-10-10 16:35,165.9,29.294,759,0
AL142018_MICHAEL,VRB,2160,2160,1.0,1.0,0,0,0.0,False,19.0,2018-10-10 17:44,25.0,2018-10-10 17:43,559.4,29.772,1634,0
AL142018_MICHAEL,FPR,2160,2160,1.0,1.0,0,0,0.0,False,18.0,2018-10-09 18:54,22.0,2018-10-10 18:39,571.6,29.761,1196,0
AL142018_MICHAEL,FXE,2160,2159,1.0,0.999,0,0,1.0,False,18.0,2018-10-10 12:29,21.0,2018-10-10 12:27,626.1,29.815,985,0
AL142018_MICHAEL,NEN,2160,2160,1.0,1.0,0,0,0.0,False,17.0,2018-10-09 18:07,28.0,2018-10-11 00:24,273.5,29.57,867,0
AL142018_MICHAEL,OPF,2160,2160,1.0,1.0,0,0,0.0,False,17.0,2018-10-10 19:40,29.0,2018-10-09 21:29,613.5,29.828,1524,0
AL142018_MICHAEL,HWO,2160,2158,0.999,0.998,0,0,2.0,False,16.0,2018-10-10 16:30,20.0,2018-10-10 16:41,618.1,29.832,947,0
AL142018_MICHAEL,MIA,2160,2160,1.0,1.0,0,0,0.0,False,16.0,2018-10-09 21:21,22.0,2018-10-09 20:29,609.8,29.804,893,0
AL142018_MICHAEL,CEW,2160,1262,0.584,0.583,0,0,889.0,False,15.0,2018-10-09 21:09,24.0,2018-10-09 21:09,149.0,29.373,303,0
AL142018_MICHAEL,TMB,2160,2160,1.0,1.0,0,0,0.0,False,15.0,2018-10-09 19:51,20.0,2018-10-09 20:05,598.1,29.812,637,0
AL142024_MILTON,SRQ,2520,1876,0.469,0.468,0,0,1334.0,True,60.0,2024-10-10 01:36,89.0,2024-10-10 01:34,2.0,28.317,914,134
AL142024_MILTON,SPG,2520,1315,0.521,0.521,0,1,1206.0,False,58.0,2024-10-10 00:47,88.0,2024-10-10 02:29,36.1,28.781,1313,579
AL142024_MILTON,DAB,2520,827,0.328,0.328,0,0,1443.0,False,54.0,2024-10-10 07:53,76.0,2024-10-10 08:28,92.6,29.145,781,291
AL142024_MILTON,GIF,2520,1248,0.479,0.476,0,0,1272.0,False,49.0,2024-10-10 02:13,76.0,2024-10-10 02:17,51.2,28.722,824,83
AL142024_MILTON,MCO,2520,1869,0.726,0.725,0,0,652.0,False,49.0,2024-10-10 04:12,75.0,2024-10-10 04:11,32.3,28.887,1428,219
AL142024_MILTON,PGD,2520,1891,0.75,0.75,0,0,629.0,False,48.0,2024-10-10 00:00,70.0,2024-10-09 23:59,77.1,28.999,1711,379
AL142024_MILTON,MLB,2520,1881,0.746,0.746,0,0,640.0,False,47.0,2024-10-10 05:30,68.0,2024-10-10 05:32,31.4,28.793,1734,102
AL142024_MILTON,PIE,2520,1217,0.447,0.447,0,0,1393.0,False,47.0,2024-10-10 00:40,72.0,2024-10-10 00:35,52.9,28.964,923,74
AL142024_MILTON,NRB,2520,1853,0.734,0.734,0,0,670.0,False,43.0,2024-10-10 07:41,56.0,2024-10-10 07:40,226.9,29.533,1849,207
AL142024_MILTON,ORL,2520,1866,0.738,0.738,0,0,654.0,False,43.0,2024-10-10 03:13,64.0,2024-10-10 03:17,44.7,28.894,1349,78
AL142024_MILTON,DJT,2520,1967,0.779,0.779,0,0,557.0,False,42.0,2024-10-10 06:35,63.0,2024-10-10 08:04,195.3,29.473,1710,25
AL142024_MILTON,RSW,2520,1908,0.451,0.45,0,0,1384.0,False,41.0,2024-10-10 00:06,54.0,2024-10-10 00:05,125.2,29.258,1023,53
AL142024_MILTON,LEE,2520,1220,0.484,0.484,0,0,1300.0,False,40.0,2024-10-10 02:18,62.0,2024-10-10 01:20,136.8,29.313,631,40
AL142024_MILTON,VRB,2520,1270,0.5,0.499,0,0,1251.0,False,39.0,2024-10-09 19:33,57.0,2024-10-09 19:33,153.4,29.341,936,3
AL142024_MILTON,NQX,2520,1866,0.739,0.738,0,0,658.0,False,38.0,2024-10-09 20:22,49.0,2024-10-09 20:22,296.3,29.556,1841,8
AL142024_MILTON,EYW,2520,1933,0.767,0.767,0,0,587.0,False,35.0,2024-10-09 20:17,51.0,2024-10-09 13:35,291.3,29.557,1764,2
AL142024_MILTON,SFB,2520,1190,0.472,0.472,0,0,1330.0,False,35.0,2024-10-10 00:45,55.0,2024-10-10 00:47,169.3,29.427,659,7
AL142024_MILTON,FPR,2520,1244,0.494,0.493,0,0,1276.0,False,31.0,2024-10-10 02:34,52.0,2024-10-09 20:21,168.7,29.339,975,0
AL142024_MILTON,CRG,2520,1867,0.74,0.74,0,0,654.0,False,30.0,2024-10-10 07:41,50.0,2024-10-10 07:53,226.0,29.499,1529,0
AL142024_MILTON,FXE,2520,1852,0.735,0.734,0,0,669.0,False,30.0,2024-10-10 04:28,45.0,2024-10-10 05:17,238.6,29.53,1573,0
AL142024_MILTON,OPF,2520,1952,0.771,0.77,0,0,572.0,False,30.0,2024-10-09 18:24,45.0,2024-10-09 19:56,260.6,29.55,1578,0
AL142024_MILTON,FLL,2520,1901,0.754,0.754,0,0,619.0,False,29.0,2024-10-10 04:28,41.0,2024-10-09 20:08,250.6,29.419,1674,0
AL142024_MILTON,GNV,2520,1878,0.745,0.744,0,0,643.0,False,29.0,2024-10-10 04:40,43.0,2024-10-10 05:26,200.8,29.389,1416,0
AL142024_MILTON,PMP,2520,1919,0.76,0.76,0,0,575.0,False,29.0,2024-10-10 05:28,44.0,2024-10-10 04:51,237.2,29.526,1671,0
AL142024_MILTON,NIP,2520,1421,0.562,0.562,0,0,1103.0,False,28.0,2024-10-10 04:53,42.0,2024-10-10 04:51,243.7,29.582,1073,0
AL142024_MILTON,HWO,2520,1979,0.779,0.778,0,0,545.0,False,27.0,2024-10-09 20:04,43.0,2024-10-09 19:52,254.2,29.565,1616,0
AL142024_MILTON,MIA,2520,1916,0.754,0.752,0,0,604.0,False,26.0,2024-10-10 04:34,44.0,2024-10-09 23:00,270.5,29.538,1430,0
AL142024_MILTON,TMB,2520,1912,0.756,0.756,0,0,608.0,False,25.0,2024-10-09 23:47,46.0,2024-10-09 21:07,278.4,29.546,1375,0
AL142024_MILTON,ECP,2520,1917,0.757,0.758,0,1,607.0,False,23.0,2024-10-09 21:13,33.0,2024-10-09 20:55,452.7,29.665,933,0
AL142024_MILTON,FMY,2520,694,0.239,0.237,0,0,1826.0,False,23.0,2024-10-09 14:31,35.0,2024-10-09 16:30,223.1,29.418,399,0
AL142024_MILTON,MTH,2520,2047,0.812,0.812,0,0,473.0,False,23.0,2024-10-09 13:37,40.0,2024-10-09 19:25,324.7,29.577,1794,0
AL142024_MILTON,MAI,2520,1893,0.747,0.746,0,0,627.0,False,21.0,2024-10-09 21:07,28.0,2024-10-09 22:36,457.1,29.69,808,0
AL142024_MILTON,JAX,2520,1849,0.362,0.361,0,0,937.0,False,19.0,2024-10-10 11:41,29.0,2024-10-10 11:41,249.5,29.537,579,0
AL142024_MILTON,NEN,2520,1392,0.54,0.538,0,0,1081.0,False,19.0,2024-10-10 05:44,32.0,2024-10-10 05:19,256.4,29.543,533,0
AL142024_MILTON,NFJ,2520,1979,0.784,0.783,0,0,545.0,False,16.0,2024-10-09 17:41,26.0,2024-10-09 18:17,542.0,29.664,415,0
AL142024_MILTON,DTS,2520,1952,0.773,0.773,0,0,572.0,False,15.0,2024-10-09 16:35,26.0,2024-10-09 17:45,500.8,29.736,680,0
AL142024_MILTON,PNS,2520,1848,0.732,0.731,0,0,672.0,False,15.0,2024-10-09 16:37,25.0,2024-10-09 16:37,554.4,29.698,273,0
AL142024_MILTON,TLH,2520,830,0.329,0.329,0,0,1460.0,False,15.0,2024-10-10 18:20,22.0,2024-10-10 18:20,394.5,29.685,353,0
AL142024_MILTON,CEW,2520,1857,0.622,0.594,0,0,667.0,False,12.0,2024-10-09 15:43,23.0,2024-10-09 18:15,535.0,29.628,21,0
AL172022_NICOLE,DAB,2520,2457,0.966,0.963,0,0,63.0,False,47.0,2022-11-10 10:37,61.0,2022-11-10 10:37,131.5,29.382,2160,121
AL172022_NICOLE,MLB,2520,2461,0.977,0.976,0,0,59.0,False,45.0,2022-11-10 07:53,63.0,2022-11-10 08:05,41.6,28.907,2241,190
AL172022_NICOLE,NRB,2520,2472,0.977,0.976,0,0,51.0,False,43.0,2022-11-10 15:07,53.0,2022-11-10 15:09,201.6,29.563,2460,95
AL172022_NICOLE,ORL,2520,2456,0.548,0.548,0,0,1074.0,False,43.0,2022-11-10 11:13,57.0,2022-11-10 11:14,62.0,29.074,1335,52
AL172022_NICOLE,MCO,2520,2462,0.977,0.976,0,0,59.0,False,41.0,2022-11-10 10:04,55.0,2022-11-10 10:09,54.3,29.029,2417,96
AL172022_NICOLE,SFB,2520,2460,0.976,0.975,0,0,60.0,False,41.0,2022-11-10 11:14,56.0,2022-11-10 11:13,86.9,29.263,2343,61
AL172022_NICOLE,PIE,2520,1802,0.715,0.714,0,0,718.0,False,39.0,2022-11-10 12:36,54.0,2022-11-10 12:26,80.5,29.362,1728,55
AL172022_NICOLE,NIP,2520,2477,0.981,0.981,0,0,47.0,False,36.0,2022-11-10 19:19,46.0,2022-11-10 14:21,172.1,29.472,2471,9
AL172022_NICOLE,JAX,2520,2460,0.883,0.875,0,0,116.0,False,34.0,2022-11-10 14:23,52.0,2022-11-10 14:22,190.9,29.517,2206,4
AL172022_NICOLE,VRB,2520,927,0.368,0.367,0,0,1593.0,False,34.0,2022-11-09 21:04,47.0,2022-11-10 03:18,138.1,29.515,926,1
AL172022_NICOLE,GIF,2520,2459,0.973,0.971,0,0,62.0,False,32.0,2022-11-10 10:40,48.0,2022-11-10 10:43,5.2,28.941,2223,0
AL172022_NICOLE,LEE,2520,2463,0.977,0.977,0,0,57.0,False,32.0,2022-11-10 15:35,43.0,2022-11-10 10:31,52.0,29.23,2436,0
AL172022_NICOLE,BKV,2520,2424,0.962,0.96,0,0,61.0,False,30.0,2022-11-10 12:02,45.0,2022-11-10 12:15,19.3,29.105,2217,0
AL172022_NICOLE,CRG,2520,2461,0.976,0.975,0,0,60.0,False,30.0,2022-11-10 14:05,50.0,2022-11-10 15:03,191.1,29.505,2458,0
AL172022_NICOLE,GNV,2520,2458,0.742,0.732,0,0,243.0,False,30.0,2022-11-10 16:09,54.0,2022-11-10 16:08,88.8,29.227,1820,0
AL172022_NICOLE,NEN,2520,1800,0.712,0.711,0,0,722.0,False,30.0,2022-11-10 18:29,42.0,2022-11-10 19:37,167.4,29.413,1690,0
AL172022_NICOLE,DJT,2520,1802,0.715,0.714,0,0,718.0,False,29.0,2022-11-10 05:56,39.0,2022-11-10 06:31,74.5,29.314,1421,0
AL172022_NICOLE,FPR,2520,2460,0.976,0.975,0,0,60.0,False,27.0,2022-11-10 10:59,39.0,2022-11-10 04:07,13.2,28.973,1869,0
AL172022_NICOLE,SPG,2520,879,0.348,0.348,0,0,1642.0,False,26.0,2022-11-09 21:48,37.0,2022-11-09 22:27,367.7,29.802,877,0
AL172022_NICOLE,FXE,2520,2443,0.969,0.968,0,0,60.0,False,25.0,2022-11-10 04:08,32.0,2022-11-10 03:49,126.2,29.46,1626,0
AL172022_NICOLE,FLL,2520,2398,0.952,0.951,0,0,122.0,False,24.0,2022-11-10 05:10,32.0,2022-11-10 05:10,138.0,29.369,1798,0
AL172022_NICOLE,FMY,2520,2460,0.968,0.966,0,0,60.0,False,24.0,2022-11-09 18:21,32.0,2022-11-09 16:24,157.1,29.47,1873,0
AL172022_NICOLE,OPF,2520,2458,0.975,0.975,0,0,62.0,False,24.0,2022-11-10 01:37,37.0,2022-11-10 16:07,160.1,29.542,2039,0
AL172022_NICOLE,PGD,2520,1801,0.715,0.714,0,0,719.0,False,24.0,2022-11-10 06:41,34.0,2022-11-10 11:08,126.4,29.462,1433,0
AL172022_NICOLE,PMP,2520,1534,0.609,0.608,0,0,986.0,False,24.0,2022-11-10 05:47,33.0,2022-11-10 07:07,119.0,29.426,1115,0
AL172022_NICOLE,NQX,2520,2470,0.977,0.975,0,0,54.0,False,23.0,2022-11-09 16:24,29.0,2022-11-09 15:04,357.0,29.678,1999,0
AL172022_NICOLE,TMB,2520,904,0.359,0.358,0,0,1616.0,False,23.0,2022-11-09 16:30,32.0,2022-11-09 21:05,200.9,29.618,903,0
AL172022_NICOLE,AAF,2520,2459,0.975,0.975,0,0,62.0,False,22.0,2022-11-10 15:00,33.0,2022-11-10 19:49,107.2,29.455,2214,0
AL172022_NICOLE,HWO,2520,1904,0.746,0.744,0,0,619.0,False,22.0,2022-11-10 18:28,29.0,2022-11-10 02:55,155.4,29.557,1479,0
AL172022_NICOLE,ECP,2520,2463,0.976,0.975,0,0,61.0,False,21.0,2022-11-10 21:39,27.0,2022-11-10 23:08,143.3,29.45,2028,0
AL172022_NICOLE,RSW,2520,2456,0.964,0.963,0,0,64.0,False,21.0,2022-11-10 18:58,31.0,2022-11-09 16:29,158.7,29.475,1825,0
AL172022_NICOLE,EYW,2520,2453,0.973,0.973,0,0,67.0,False,20.0,2022-11-10 02:03,29.0,2022-11-09 15:30,362.6,29.667,1768,0
AL172022_NICOLE,MAI,2520,1858,0.737,0.736,0,0,605.0,False,20.0,2022-11-09 14:46,25.0,2022-11-10 14:21,67.6,29.35,1519,0
AL172022_NICOLE,TPA,2520,895,0.355,0.354,0,0,1626.0,False,20.0,2022-11-09 19:12,34.0,2022-11-09 19:11,358.4,29.835,858,0
AL172022_NICOLE,MIA,2520,2461,0.977,0.976,0,0,59.0,False,19.0,2022-11-10 15:57,26.0,2022-11-09 16:14,173.9,29.541,1585,0
AL172022_NICOLE,MTH,2520,2475,0.982,0.981,0,0,46.0,False,19.0,2022-11-10 01:15,29.0,2022-11-09 20:42,312.3,29.659,1482,0
AL172022_NICOLE,PNS,2520,1801,0.687,0.685,167,0,719.0,False,19.0,2022-11-11 00:49,29.0,2022-11-11 00:50,259.7,29.546,905,0
AL172022_NICOLE,1J0,2520,2461,0.976,0.975,0,0,60.0,False,18.0,2022-11-10 17:15,25.0,2022-11-10 22:35,103.3,29.4,1053,0
AL172022_NICOLE,TLH,2520,906,0.36,0.359,0,0,1614.0,False,17.0,2022-11-09 19:40,24.0,2022-11-09 19:39,634.0,30.004,565,0
AL172022_NICOLE,NFJ,2520,2482,0.939,0.938,0,0,112.0,False,15.0,2022-11-10 19:27,25.0,2022-11-11 03:39,238.1,29.493,866,0
AL172022_NICOLE,CEW,2520,998,0.364,0.356,0,0,910.0,False,12.0,2022-11-09 14:48,21.0,2022-11-09 15:06,493.2,29.762,9,0
AL182005_RITA,MTH,3960,3960,1.0,1.0,0,0,0.0,False,37.0,2005-09-20 13:52,46.0,2005-09-20 13:51,99.8,29.584,3095,10
AL182005_RITA,MIA,3960,3931,0.991,0.99,0,0,31.0,False,36.0,2005-09-20 14:02,43.0,2005-09-20 14:01,228.6,29.765,3708,2
AL182005_RITA,FLL,3960,3896,0.983,0.982,0,0,68.0,False,35.0,2005-09-20 08:07,48.0,2005-09-20 18:32,263.1,29.689,3755,1
AL182005_RITA,FXE,3960,3958,0.999,0.999,0,0,1.0,False,35.0,2005-09-20 08:13,42.0,2005-09-20 08:12,276.3,29.815,3709,1
AL182005_RITA,TMB,3960,3960,1.0,1.0,0,0,0.0,False,34.0,2005-09-20 17:52,40.0,2005-09-20 10:20,210.7,29.762,3648,1
AL182005_RITA,APF,3960,3359,0.847,0.847,0,0,604.0,False,33.0,2005-09-20 16:14,39.0,2005-09-21 00:25,242.1,29.758,2032,0
AL182005_RITA,PMP,3960,3516,0.88,0.88,0,0,475.0,False,33.0,2005-09-20 08:10,47.0,2005-09-20 08:09,282.3,29.807,3432,0
AL182005_RITA,HWO,3960,3905,0.985,0.984,0,0,57.0,False,32.0,2005-09-20 08:14,42.0,2005-09-20 08:13,253.1,29.824,3480,0
AL182005_RITA,OPF,3960,3960,1.0,1.0,0,0,0.0,False,32.0,2005-09-20 14:07,42.0,2005-09-20 08:13,242.6,29.742,3572,0
AL182005_RITA,EYW,3960,2700,0.682,0.681,0,0,1260.0,False,30.0,2005-09-20 11:02,37.0,2005-09-20 11:01,191.4,29.722,2691,0
AL182005_RITA,DJT,3960,3960,1.0,0.999,0,0,0.0,False,28.0,2005-09-20 16:31,36.0,2005-09-22 06:37,330.6,29.847,3728,0
AL182005_RITA,RSW,3960,3771,0.951,0.949,0,0,153.0,False,28.0,2005-09-20 16:08,33.0,2005-09-20 16:59,284.5,29.775,2444,0
AL182005_RITA,SPG,3960,3954,0.998,0.998,0,0,6.0,False,28.0,2005-09-21 20:32,32.0,2005-09-20 18:10,406.7,29.839,3871,0
AL182005_RITA,PGD,3960,3960,0.999,0.999,0,0,3.0,False,27.0,2005-09-20 16:56,31.0,2005-09-20 16:56,321.1,29.838,2602,0
AL182005_RITA,BKV,3960,3960,1.0,1.0,0,0,0.0,False,26.0,2005-09-20 18:05,31.0,2005-09-20 18:04,486.6,29.826,1518,0
AL182005_RITA,PIE,3960,3960,0.999,0.998,0,0,5.0,False,26.0,2005-09-21 20:25,32.0,2005-09-21 20:25,422.2,29.849,3393,0
AL182005_RITA,VRB,3960,3960,1.0,1.0,0,0,0.0,False,26.0,2005-09-20 06:55,38.0,2005-09-20 06:54,431.6,29.858,3124,0
AL182005_RITA,DAB,3960,3957,0.998,0.998,0,0,7.0,False,24.0,2005-09-20 18:40,32.0,2005-09-20 18:38,586.0,29.919,1388,0
AL182005_RITA,FMY,3960,3960,1.0,1.0,0,0,0.0,False,24.0,2005-09-20 15:28,30.0,2005-09-20 15:27,287.5,29.795,2511,0
AL182005_RITA,FPR,3960,3960,1.0,1.0,0,0,0.0,False,24.0,2005-09-20 22:06,31.0,2005-09-20 08:42,415.0,29.847,3135,0
AL182005_RITA,MCO,3960,3960,1.0,1.0,0,0,0.0,False,24.0,2005-09-20 17:23,28.0,2005-09-20 17:21,499.4,29.811,1683,0
AL182005_RITA,MLB,3960,3957,0.998,0.997,0,0,6.0,False,24.0,2005-09-20 08:35,30.0,2005-09-20 10:56,476.7,29.846,3009,0
AL182005_RITA,ORL,3960,3960,1.0,1.0,0,0,0.0,False,24.0,2005-09-20 17:38,29.0,2005-09-20 17:40,511.5,29.795,1101,0
AL182005_RITA,SFB,3960,2834,0.714,0.712,0,1,1041.0,False,24.0,2005-09-22 17:58,29.0,2005-09-22 17:58,554.1,29.87,433,0
AL182005_RITA,SRQ,3960,3954,0.998,0.998,0,0,6.0,False,24.0,2005-09-21 20:25,28.0,2005-09-20 16:49,367.0,29.776,2646,0
AL182005_RITA,GIF,3960,3960,1.0,1.0,0,0,0.0,False,23.0,2005-09-20 16:50,27.0,2005-09-20 15:45,450.6,29.751,1912,0
AL182005_RITA,GNV,3960,3960,1.0,1.0,0,0,0.0,False,21.0,2005-09-22 16:35,26.0,2005-09-22 16:35,623.1,29.776,1155,0
AL182005_RITA,AAF,3960,3960,1.0,1.0,0,0,0.0,False,20.0,2005-09-22 17:40,25.0,2005-09-22 14:06,598.0,29.857,1726,0
AL182005_RITA,LEE,3960,3960,1.0,1.0,0,0,0.0,False,20.0,2005-09-20 16:33,31.0,2005-09-20 17:21,532.3,29.844,1088,0
AL182005_RITA,TLH,3960,3960,1.0,0.999,0,0,1.0,False,20.0,2005-09-22 17:48,23.0,2005-09-20 17:30,688.7,29.824,888,0
AL182005_RITA,MAI,3960,3957,0.999,0.997,0,0,2.0,False,19.0,2005-09-21 23:48,23.0,2005-09-21 23:47,695.7,29.791,832,0
AL182005_RITA,TPA,3960,3952,0.998,0.997,0,0,9.0,False,19.0,2005-09-20 16:17,25.0,2005-09-20 16:17,429.2,29.835,1193,0
AL182005_RITA,CRG,3960,3960,1.0,1.0,0,0,0.0,False,17.0,2005-09-20 18:02,23.0,2005-09-21 18:47,703.2,29.902,945,0
AL182005_RITA,DTS,3960,3950,0.997,0.997,0,0,9.0,False,17.0,2005-09-21 20:15,27.0,2005-09-21 20:14,592.3,29.865,863,0
AL182005_RITA,JAX,3960,3951,0.998,0.997,0,0,9.0,False,17.0,2005-09-20 16:59,25.0,2005-09-20 16:48,718.0,29.927,1013,0
AL182005_RITA,PNS,3960,3960,1.0,1.0,0,0,0.0,False,16.0,2005-09-21 21:15,21.0,2005-09-21 21:14,574.0,29.759,381,0
AL182005_RITA,CEW,3960,3960,1.0,1.0,0,0,0.0,False,14.0,2005-09-22 16:15,21.0,2005-09-22 17:24,629.0,29.722,322,0
AL192020_SALLY,NSE,2880,2863,0.836,0.835,0,0,468.0,False,42.0,2020-09-16 15:26,57.0,2020-09-16 15:04,35.5,29.092,2328,149
AL192020_SALLY,NFJ,2880,2879,0.661,0.661,0,0,489.0,False,38.0,2020-09-16 12:17,57.0,2020-09-16 11:51,52.8,29.252,1903,57
AL192020_SALLY,NDZ,2880,2567,0.437,0.437,0,0,1077.0,False,36.0,2020-09-16 02:19,47.0,2020-09-16 02:19,36.5,29.074,1258,3
AL192020_SALLY,AAF,2880,2807,0.889,0.888,0,0,302.0,False,33.0,2020-09-16 14:57,47.0,2020-09-16 14:56,256.9,29.686,2547,0
AL192020_SALLY,TLH,2880,2820,0.892,0.892,0,0,301.0,False,26.0,2020-09-16 19:27,35.0,2020-09-16 19:26,261.0,29.649,1962,0
AL192020_SALLY,CEW,2880,2824,0.911,0.911,0,0,251.0,False,24.0,2020-09-16 20:36,38.0,2020-09-16 17:38,72.4,29.279,2238,0
AL192020_SALLY,MAI,2880,2817,0.898,0.897,0,0,291.0,False,23.0,2020-09-16 13:36,30.0,2020-09-16 13:35,167.4,29.51,1825,0
AL192020_SALLY,ECP,2880,1377,0.477,0.476,0,0,1210.0,False,22.0,2020-09-16 01:30,31.0,2020-09-16 01:07,215.2,29.648,1314,0
AL192020_SALLY,MLB,2880,2821,0.902,0.901,0,1,282.0,False,22.0,2020-09-16 17:06,26.0,2020-09-16 17:06,693.1,29.788,464,0
AL192020_SALLY,PNS,2880,2794,0.405,0.405,0,0,1476.0,False,22.0,2020-09-15 23:04,35.0,2020-09-15 22:17,35.5,29.067,1117,0
AL192020_SALLY,PIE,2880,2820,0.856,0.856,0,0,266.0,False,21.0,2020-09-16 17:39,26.0,2020-09-16 17:52,498.5,29.859,578,0
AL192020_SALLY,NRB,2880,2834,0.911,0.91,0,0,252.0,False,20.0,2020-09-15 21:39,24.0,2020-09-15 22:07,520.5,29.885,916,0
AL192020_SALLY,VRB,2880,2825,0.876,0.875,0,1,318.0,False,20.0,2020-09-16 18:45,24.0,2020-09-16 18:44,723.0,29.892,676,0
AL192020_SALLY,1J0,2880,2816,0.888,0.889,0,0,317.0,False,19.0,2020-09-16 09:28,29.0,2020-09-16 09:27,134.0,29.478,1370,0
AL192020_SALLY,SRQ,2880,2822,0.908,0.908,0,1,262.0,False,19.0,2020-09-16 16:49,25.0,2020-09-16 18:23,524.7,29.845,697,0
AL192020_SALLY,SPG,2880,2815,0.904,0.903,0,0,270.0,False,18.0,2020-09-16 17:54,24.0,2020-09-16 19:59,507.7,29.819,1686,0
AL192020_SALLY,CRG,2880,2809,0.905,0.904,0,0,274.0,False,17.0,2020-09-16 16:48,22.0,2020-09-16 16:47,514.0,29.844,318,0
AL192020_SALLY,DJT,2880,2815,0.897,0.897,0,0,297.0,False,17.0,2020-09-16 19:56,20.0,2020-09-16 16:50,781.0,29.895,1045,0
AL192020_SALLY,FLL,2880,2820,0.895,0.895,0,0,295.0,False,17.0,2020-09-16 19:59,21.0,2020-09-16 20:16,799.0,29.781,1111,0
AL192020_SALLY,FPR,2880,2818,0.844,0.844,0,0,281.0,False,17.0,2020-09-16 17:11,21.0,2020-09-16 18:20,730.5,29.855,723,0
AL192020_SALLY,JAX,2880,2806,0.907,0.907,0,0,261.0,False,17.0,2020-09-15 21:42,20.0,2020-09-15 21:41,493.1,29.854,356,0
AL192020_SALLY,RSW,2880,2814,0.893,0.892,0,0,309.0,False,17.0,2020-09-15 18:51,21.0,2020-09-15 18:51,632.9,29.857,411,0
AL192020_SALLY,BKV,2880,2826,0.91,0.909,0,0,258.0,False,16.0,2020-09-16 18:44,21.0,2020-09-16 18:46,512.7,29.775,272,0
AL192020_SALLY,NQX,2880,2617,0.832,0.831,0,0,481.0,False,16.0,2020-09-15 15:29,18.0,2020-09-15 14:46,753.0,29.897,1541,0
AL192020_SALLY,ORL,2880,2810,0.905,0.905,0,0,266.0,False,16.0,2020-09-16 19:04,21.0,2020-09-16 18:48,618.0,29.763,502,0
AL192020_SALLY,PMP,2880,2817,0.908,0.908,0,0,245.0,False,16.0,2020-09-16 19:33,25.0,2020-09-15 11:10,796.6,29.884,945,0
AL192020_SALLY,TPA,2880,2819,0.899,0.899,0,0,289.0,False,16.0,2020-09-16 18:17,21.0,2020-09-16 18:29,511.6,29.85,404,0
AL192020_SALLY,APF,2880,2812,0.889,0.889,0,0,319.0,False,15.0,2020-09-16 18:20,18.0,2020-09-16 14:53,649.6,29.881,629,0
AL192020_SALLY,LEE,2880,2821,0.902,0.902,0,0,281.0,False,15.0,2020-09-15 22:41,19.0,2020-09-15 22:41,562.4,29.813,62,0
AL192020_SALLY,MCO,2880,2820,0.904,0.903,0,0,268.0,False,15.0,2020-09-16 18:20,19.0,2020-09-16 14:59,624.8,29.803,441,0
AL192020_SALLY,MIA,2880,2825,0.887,0.886,0,0,320.0,False,15.0,2020-09-16 18:37,20.0,2020-09-16 20:53,798.3,29.885,726,0
AL192020_SALLY,OPF,2880,2810,0.902,0.901,0,0,281.0,False,15.0,2020-09-16 19:04,19.0,2020-09-16 18:29,795.6,29.903,786,0
AL192020_SALLY,PGD,2880,2816,0.901,0.901,0,0,284.0,False,15.0,2020-09-16 20:03,20.0,2020-09-16 17:34,595.3,29.881,531,0
AL192020_SALLY,SFB,2880,2821,0.916,0.915,0,0,243.0,False,15.0,2020-09-16 21:42,17.0,2020-09-16 18:52,610.9,29.844,182,0
AL192020_SALLY,EYW,2880,2823,0.885,0.885,0,0,326.0,False,14.0,2020-09-15 14:38,22.0,2020-09-15 16:36,748.8,29.882,1456,0
AL192020_SALLY,FXE,2880,2819,0.91,0.91,0,0,258.0,False,14.0,2020-09-16 16:58,24.0,2020-09-16 17:03,793.1,29.888,760,0
AL192020_SALLY,GIF,2880,2818,0.892,0.892,0,0,301.0,False,14.0,2020-09-16 14:20,26.0,2020-09-16 19:34,586.0,29.739,278,0
AL192020_SALLY,GNV,2880,2817,0.903,0.903,0,0,277.0,False,14.0,2020-09-16 17:41,18.0,2020-09-16 17:05,473.4,29.723,215,0
AL192020_SALLY,HWO,2880,2817,0.911,0.911,0,0,249.0,False,14.0,2020-09-16 18:21,19.0,2020-09-16 18:58,795.3,29.906,716,0
AL192020_SALLY,NIP,2880,2507,0.706,0.706,0,1,496.0,False,14.0,2020-09-15 17:32,18.0,2020-09-15 17:31,535.4,29.893,179,0
AL192020_SALLY,TMB,2880,2820,0.889,0.889,0,1,299.0,False,14.0,2020-09-16 19:23,19.0,2020-09-16 18:27,794.8,29.896,507,0
AL192020_SALLY,DAB,2880,2810,0.916,0.916,0,3,237.0,False,13.0,2020-09-16 19:22,18.0,2020-09-16 19:21,604.3,29.852,17,0
AL192020_SALLY,FMY,2880,2820,0.89,0.892,0,0,289.0,False,13.0,2020-09-15 18:36,25.0,2020-09-16 14:27,621.2,29.851,298,0
AL192020_SALLY,NEN,2880,2847,0.861,0.861,0,0,396.0,False,12.0,2020-09-16 20:17,17.0,2020-09-16 20:17,481.3,29.778,82,0
AL192020_SALLY,MTH,2880,2821,0.92,0.92,0,0,230.0,False,11.0,2020-09-15 16:43,15.0,2020-09-15 15:44,794.3,29.898,33,0
AL252005_WILMA,PMP,2160,1807,0.708,0.707,0,0,631.0,True,73.0,2005-10-24 12:41,85.0,2005-10-24 12:18,55.9,28.215,1490,233
AL252005_WILMA,DJT,2160,1733,0.8,0.8,0,0,431.0,True,72.0,2005-10-24 13:08,88.0,2005-10-24 13:14,20.7,28.128,1605,305
AL252005_WILMA,OPF,2160,1327,0.611,0.61,0,0,727.0,True,66.0,2005-10-24 11:39,83.0,2005-10-24 11:32,80.8,28.558,1257,177
AL252005_WILMA,FLL,2160,1771,0.82,0.819,0,0,389.0,False,65.0,2005-10-24 14:51,86.0,2005-10-24 12:30,66.3,28.264,1683,392
AL252005_WILMA,MIA,2160,2160,1.0,1.0,0,0,0.0,False,60.0,2005-10-24 11:57,80.0,2005-10-24 11:52,79.8,28.529,2072,332
AL252005_WILMA,FMY,2160,2160,1.0,1.0,0,0,0.0,False,54.0,2005-10-24 12:16,66.0,2005-10-24 12:21,75.7,28.801,1655,247
AL252005_WILMA,TMB,2160,2160,0.688,0.688,0,0,673.0,False,54.0,2005-10-24 11:39,72.0,2005-10-24 11:38,83.9,28.569,1353,171
AL252005_WILMA,APF,2160,1761,0.673,0.672,0,0,701.0,True,53.0,2005-10-24 12:07,71.0,2005-10-24 12:02,28.6,28.177,1324,230
AL252005_WILMA,RSW,2160,2160,1.0,1.0,0,0,0.0,False,51.0,2005-10-24 12:29,69.0,2005-10-24 12:28,66.5,28.692,1729,235
AL252005_WILMA,FPR,2160,2158,0.81,0.809,0,0,411.0,False,45.0,2005-10-24 16:06,68.0,2005-10-24 16:04,64.5,28.556,1453,78
AL252005_WILMA,MTH,2160,1381,0.639,0.638,0,0,578.0,False,44.0,2005-10-24 08:31,61.0,2005-10-24 11:25,144.2,29.012,1346,279
AL252005_WILMA,PGD,2160,2149,0.993,0.992,0,0,12.0,False,44.0,2005-10-24 12:16,61.0,2005-10-24 12:51,114.5,29.062,1548,176
AL252005_WILMA,MLB,2160,2160,1.0,1.0,0,0,0.0,False,42.0,2005-10-24 15:59,52.0,2005-10-24 15:35,131.7,29.058,1629,132
AL252005_WILMA,VRB,2160,2018,0.826,0.824,0,0,369.0,False,40.0,2005-10-24 14:09,49.0,2005-10-24 14:08,80.1,28.757,1408,25
AL252005_WILMA,MCO,2160,2160,1.0,1.0,0,0,0.0,False,35.0,2005-10-24 11:47,42.0,2005-10-24 11:56,202.7,29.267,1420,8
AL252005_WILMA,PIE,2160,2149,0.995,0.994,0,0,11.0,False,33.0,2005-10-24 18:06,43.0,2005-10-24 16:10,243.8,29.448,1656,0
AL252005_WILMA,SPG,2160,2159,1.0,0.999,0,0,1.0,False,32.0,2005-10-24 10:48,41.0,2005-10-24 12:08,226.8,29.398,1746,0
AL252005_WILMA,GIF,2160,1790,0.829,0.828,0,0,370.0,False,31.0,2005-10-24 16:02,37.0,2005-10-24 14:55,202.7,29.277,1085,0
AL252005_WILMA,SRQ,2160,2160,0.997,0.996,0,0,3.0,False,31.0,2005-10-24 13:50,42.0,2005-10-24 11:54,187.5,29.234,1406,0
AL252005_WILMA,FXE,2160,1200,0.554,0.553,0,0,964.0,False,30.0,2005-10-24 07:17,35.0,2005-10-24 07:09,248.2,29.35,1032,0
AL252005_WILMA,ORL,2160,2146,0.994,0.993,0,0,14.0,False,30.0,2005-10-24 14:26,43.0,2005-10-24 17:23,213.7,29.295,1003,0
AL252005_WILMA,TPA,2160,2150,0.995,0.994,0,0,10.0,False,30.0,2005-10-24 16:29,38.0,2005-10-24 16:05,242.7,29.417,1328,0
AL252005_WILMA,EYW,2160,509,0.235,0.235,0,0,1652.0,False,28.0,2005-10-23 20:18,36.0,2005-10-23 20:18,345.6,29.521,507,0
AL252005_WILMA,LEE,2160,2160,1.0,1.0,0,0,0.0,False,28.0,2005-10-24 18:06,35.0,2005-10-24 18:06,267.8,29.42,1285,0
AL252005_WILMA,SFB,2160,2160,1.0,1.0,0,0,0.0,False,28.0,2005-10-24 18:08,38.0,2005-10-24 19:44,226.6,29.364,1030,0
AL252005_WILMA,DAB,2160,2160,1.0,1.0,0,0,0.0,False,27.0,2005-10-24 19:33,38.0,2005-10-24 15:34,246.5,29.417,1221,0
AL252005_WILMA,BKV,2160,2160,1.0,1.0,0,0,0.0,False,25.0,2005-10-24 18:24,34.0,2005-10-24 09:43,283.1,29.47,1351,0
AL252005_WILMA,AAF,2160,2160,1.0,1.0,0,0,0.0,False,24.0,2005-10-24 15:49,31.0,2005-10-24 14:06,536.7,29.71,1563,0
AL252005_WILMA,CRG,2160,2160,0.998,0.997,0,0,5.0,False,24.0,2005-10-24 19:51,28.0,2005-10-24 19:15,369.8,29.5,1169,0
AL252005_WILMA,DTS,2160,2158,0.999,0.999,0,0,2.0,False,24.0,2005-10-24 09:34,31.0,2005-10-24 08:07,679.4,29.74,1428,0
AL252005_WILMA,PNS,2160,2152,0.996,0.995,0,0,9.0,False,24.0,2005-10-24 06:24,31.0,2005-10-24 19:38,728.8,29.656,1534,0
AL252005_WILMA,TLH,2160,2160,1.0,1.0,0,0,0.0,False,24.0,2005-10-24 21:38,30.0,2005-10-24 13:23,563.2,29.641,911,0
AL252005_WILMA,MAI,2160,2158,0.998,0.996,0,0,2.0,False,22.0,2005-10-24 16:58,26.0,2005-10-24 14:33,645.9,29.669,1115,0
AL252005_WILMA,CEW,2160,2160,1.0,1.0,0,0,0.0,False,21.0,2005-10-24 19:00,27.0,2005-10-24 19:57,716.6,29.609,972,0
AL252005_WILMA,GNV,2160,2160,1.0,1.0,0,0,0.0,False,21.0,2005-10-24 17:43,27.0,2005-10-24 18:41,369.1,29.404,1052,0
AL252005_WILMA,HWO,2160,724,0.333,0.333,0,0,1383.0,False,20.0,2005-10-23 23:56,23.0,2005-10-23 23:51,438.8,29.63,663,0
AL252005_WILMA,JAX,2160,2160,1.0,1.0,0,0,0.0,False,19.0,2005-10-24 17:42,26.0,2005-10-24 17:31,394.0,29.534,595,0
