sid,sector_center_deg,ocean_frac_0_3km,ocean_frac_0_10km,ocean_frac_0_20km
1J0,0,0.0,0.0,0.0
1J0,10,0.0,0.0,0.0
1J0,20,0.0,0.0,0.0
1J0,30,0.0,0.0,0.0
1J0,40,0.0,0.0,0.0
1J0,50,0.0,0.0,0.0
1J0,60,0.0,0.0,0.0
1J0,70,0.0,0.0,0.0
1J0,80,0.0,0.0,0.0
1J0,90,0.0,0.0,0.0
1J0,100,0.0,0.0,0.0
1J0,110,0.0,0.0,0.0
1J0,120,0.0,0.0,0.0
1J0,130,0.0,0.0,0.0
1J0,140,0.0,0.0,0.0
1J0,150,0.0,0.0,0.0
1J0,160,0.0,0.0,0.0
1J0,170,0.0,0.0,0.0
1J0,180,0.0,0.0,0.0
1J0,190,0.0,0.0,0.0
1J0,200,0.0,0.0,0.0
1J0,210,0.0,0.0,0.0
1J0,220,0.0,0.0,0.0
1J0,230,0.0,0.0,0.0
1J0,240,0.0,0.0,0.0
1J0,250,0.0,0.0,0.0
1J0,260,0.0,0.0,0.0
1J0,270,0.0,0.0,0.0
1J0,280,0.0,0.0,0.0
1J0,290,0.0,0.0,0.0
1J0,300,0.0,0.0,0.0
1J0,310,0.0,0.0,0.0
1J0,320,0.0,0.0,0.0
1J0,330,0.0,0.0,0.0
1J0,340,0.0,0.0,0.0
1J0,350,0.0,0.0,0.0
24J,0,0.0,0.0,0.0
24J,10,0.0,0.0,0.0
24J,20,0.0,0.0,0.0
24J,30,0.0,0.0,0.0
24J,40,0.0,0.0,0.0
24J,50,0.0,0.0,0.0
24J,60,0.0,0.0,0.0
24J,70,0.0,0.0,0.0
24J,80,0.0,0.0,0.0
24J,90,0.0,0.0,0.0
24J,100,0.0,0.0,0.0
24J,110,0.0,0.0,0.0
24J,120,0.0,0.0,0.0
24J,130,0.0,0.0,0.0
24J,140,0.0,0.0,0.0
24J,150,0.0,0.0,0.0
24J,160,0.0,0.0,0.0
24J,170,0.0,0.0,0.0
24J,180,0.0,0.0,0.0
24J,190,0.0,0.0,0.0
24J,200,0.0,0.0,0.0
24J,210,0.0,0.0,0.0
24J,220,0.0,0.0,0.0
24J,230,0.0,0.0,0.0
24J,240,0.0,0.0,0.0
24J,250,0.0,0.0,0.0
24J,260,0.0,0.0,0.0
24J,270,0.0,0.0,0.0
24J,280,0.0,0.0,0.0
24J,290,0.0,0.0,0.0
24J,300,0.0,0.0,0.0
24J,310,0.0,0.0,0.0
24J,320,0.0,0.0,0.0
24J,330,0.0,0.0,0.0
24J,340,0.0,0.0,0.0
24J,350,0.0,0.0,0.0
28J,0,0.0,0.0,0.0
28J,10,0.0,0.0,0.0
28J,20,0.0,0.0,0.0
28J,30,0.0,0.0,0.0
28J,40,0.0,0.0,0.0
28J,50,0.0,0.0,0.0
28J,60,0.0,0.0,0.0
28J,70,0.0,0.0,0.0
28J,80,0.0,0.0,0.0
28J,90,0.0,0.0,0.0
28J,100,0.0,0.0,0.0
28J,110,0.0,0.0,0.0
28J,120,0.0,0.0,0.0
28J,130,0.0,0.0,0.0
28J,140,0.0,0.0,0.0
28J,150,0.0,0.0,0.0
28J,160,0.0,0.0,0.0
28J,170,0.0,0.0,0.0
28J,180,0.0,0.0,0.0
28J,190,0.0,0.0,0.0
28J,200,0.0,0.0,0.0
28J,210,0.0,0.0,0.0
28J,220,0.0,0.0,0.0
28J,230,0.0,0.0,0.0
28J,240,0.0,0.0,0.0
28J,250,0.0,0.0,0.0
28J,260,0.0,0.0,0.0
28J,270,0.0,0.0,0.0
28J,280,0.0,0.0,0.0
28J,290,0.0,0.0,0.0
28J,300,0.0,0.0,0.0
28J,310,0.0,0.0,0.0
28J,320,0.0,0.0,0.0
28J,330,0.0,0.0,0.0
28J,340,0.0,0.0,0.0
28J,350,0.0,0.0,0.0
2IS,0,0.0,0.0,0.0
2IS,10,0.0,0.0,0.0
2IS,20,0.0,0.0,0.0
2IS,30,0.0,0.0,0.0
2IS,40,0.0,0.0,0.0
2IS,50,0.0,0.0,0.0
2IS,60,0.0,0.0,0.0
2IS,70,0.0,0.0,0.0
2IS,80,0.0,0.0,0.0
2IS,90,0.0,0.0,0.0
2IS,100,0.0,0.0,0.0
2IS,110,0.0,0.0,0.0
2IS,120,0.0,0.0,0.0
2IS,130,0.0,0.0,0.0
2IS,140,0.0,0.0,0.0
2IS,150,0.0,0.0,0.0
2IS,160,0.0,0.0,0.0
2IS,170,0.0,0.0,0.0
2IS,180,0.0,0.0,0.0
2IS,190,0.0,0.0,0.0
2IS,200,0.0,0.0,0.0
2IS,210,0.0,0.0,0.0
2IS,220,0.0,0.0,0.0
2IS,230,0.0,0.0,0.0
2IS,240,0.0,0.0,0.0
2IS,250,0.0,0.0,0.0
2IS,260,0.0,0.0,0.0
2IS,270,0.0,0.0,0.0
2IS,280,0.0,0.0,0.0
2IS,290,0.0,0.0,0.0
2IS,300,0.0,0.0,0.0
2IS,310,0.0,0.0,0.0
2IS,320,0.0,0.0,0.0
2IS,330,0.0,0.0,0.0
2IS,340,0.0,0.0,0.0
2IS,350,0.0,0.0,0.0
2J9,0,0.0,0.0,0.0
2J9,10,0.0,0.0,0.0
2J9,20,0.0,0.0,0.0
2J9,30,0.0,0.0,0.0
2J9,40,0.0,0.0,0.0
2J9,50,0.0,0.0,0.0
2J9,60,0.0,0.0,0.0
2J9,70,0.0,0.0,0.0
2J9,80,0.0,0.0,0.0
2J9,90,0.0,0.0,0.0
2J9,100,0.0,0.0,0.0
2J9,110,0.0,0.0,0.0
2J9,120,0.0,0.0,0.0
2J9,130,0.0,0.0,0.0
2J9,140,0.0,0.0,0.0
2J9,150,0.0,0.0,0.0
2J9,160,0.0,0.0,0.0
2J9,170,0.0,0.0,0.0
2J9,180,0.0,0.0,0.0
2J9,190,0.0,0.0,0.0
2J9,200,0.0,0.0,0.0
2J9,210,0.0,0.0,0.0
2J9,220,0.0,0.0,0.0
2J9,230,0.0,0.0,0.0
2J9,240,0.0,0.0,0.0
2J9,250,0.0,0.0,0.0
2J9,260,0.0,0.0,0.0
2J9,270,0.0,0.0,0.0
2J9,280,0.0,0.0,0.0
2J9,290,0.0,0.0,0.0
2J9,300,0.0,0.0,0.0
2J9,310,0.0,0.0,0.0
2J9,320,0.0,0.0,0.0
2J9,330,0.0,0.0,0.0
2J9,340,0.0,0.0,0.0
2J9,350,0.0,0.0,0.0
42J,0,0.0,0.0,0.0
42J,10,0.0,0.0,0.0
42J,20,0.0,0.0,0.0
42J,30,0.0,0.0,0.0
42J,40,0.0,0.0,0.0
42J,50,0.0,0.0,0.0
42J,60,0.0,0.0,0.0
42J,70,0.0,0.0,0.0
42J,80,0.0,0.0,0.0
42J,90,0.0,0.0,0.0
42J,100,0.0,0.0,0.0
42J,110,0.0,0.0,0.0
42J,120,0.0,0.0,0.0
42J,130,0.0,0.0,0.0
42J,140,0.0,0.0,0.0
42J,150,0.0,0.0,0.0
42J,160,0.0,0.0,0.0
42J,170,0.0,0.0,0.0
42J,180,0.0,0.0,0.0
42J,190,0.0,0.0,0.0
42J,200,0.0,0.0,0.0
42J,210,0.0,0.0,0.0
42J,220,0.0,0.0,0.0
42J,230,0.0,0.0,0.0
42J,240,0.0,0.0,0.0
42J,250,0.0,0.0,0.0
42J,260,0.0,0.0,0.0
42J,270,0.0,0.0,0.0
42J,280,0.0,0.0,0.0
42J,290,0.0,0.0,0.0
42J,300,0.0,0.0,0.0
42J,310,0.0,0.0,0.0
42J,320,0.0,0.0,0.0
42J,330,0.0,0.0,0.0
42J,340,0.0,0.0,0.0
42J,350,0.0,0.0,0.0
54A,0,0.0,0.0,0.03
54A,10,0.0,0.0,0.05
54A,20,0.0,0.0,0.015
54A,30,0.0,0.0,0.06
54A,40,0.0,0.0,0.075
54A,50,0.0,0.01,0.195
54A,60,0.0,0.04,0.455
54A,70,0.0,0.07,0.375
54A,80,0.0,0.08,0.425
54A,90,0.0,0.02,0.47
54A,100,0.0,0.0,0.475
54A,110,0.0,0.0,0.465
54A,120,0.0,0.04,0.43
54A,130,0.0,0.04,0.45
54A,140,0.0,0.11,0.52
54A,150,0.0,0.3,0.59
54A,160,0.0,0.36,0.65
54A,170,0.0,0.54,0.73
54A,180,0.0,0.59,0.635
54A,190,0.0,0.48,0.72
54A,200,0.0,0.49,0.745
54A,210,0.1,0.55,0.775
54A,220,0.1,0.65,0.825
54A,230,0.1,0.65,0.825
54A,240,0.133,0.61,0.805
54A,250,0.0,0.52,0.76
54A,260,0.0,0.55,0.775
54A,270,0.0,0.46,0.73
54A,280,0.0,0.36,0.68
54A,290,0.0,0.19,0.595
54A,300,0.0,0.12,0.525
54A,310,0.0,0.04,0.355
54A,320,0.0,0.0,0.07
54A,330,0.0,0.0,0.0
54A,340,0.0,0.0,0.0
54A,350,0.0,0.0,0.0
54J,0,0.0,0.0,0.0
54J,10,0.0,0.0,0.0
54J,20,0.0,0.0,0.0
54J,30,0.0,0.0,0.0
54J,40,0.0,0.0,0.0
54J,50,0.0,0.0,0.0
54J,60,0.0,0.0,0.0
54J,70,0.0,0.0,0.0
54J,80,0.0,0.0,0.0
54J,90,0.0,0.0,0.0
54J,100,0.0,0.0,0.0
54J,110,0.0,0.0,0.0
54J,120,0.0,0.0,0.0
54J,130,0.0,0.0,0.0
54J,140,0.0,0.0,0.0
54J,150,0.0,0.0,0.0
54J,160,0.0,0.0,0.0
54J,170,0.0,0.0,0.0
54J,180,0.0,0.0,0.0
54J,190,0.0,0.0,0.0
54J,200,0.0,0.0,0.0
54J,210,0.0,0.0,0.0
54J,220,0.0,0.0,0.0
54J,230,0.0,0.0,0.0
54J,240,0.0,0.0,0.0
54J,250,0.0,0.0,0.0
54J,260,0.0,0.0,0.0
54J,270,0.0,0.0,0.0
54J,280,0.0,0.0,0.0
54J,290,0.0,0.0,0.0
54J,300,0.0,0.0,0.0
54J,310,0.0,0.0,0.0
54J,320,0.0,0.0,0.0
54J,330,0.0,0.0,0.0
54J,340,0.0,0.0,0.0
54J,350,0.0,0.0,0.0
AAF,0,0.0,0.0,0.0
AAF,10,0.0,0.0,0.0
AAF,20,0.0,0.0,0.0
AAF,30,0.0,0.0,0.0
AAF,40,0.0,0.0,0.0
AAF,50,0.0,0.0,0.015
AAF,60,0.0,0.0,0.05
AAF,70,0.0,0.08,0.255
AAF,80,0.0,0.35,0.37
AAF,90,0.0,0.38,0.575
AAF,100,0.0,0.51,0.745
AAF,110,0.0,0.56,0.69
AAF,120,0.0,0.6,0.715
AAF,130,0.0,0.68,0.74
AAF,140,0.133,0.74,0.8
AAF,150,0.267,0.78,0.83
AAF,160,0.333,0.8,0.85
AAF,170,0.3,0.79,0.83
AAF,180,0.033,0.71,0.765
AAF,190,0.1,0.73,0.775
AAF,200,0.333,0.8,0.83
AAF,210,0.267,0.73,0.77
AAF,220,0.133,0.45,0.5
AAF,230,0.0,0.4,0.435
AAF,240,0.0,0.38,0.385
AAF,250,0.0,0.43,0.465
AAF,260,0.0,0.07,0.13
AAF,270,0.0,0.0,0.0
AAF,280,0.0,0.0,0.0
AAF,290,0.0,0.0,0.0
AAF,300,0.0,0.0,0.0
AAF,310,0.0,0.0,0.0
AAF,320,0.0,0.0,0.0
AAF,330,0.0,0.0,0.0
AAF,340,0.0,0.0,0.0
AAF,350,0.0,0.0,0.0
AGR,0,0.0,0.0,0.0
AGR,10,0.0,0.0,0.0
AGR,20,0.0,0.0,0.0
AGR,30,0.0,0.0,0.0
AGR,40,0.0,0.0,0.0
AGR,50,0.0,0.0,0.0
AGR,60,0.0,0.0,0.0
AGR,70,0.0,0.0,0.0
AGR,80,0.0,0.0,0.0
AGR,90,0.0,0.0,0.0
AGR,100,0.0,0.0,0.0
AGR,110,0.0,0.0,0.0
AGR,120,0.0,0.0,0.0
AGR,130,0.0,0.0,0.0
AGR,140,0.0,0.0,0.0
AGR,150,0.0,0.0,0.0
AGR,160,0.0,0.0,0.0
AGR,170,0.0,0.0,0.0
AGR,180,0.0,0.0,0.0
AGR,190,0.0,0.0,0.0
AGR,200,0.0,0.0,0.0
AGR,210,0.0,0.0,0.0
AGR,220,0.0,0.0,0.0
AGR,230,0.0,0.0,0.0
AGR,240,0.0,0.0,0.0
AGR,250,0.0,0.0,0.0
AGR,260,0.0,0.0,0.0
AGR,270,0.0,0.0,0.0
AGR,280,0.0,0.0,0.0
AGR,290,0.0,0.0,0.0
AGR,300,0.0,0.0,0.0
AGR,310,0.0,0.0,0.0
AGR,320,0.0,0.0,0.0
AGR,330,0.0,0.0,0.0
AGR,340,0.0,0.0,0.0
AGR,350,0.0,0.0,0.0
APF,0,0.0,0.0,0.0
APF,10,0.0,0.0,0.0
APF,20,0.0,0.0,0.0
APF,30,0.0,0.0,0.0
APF,40,0.0,0.0,0.0
APF,50,0.0,0.0,0.0
APF,60,0.0,0.0,0.0
APF,70,0.0,0.0,0.0
APF,80,0.0,0.0,0.0
APF,90,0.0,0.0,0.0
APF,100,0.0,0.0,0.0
APF,110,0.0,0.0,0.0
APF,120,0.0,0.0,0.0
APF,130,0.0,0.0,0.0
APF,140,0.0,0.0,0.0
APF,150,0.0,0.0,0.0
APF,160,0.0,0.0,0.02
APF,170,0.0,0.0,0.11
APF,180,0.0,0.0,0.365
APF,190,0.0,0.12,0.55
APF,200,0.0,0.32,0.66
APF,210,0.0,0.52,0.76
APF,220,0.0,0.53,0.765
APF,230,0.0,0.59,0.795
APF,240,0.0,0.64,0.82
APF,250,0.0,0.67,0.835
APF,260,0.0,0.7,0.85
APF,270,0.0,0.7,0.85
APF,280,0.0,0.7,0.85
APF,290,0.0,0.65,0.825
APF,300,0.0,0.54,0.77
APF,310,0.0,0.48,0.74
APF,320,0.0,0.38,0.69
APF,330,0.0,0.19,0.585
APF,340,0.0,0.01,0.2
APF,350,0.0,0.0,0.0
BCR,0,0.0,0.0,0.0
BCR,10,0.0,0.0,0.0
BCR,20,0.0,0.0,0.0
BCR,30,0.0,0.0,0.0
BCR,40,0.0,0.0,0.0
BCR,50,0.0,0.0,0.0
BCR,60,0.0,0.0,0.0
BCR,70,0.0,0.0,0.0
BCR,80,0.0,0.0,0.0
BCR,90,0.0,0.0,0.0
BCR,100,0.0,0.0,0.0
BCR,110,0.0,0.0,0.0
BCR,120,0.0,0.0,0.0
BCR,130,0.0,0.0,0.0
BCR,140,0.0,0.0,0.0
BCR,150,0.0,0.0,0.0
BCR,160,0.0,0.0,0.0
BCR,170,0.0,0.0,0.0
BCR,180,0.0,0.0,0.0
BCR,190,0.0,0.0,0.0
BCR,200,0.0,0.0,0.0
BCR,210,0.0,0.0,0.0
BCR,220,0.0,0.0,0.0
BCR,230,0.0,0.0,0.0
BCR,240,0.0,0.0,0.0
BCR,250,0.0,0.0,0.0
BCR,260,0.0,0.0,0.0
BCR,270,0.0,0.0,0.0
BCR,280,0.0,0.0,0.0
BCR,290,0.0,0.0,0.0
BCR,300,0.0,0.0,0.0
BCR,310,0.0,0.0,0.0
BCR,320,0.0,0.0,0.0
BCR,330,0.0,0.0,0.0
BCR,340,0.0,0.0,0.0
BCR,350,0.0,0.0,0.0
BCT,0,0.0,0.0,0.0
BCT,10,0.0,0.0,0.0
BCT,20,0.0,0.0,0.095
BCT,30,0.0,0.02,0.415
BCT,40,0.0,0.21,0.605
BCT,50,0.0,0.36,0.68
BCT,60,0.0,0.43,0.715
BCT,70,0.0,0.48,0.74
BCT,80,0.0,0.5,0.75
BCT,90,0.0,0.5,0.75
BCT,100,0.0,0.58,0.79
BCT,110,0.0,0.56,0.78
BCT,120,0.0,0.53,0.765
BCT,130,0.0,0.46,0.73
BCT,140,0.0,0.34,0.67
BCT,150,0.0,0.18,0.59
BCT,160,0.0,0.05,0.48
BCT,170,0.0,0.0,0.185
BCT,180,0.0,0.0,0.0
BCT,190,0.0,0.0,0.0
BCT,200,0.0,0.0,0.0
BCT,210,0.0,0.0,0.0
BCT,220,0.0,0.0,0.0
BCT,230,0.0,0.0,0.0
BCT,240,0.0,0.0,0.0
BCT,250,0.0,0.0,0.0
BCT,260,0.0,0.0,0.0
BCT,270,0.0,0.0,0.0
BCT,280,0.0,0.0,0.0
BCT,290,0.0,0.0,0.0
BCT,300,0.0,0.0,0.0
BCT,310,0.0,0.0,0.0
BCT,320,0.0,0.0,0.0
BCT,330,0.0,0.0,0.0
BCT,340,0.0,0.0,0.0
BCT,350,0.0,0.0,0.0
BKV,0,0.0,0.0,0.0
BKV,10,0.0,0.0,0.0
BKV,20,0.0,0.0,0.0
BKV,30,0.0,0.0,0.0
BKV,40,0.0,0.0,0.0
BKV,50,0.0,0.0,0.0
BKV,60,0.0,0.0,0.0
BKV,70,0.0,0.0,0.0
BKV,80,0.0,0.0,0.0
BKV,90,0.0,0.0,0.0
BKV,100,0.0,0.0,0.0
BKV,110,0.0,0.0,0.0
BKV,120,0.0,0.0,0.0
BKV,130,0.0,0.0,0.0
BKV,140,0.0,0.0,0.0
BKV,150,0.0,0.0,0.0
BKV,160,0.0,0.0,0.0
BKV,170,0.0,0.0,0.0
BKV,180,0.0,0.0,0.0
BKV,190,0.0,0.0,0.0
BKV,200,0.0,0.0,0.0
BKV,210,0.0,0.0,0.0
BKV,220,0.0,0.0,0.0
BKV,230,0.0,0.0,0.0
BKV,240,0.0,0.0,0.0
BKV,250,0.0,0.0,0.0
BKV,260,0.0,0.0,0.0
BKV,270,0.0,0.0,0.0
BKV,280,0.0,0.0,0.0
BKV,290,0.0,0.0,0.0
BKV,300,0.0,0.0,0.0
BKV,310,0.0,0.0,0.0
BKV,320,0.0,0.0,0.0
BKV,330,0.0,0.0,0.0
BKV,340,0.0,0.0,0.0
BKV,350,0.0,0.0,0.0
BOW,0,0.0,0.0,0.0
BOW,10,0.0,0.0,0.0
BOW,20,0.0,0.0,0.0
BOW,30,0.0,0.0,0.0
BOW,40,0.0,0.0,0.0
BOW,50,0.0,0.0,0.0
BOW,60,0.0,0.0,0.0
BOW,70,0.0,0.0,0.0
BOW,80,0.0,0.0,0.0
BOW,90,0.0,0.0,0.0
BOW,100,0.0,0.0,0.0
BOW,110,0.0,0.0,0.0
BOW,120,0.0,0.0,0.0
BOW,130,0.0,0.0,0.0
BOW,140,0.0,0.0,0.0
BOW,150,0.0,0.0,0.0
BOW,160,0.0,0.0,0.0
BOW,170,0.0,0.0,0.0
BOW,180,0.0,0.0,0.0
BOW,190,0.0,0.0,0.0
BOW,200,0.0,0.0,0.0
BOW,210,0.0,0.0,0.0
BOW,220,0.0,0.0,0.0
BOW,230,0.0,0.0,0.0
BOW,240,0.0,0.0,0.0
BOW,250,0.0,0.0,0.0
BOW,260,0.0,0.0,0.0
BOW,270,0.0,0.0,0.0
BOW,280,0.0,0.0,0.0
BOW,290,0.0,0.0,0.0
BOW,300,0.0,0.0,0.0
BOW,310,0.0,0.0,0.0
BOW,320,0.0,0.0,0.0
BOW,330,0.0,0.0,0.0
BOW,340,0.0,0.0,0.0
BOW,350,0.0,0.0,0.0
CEW,0,0.0,0.0,0.0
CEW,10,0.0,0.0,0.0
CEW,20,0.0,0.0,0.0
CEW,30,0.0,0.0,0.0
CEW,40,0.0,0.0,0.0
CEW,50,0.0,0.0,0.0
CEW,60,0.0,0.0,0.0
CEW,70,0.0,0.0,0.0
CEW,80,0.0,0.0,0.0
CEW,90,0.0,0.0,0.0
CEW,100,0.0,0.0,0.0
CEW,110,0.0,0.0,0.0
CEW,120,0.0,0.0,0.0
CEW,130,0.0,0.0,0.0
CEW,140,0.0,0.0,0.0
CEW,150,0.0,0.0,0.0
CEW,160,0.0,0.0,0.0
CEW,170,0.0,0.0,0.0
CEW,180,0.0,0.0,0.0
CEW,190,0.0,0.0,0.0
CEW,200,0.0,0.0,0.0
CEW,210,0.0,0.0,0.0
CEW,220,0.0,0.0,0.0
CEW,230,0.0,0.0,0.0
CEW,240,0.0,0.0,0.0
CEW,250,0.0,0.0,0.0
CEW,260,0.0,0.0,0.0
CEW,270,0.0,0.0,0.0
CEW,280,0.0,0.0,0.0
CEW,290,0.0,0.0,0.0
CEW,300,0.0,0.0,0.0
CEW,310,0.0,0.0,0.0
CEW,320,0.0,0.0,0.0
CEW,330,0.0,0.0,0.0
CEW,340,0.0,0.0,0.0
CEW,350,0.0,0.0,0.0
CGC,0,0.0,0.0,0.0
CGC,10,0.0,0.0,0.0
CGC,20,0.0,0.0,0.0
CGC,30,0.0,0.0,0.0
CGC,40,0.0,0.0,0.0
CGC,50,0.0,0.0,0.0
CGC,60,0.0,0.0,0.0
CGC,70,0.0,0.0,0.0
CGC,80,0.0,0.0,0.0
CGC,90,0.0,0.0,0.0
CGC,100,0.0,0.0,0.0
CGC,110,0.0,0.0,0.0
CGC,120,0.0,0.0,0.0
CGC,130,0.0,0.0,0.0
CGC,140,0.0,0.0,0.0
CGC,150,0.0,0.0,0.0
CGC,160,0.0,0.0,0.0
CGC,170,0.0,0.0,0.0
CGC,180,0.0,0.0,0.0
CGC,190,0.0,0.0,0.0
CGC,200,0.0,0.0,0.0
CGC,210,0.0,0.0,0.0
CGC,220,0.0,0.0,0.095
CGC,230,0.0,0.0,0.225
CGC,240,0.0,0.0,0.22
CGC,250,0.0,0.0,0.19
CGC,260,0.0,0.0,0.235
CGC,270,0.0,0.0,0.31
CGC,280,0.0,0.0,0.475
CGC,290,0.0,0.0,0.4
CGC,300,0.0,0.0,0.225
CGC,310,0.0,0.0,0.01
CGC,320,0.0,0.0,0.0
CGC,330,0.0,0.0,0.0
CGC,340,0.0,0.0,0.0
CGC,350,0.0,0.0,0.0
CLW,0,0.0,0.0,0.0
CLW,10,0.0,0.0,0.0
CLW,20,0.0,0.0,0.0
CLW,30,0.0,0.0,0.0
CLW,40,0.0,0.0,0.0
CLW,50,0.0,0.0,0.0
CLW,60,0.0,0.0,0.0
CLW,70,0.0,0.08,0.05
CLW,80,0.0,0.33,0.305
CLW,90,0.0,0.33,0.49
CLW,100,0.0,0.33,0.635
CLW,110,0.0,0.46,0.71
CLW,120,0.0,0.51,0.665
CLW,130,0.0,0.38,0.27
CLW,140,0.0,0.05,0.025
CLW,150,0.0,0.0,0.0
CLW,160,0.0,0.0,0.0
CLW,170,0.0,0.0,0.0
CLW,180,0.0,0.0,0.045
CLW,190,0.0,0.0,0.07
CLW,200,0.0,0.0,0.1
CLW,210,0.0,0.0,0.185
CLW,220,0.0,0.0,0.31
CLW,230,0.0,0.08,0.46
CLW,240,0.0,0.26,0.615
CLW,250,0.0,0.26,0.63
CLW,260,0.0,0.37,0.685
CLW,270,0.0,0.25,0.625
CLW,280,0.0,0.34,0.67
CLW,290,0.0,0.45,0.725
CLW,300,0.0,0.5,0.75
CLW,310,0.0,0.38,0.69
CLW,320,0.0,0.33,0.625
CLW,330,0.0,0.28,0.57
CLW,340,0.0,0.12,0.56
CLW,350,0.0,0.0,0.24
COF,0,0.4,0.39,0.385
COF,10,0.0,0.44,0.655
COF,20,0.133,0.73,0.865
COF,30,0.433,0.83,0.915
COF,40,0.567,0.87,0.935
COF,50,0.667,0.9,0.95
COF,60,0.667,0.9,0.95
COF,70,0.667,0.9,0.95
COF,80,0.767,0.93,0.965
COF,90,0.833,0.95,0.975
COF,100,0.633,0.89,0.945
COF,110,0.5,0.85,0.925
COF,120,0.367,0.81,0.905
COF,130,0.3,0.79,0.895
COF,140,0.133,0.74,0.87
COF,150,0.0,0.66,0.83
COF,160,0.0,0.32,0.52
COF,170,0.0,0.0,0.225
COF,180,0.0,0.24,0.33
COF,190,0.033,0.52,0.28
COF,200,0.4,0.53,0.265
COF,210,0.633,0.51,0.255
COF,220,0.733,0.47,0.235
COF,230,0.833,0.44,0.22
COF,240,0.833,0.47,0.235
COF,250,0.833,0.4,0.2
COF,260,0.833,0.4,0.2
COF,270,0.833,0.42,0.21
COF,280,0.833,0.48,0.24
COF,290,0.833,0.56,0.28
COF,300,0.833,0.67,0.335
COF,310,0.833,0.7,0.4
COF,320,0.733,0.75,0.58
COF,330,0.633,0.8,0.535
COF,340,0.5,0.73,0.57
COF,350,0.5,0.5,0.685
COI,0,0.0,0.0,0.0
COI,10,0.0,0.0,0.005
COI,20,0.0,0.23,0.485
COI,30,0.067,0.46,0.6
COI,40,0.267,0.61,0.37
COI,50,0.367,0.68,0.48
COI,60,0.4,0.64,0.795
COI,70,0.367,0.56,0.78
COI,80,0.333,0.69,0.845
COI,90,0.333,0.59,0.795
COI,100,0.333,0.56,0.78
COI,110,0.367,0.46,0.73
COI,120,0.4,0.32,0.66
COI,130,0.467,0.54,0.755
COI,140,0.533,0.74,0.79
COI,150,0.4,0.75,0.64
COI,160,0.1,0.38,0.565
COI,170,0.0,0.23,0.325
COI,180,0.133,0.4,0.2
COI,190,0.2,0.25,0.125
COI,200,0.467,0.23,0.115
COI,210,0.667,0.2,0.1
COI,220,0.667,0.2,0.1
COI,230,0.5,0.15,0.075
COI,240,0.3,0.09,0.045
COI,250,0.4,0.12,0.06
COI,260,0.667,0.2,0.1
COI,270,0.667,0.2,0.1
COI,280,0.667,0.2,0.1
COI,290,0.567,0.17,0.085
COI,300,0.267,0.16,0.08
COI,310,0.1,0.27,0.135
COI,320,0.0,0.47,0.245
COI,330,0.0,0.41,0.43
COI,340,0.0,0.13,0.48
COI,350,0.0,0.0,0.07
CRG,0,0.0,0.0,0.0
CRG,10,0.0,0.0,0.0
CRG,20,0.0,0.0,0.005
CRG,30,0.0,0.0,0.045
CRG,40,0.0,0.0,0.195
CRG,50,0.0,0.0,0.3
CRG,60,0.0,0.0,0.345
CRG,70,0.0,0.0,0.38
CRG,80,0.0,0.0,0.415
CRG,90,0.0,0.0,0.425
CRG,100,0.0,0.0,0.405
CRG,110,0.0,0.0,0.34
CRG,120,0.0,0.0,0.265
CRG,130,0.0,0.0,0.1
CRG,140,0.0,0.0,0.0
CRG,150,0.0,0.0,0.0
CRG,160,0.0,0.0,0.0
CRG,170,0.0,0.0,0.0
CRG,180,0.0,0.0,0.0
CRG,190,0.0,0.0,0.0
CRG,200,0.0,0.0,0.0
CRG,210,0.0,0.0,0.0
CRG,220,0.0,0.0,0.0
CRG,230,0.0,0.0,0.0
CRG,240,0.0,0.0,0.0
CRG,250,0.0,0.0,0.0
CRG,260,0.0,0.0,0.0
CRG,270,0.0,0.0,0.0
CRG,280,0.0,0.0,0.0
CRG,290,0.0,0.0,0.0
CRG,300,0.0,0.0,0.0
CRG,310,0.0,0.0,0.0
CRG,320,0.0,0.0,0.0
CRG,330,0.0,0.0,0.0
CRG,340,0.0,0.0,0.0
CRG,350,0.0,0.0,0.0
CTY,0,0.0,0.0,0.0
CTY,10,0.0,0.0,0.0
CTY,20,0.0,0.0,0.0
CTY,30,0.0,0.0,0.0
CTY,40,0.0,0.0,0.0
CTY,50,0.0,0.0,0.0
CTY,60,0.0,0.0,0.0
CTY,70,0.0,0.0,0.0
CTY,80,0.0,0.0,0.0
CTY,90,0.0,0.0,0.0
CTY,100,0.0,0.0,0.0
CTY,110,0.0,0.0,0.0
CTY,120,0.0,0.0,0.0
CTY,130,0.0,0.0,0.0
CTY,140,0.0,0.0,0.0
CTY,150,0.0,0.0,0.0
CTY,160,0.0,0.0,0.0
CTY,170,0.0,0.0,0.0
CTY,180,0.0,0.0,0.0
CTY,190,0.0,0.0,0.0
CTY,200,0.0,0.0,0.0
CTY,210,0.0,0.0,0.0
CTY,220,0.0,0.0,0.0
CTY,230,0.0,0.0,0.0
CTY,240,0.0,0.0,0.0
CTY,250,0.0,0.0,0.0
CTY,260,0.0,0.0,0.0
CTY,270,0.0,0.0,0.0
CTY,280,0.0,0.0,0.0
CTY,290,0.0,0.0,0.0
CTY,300,0.0,0.0,0.0
CTY,310,0.0,0.0,0.0
CTY,320,0.0,0.0,0.0
CTY,330,0.0,0.0,0.0
CTY,340,0.0,0.0,0.0
CTY,350,0.0,0.0,0.0
DAB,0,0.0,0.0,0.115
DAB,10,0.0,0.0,0.355
DAB,20,0.0,0.01,0.485
DAB,30,0.0,0.13,0.565
DAB,40,0.0,0.23,0.615
DAB,50,0.0,0.28,0.64
DAB,60,0.0,0.29,0.645
DAB,70,0.0,0.31,0.655
DAB,80,0.0,0.29,0.645
DAB,90,0.0,0.22,0.61
DAB,100,0.0,0.12,0.56
DAB,110,0.0,0.0,0.485
DAB,120,0.0,0.0,0.36
DAB,130,0.0,0.0,0.095
DAB,140,0.0,0.0,0.0
DAB,150,0.0,0.0,0.0
DAB,160,0.0,0.0,0.0
DAB,170,0.0,0.0,0.0
DAB,180,0.0,0.0,0.0
DAB,190,0.0,0.0,0.0
DAB,200,0.0,0.0,0.0
DAB,210,0.0,0.0,0.0
DAB,220,0.0,0.0,0.0
DAB,230,0.0,0.0,0.0
DAB,240,0.0,0.0,0.0
DAB,250,0.0,0.0,0.0
DAB,260,0.0,0.0,0.0
DAB,270,0.0,0.0,0.0
DAB,280,0.0,0.0,0.0
DAB,290,0.0,0.0,0.0
DAB,300,0.0,0.0,0.0
DAB,310,0.0,0.0,0.0
DAB,320,0.0,0.0,0.0
DAB,330,0.0,0.0,0.0
DAB,340,0.0,0.0,0.0
DAB,350,0.0,0.0,0.0
DED,0,0.0,0.0,0.0
DED,10,0.0,0.0,0.0
DED,20,0.0,0.0,0.0
DED,30,0.0,0.0,0.0
DED,40,0.0,0.0,0.0
DED,50,0.0,0.0,0.0
DED,60,0.0,0.0,0.0
DED,70,0.0,0.0,0.0
DED,80,0.0,0.0,0.0
DED,90,0.0,0.0,0.0
DED,100,0.0,0.0,0.0
DED,110,0.0,0.0,0.0
DED,120,0.0,0.0,0.0
DED,130,0.0,0.0,0.0
DED,140,0.0,0.0,0.0
DED,150,0.0,0.0,0.0
DED,160,0.0,0.0,0.0
DED,170,0.0,0.0,0.0
DED,180,0.0,0.0,0.0
DED,190,0.0,0.0,0.0
DED,200,0.0,0.0,0.0
DED,210,0.0,0.0,0.0
DED,220,0.0,0.0,0.0
DED,230,0.0,0.0,0.0
DED,240,0.0,0.0,0.0
DED,250,0.0,0.0,0.0
DED,260,0.0,0.0,0.0
DED,270,0.0,0.0,0.0
DED,280,0.0,0.0,0.0
DED,290,0.0,0.0,0.0
DED,300,0.0,0.0,0.0
DED,310,0.0,0.0,0.0
DED,320,0.0,0.0,0.0
DED,330,0.0,0.0,0.0
DED,340,0.0,0.0,0.0
DED,350,0.0,0.0,0.0
DJT,0,0.0,0.0,0.0
DJT,10,0.0,0.0,0.0
DJT,20,0.0,0.0,0.185
DJT,30,0.0,0.06,0.37
DJT,40,0.0,0.09,0.505
DJT,50,0.0,0.16,0.58
DJT,60,0.0,0.26,0.63
DJT,70,0.0,0.29,0.645
DJT,80,0.0,0.32,0.66
DJT,90,0.0,0.35,0.675
DJT,100,0.0,0.35,0.675
DJT,110,0.0,0.33,0.665
DJT,120,0.0,0.26,0.63
DJT,130,0.0,0.19,0.595
DJT,140,0.0,0.07,0.52
DJT,150,0.0,0.0,0.345
DJT,160,0.0,0.0,0.155
DJT,170,0.0,0.0,0.0
DJT,180,0.0,0.0,0.0
DJT,190,0.0,0.0,0.0
DJT,200,0.0,0.0,0.0
DJT,210,0.0,0.0,0.0
DJT,220,0.0,0.0,0.0
DJT,230,0.0,0.0,0.0
DJT,240,0.0,0.0,0.0
DJT,250,0.0,0.0,0.0
DJT,260,0.0,0.0,0.0
DJT,270,0.0,0.0,0.0
DJT,280,0.0,0.0,0.0
DJT,290,0.0,0.0,0.0
DJT,300,0.0,0.0,0.0
DJT,310,0.0,0.0,0.0
DJT,320,0.0,0.0,0.0
DJT,330,0.0,0.0,0.0
DJT,340,0.0,0.0,0.0
DJT,350,0.0,0.0,0.0
DTS,0,0.3,0.75,0.385
DTS,10,0.5,0.84,0.44
DTS,20,0.5,0.76,0.38
DTS,30,0.467,0.64,0.32
DTS,40,0.333,0.6,0.3
DTS,50,0.233,0.71,0.405
DTS,60,0.033,0.69,0.695
DTS,70,0.0,0.53,0.765
DTS,80,0.0,0.33,0.565
DTS,90,0.0,0.1,0.215
DTS,100,0.0,0.06,0.13
DTS,110,0.0,0.42,0.695
DTS,120,0.033,0.62,0.81
DTS,130,0.2,0.75,0.875
DTS,140,0.533,0.86,0.93
DTS,150,0.667,0.9,0.95
DTS,160,0.667,0.9,0.95
DTS,170,0.667,0.9,0.95
DTS,180,0.667,0.9,0.95
DTS,190,0.667,0.9,0.95
DTS,200,0.667,0.9,0.95
DTS,210,0.667,0.9,0.95
DTS,220,0.5,0.85,0.925
DTS,230,0.1,0.72,0.86
DTS,240,0.0,0.66,0.83
DTS,250,0.0,0.67,0.835
DTS,260,0.0,0.34,0.67
DTS,270,0.0,0.12,0.29
DTS,280,0.0,0.53,0.32
DTS,290,0.0,0.56,0.345
DTS,300,0.0,0.49,0.255
DTS,310,0.0,0.51,0.255
DTS,320,0.0,0.48,0.24
DTS,330,0.1,0.44,0.22
DTS,340,0.167,0.48,0.24
DTS,350,0.167,0.51,0.27
ECP,0,0.0,0.0,0.0
ECP,10,0.0,0.0,0.0
ECP,20,0.0,0.0,0.0
ECP,30,0.0,0.0,0.0
ECP,40,0.0,0.0,0.0
ECP,50,0.0,0.0,0.0
ECP,60,0.0,0.0,0.0
ECP,70,0.0,0.0,0.0
ECP,80,0.0,0.0,0.0
ECP,90,0.0,0.0,0.0
ECP,100,0.0,0.0,0.0
ECP,110,0.0,0.0,0.0
ECP,120,0.0,0.0,0.025
ECP,130,0.0,0.0,0.06
ECP,140,0.0,0.0,0.095
ECP,150,0.0,0.12,0.32
ECP,160,0.0,0.18,0.51
ECP,170,0.0,0.18,0.23
ECP,180,0.0,0.22,0.2
ECP,190,0.0,0.17,0.29
ECP,200,0.0,0.07,0.28
ECP,210,0.0,0.03,0.125
ECP,220,0.0,0.0,0.095
ECP,230,0.0,0.0,0.04
ECP,240,0.0,0.0,0.0
ECP,250,0.0,0.0,0.0
ECP,260,0.0,0.0,0.0
ECP,270,0.0,0.0,0.0
ECP,280,0.0,0.0,0.0
ECP,290,0.0,0.0,0.0
ECP,300,0.0,0.0,0.0
ECP,310,0.0,0.0,0.0
ECP,320,0.0,0.0,0.0
ECP,330,0.0,0.0,0.0
ECP,340,0.0,0.0,0.0
ECP,350,0.0,0.0,0.0
EGC,0,0.0,0.0,0.0
EGC,10,0.0,0.0,0.0
EGC,20,0.0,0.0,0.0
EGC,30,0.0,0.0,0.0
EGC,40,0.0,0.0,0.0
EGC,50,0.0,0.0,0.0
EGC,60,0.0,0.0,0.0
EGC,70,0.0,0.0,0.0
EGC,80,0.0,0.0,0.0
EGC,90,0.0,0.0,0.0
EGC,100,0.0,0.0,0.0
EGC,110,0.0,0.0,0.0
EGC,120,0.0,0.0,0.0
EGC,130,0.0,0.05,0.025
EGC,140,0.1,0.24,0.12
EGC,150,0.433,0.41,0.225
EGC,160,0.7,0.42,0.465
EGC,170,0.667,0.38,0.61
EGC,180,0.667,0.6,0.79
EGC,190,0.667,0.59,0.795
EGC,200,0.5,0.58,0.79
EGC,210,0.333,0.57,0.785
EGC,220,0.333,0.39,0.695
EGC,230,0.333,0.3,0.65
EGC,240,0.4,0.44,0.72
EGC,250,0.6,0.42,0.7
EGC,260,0.667,0.28,0.58
EGC,270,0.367,0.11,0.33
EGC,280,0.167,0.23,0.205
EGC,290,0.067,0.25,0.22
EGC,300,0.0,0.02,0.015
EGC,310,0.0,0.0,0.0
EGC,320,0.0,0.0,0.0
EGC,330,0.0,0.0,0.0
EGC,340,0.0,0.0,0.0
EGC,350,0.0,0.0,0.0
EGI,0,0.0,0.0,0.0
EGI,10,0.0,0.0,0.0
EGI,20,0.0,0.0,0.0
EGI,30,0.0,0.0,0.0
EGI,40,0.0,0.0,0.0
EGI,50,0.0,0.0,0.0
EGI,60,0.0,0.0,0.0
EGI,70,0.0,0.0,0.0
EGI,80,0.0,0.0,0.0
EGI,90,0.0,0.0,0.0
EGI,100,0.0,0.0,0.0
EGI,110,0.0,0.0,0.0
EGI,120,0.0,0.0,0.0
EGI,130,0.0,0.0,0.0
EGI,140,0.0,0.0,0.0
EGI,150,0.0,0.0,0.0
EGI,160,0.0,0.0,0.04
EGI,170,0.0,0.0,0.025
EGI,180,0.0,0.0,0.0
EGI,190,0.0,0.0,0.0
EGI,200,0.0,0.0,0.0
EGI,210,0.0,0.0,0.0
EGI,220,0.0,0.0,0.0
EGI,230,0.0,0.0,0.0
EGI,240,0.0,0.0,0.0
EGI,250,0.0,0.0,0.0
EGI,260,0.0,0.0,0.0
EGI,270,0.0,0.0,0.0
EGI,280,0.0,0.0,0.0
EGI,290,0.0,0.0,0.0
EGI,300,0.0,0.0,0.0
EGI,310,0.0,0.0,0.0
EGI,320,0.0,0.0,0.0
EGI,330,0.0,0.0,0.0
EGI,340,0.0,0.0,0.0
EGI,350,0.0,0.0,0.0
EVB,0,0.0,0.17,0.58
EVB,10,0.0,0.41,0.705
EVB,20,0.0,0.49,0.745
EVB,30,0.0,0.53,0.765
EVB,40,0.0,0.55,0.775
EVB,50,0.0,0.62,0.81
EVB,60,0.0,0.62,0.81
EVB,70,0.0,0.59,0.795
EVB,80,0.0,0.55,0.775
EVB,90,0.0,0.55,0.775
EVB,100,0.0,0.47,0.735
EVB,110,0.0,0.4,0.7
EVB,120,0.0,0.24,0.62
EVB,130,0.0,0.02,0.43
EVB,140,0.0,0.0,0.06
EVB,150,0.0,0.0,0.0
EVB,160,0.0,0.0,0.0
EVB,170,0.0,0.0,0.0
EVB,180,0.0,0.0,0.0
EVB,190,0.0,0.0,0.0
EVB,200,0.0,0.0,0.0
EVB,210,0.0,0.0,0.0
EVB,220,0.0,0.0,0.0
EVB,230,0.0,0.0,0.0
EVB,240,0.0,0.0,0.0
EVB,250,0.0,0.0,0.0
EVB,260,0.0,0.0,0.0
EVB,270,0.0,0.0,0.0
EVB,280,0.0,0.0,0.0
EVB,290,0.0,0.0,0.0
EVB,300,0.0,0.0,0.0
EVB,310,0.0,0.0,0.0
EVB,320,0.0,0.0,0.0
EVB,330,0.0,0.0,0.0
EVB,340,0.0,0.0,0.005
EVB,350,0.0,0.01,0.31
EYW,0,0.1,0.73,0.865
EYW,10,0.333,0.8,0.895
EYW,20,0.2,0.71,0.835
EYW,30,0.0,0.59,0.755
EYW,40,0.0,0.59,0.76
EYW,50,0.0,0.5,0.715
EYW,60,0.0,0.29,0.39
EYW,70,0.0,0.17,0.2
EYW,80,0.0,0.08,0.385
EYW,90,0.133,0.34,0.67
EYW,100,0.167,0.68,0.84
EYW,110,0.4,0.82,0.91
EYW,120,0.633,0.89,0.945
EYW,130,0.7,0.91,0.955
EYW,140,0.833,0.95,0.975
EYW,150,0.833,0.95,0.975
EYW,160,0.833,0.95,0.975
EYW,170,0.833,0.95,0.975
EYW,180,0.833,0.95,0.975
EYW,190,0.833,0.95,0.975
EYW,200,0.833,0.95,0.975
EYW,210,0.733,0.92,0.96
EYW,220,0.533,0.86,0.93
EYW,230,0.3,0.79,0.895
EYW,240,0.067,0.71,0.855
EYW,250,0.0,0.56,0.78
EYW,260,0.0,0.52,0.745
EYW,270,0.0,0.55,0.745
EYW,280,0.0,0.53,0.75
EYW,290,0.033,0.61,0.795
EYW,300,0.267,0.68,0.84
EYW,310,0.333,0.69,0.845
EYW,320,0.1,0.66,0.83
EYW,330,0.0,0.67,0.835
EYW,340,0.0,0.61,0.805
EYW,350,0.0,0.66,0.83
F45,0,0.0,0.0,0.0
F45,10,0.0,0.0,0.0
F45,20,0.0,0.0,0.0
F45,30,0.0,0.0,0.0
F45,40,0.0,0.0,0.0
F45,50,0.0,0.0,0.04
F45,60,0.0,0.0,0.105
F45,70,0.0,0.0,0.125
F45,80,0.0,0.0,0.13
F45,90,0.0,0.0,0.115
F45,100,0.0,0.0,0.075
F45,110,0.0,0.0,0.045
F45,120,0.0,0.0,0.025
F45,130,0.0,0.0,0.0
F45,140,0.0,0.0,0.0
F45,150,0.0,0.0,0.0
F45,160,0.0,0.0,0.0
F45,170,0.0,0.0,0.0
F45,180,0.0,0.0,0.0
F45,190,0.0,0.0,0.0
F45,200,0.0,0.0,0.0
F45,210,0.0,0.0,0.0
F45,220,0.0,0.0,0.0
F45,230,0.0,0.0,0.0
F45,240,0.0,0.0,0.0
F45,250,0.0,0.0,0.0
F45,260,0.0,0.0,0.0
F45,270,0.0,0.0,0.0
F45,280,0.0,0.0,0.0
F45,290,0.0,0.0,0.0
F45,300,0.0,0.0,0.0
F45,310,0.0,0.0,0.0
F45,320,0.0,0.0,0.0
F45,330,0.0,0.0,0.0
F45,340,0.0,0.0,0.0
F45,350,0.0,0.0,0.0
F95,0,0.0,0.0,0.0
F95,10,0.0,0.0,0.0
F95,20,0.0,0.0,0.0
F95,30,0.0,0.0,0.0
F95,40,0.0,0.0,0.0
F95,50,0.0,0.0,0.0
F95,60,0.0,0.0,0.0
F95,70,0.0,0.0,0.0
F95,80,0.0,0.0,0.0
F95,90,0.0,0.0,0.0
F95,100,0.0,0.0,0.0
F95,110,0.0,0.0,0.0
F95,120,0.0,0.0,0.0
F95,130,0.0,0.0,0.0
F95,140,0.0,0.0,0.0
F95,150,0.0,0.0,0.0
F95,160,0.0,0.0,0.0
F95,170,0.0,0.0,0.0
F95,180,0.0,0.0,0.0
F95,190,0.0,0.0,0.0
F95,200,0.0,0.0,0.0
F95,210,0.0,0.0,0.0
F95,220,0.0,0.0,0.0
F95,230,0.0,0.0,0.0
F95,240,0.0,0.0,0.0
F95,250,0.0,0.0,0.0
F95,260,0.0,0.0,0.0
F95,270,0.0,0.0,0.0
F95,280,0.0,0.0,0.0
F95,290,0.0,0.0,0.0
F95,300,0.0,0.0,0.0
F95,310,0.0,0.0,0.0
F95,320,0.0,0.0,0.0
F95,330,0.0,0.0,0.0
F95,340,0.0,0.0,0.0
F95,350,0.0,0.0,0.0
FHB,0,0.0,0.0,0.11
FHB,10,0.0,0.0,0.425
FHB,20,0.0,0.06,0.51
FHB,30,0.0,0.32,0.66
FHB,40,0.0,0.52,0.76
FHB,50,0.0,0.68,0.84
FHB,60,0.033,0.71,0.855
FHB,70,0.167,0.75,0.875
FHB,80,0.167,0.75,0.875
FHB,90,0.167,0.75,0.875
FHB,100,0.167,0.75,0.875
FHB,110,0.167,0.75,0.875
FHB,120,0.033,0.71,0.855
FHB,130,0.0,0.7,0.85
FHB,140,0.033,0.71,0.855
FHB,150,0.0,0.65,0.825
FHB,160,0.0,0.37,0.575
FHB,170,0.0,0.0,0.07
FHB,180,0.0,0.0,0.0
FHB,190,0.0,0.0,0.0
FHB,200,0.0,0.0,0.0
FHB,210,0.0,0.0,0.0
FHB,220,0.0,0.0,0.0
FHB,230,0.0,0.0,0.0
FHB,240,0.0,0.0,0.0
FHB,250,0.0,0.0,0.0
FHB,260,0.0,0.0,0.0
FHB,270,0.0,0.0,0.0
FHB,280,0.0,0.0,0.0
FHB,290,0.0,0.0,0.0
FHB,300,0.0,0.0,0.0
FHB,310,0.0,0.0,0.0
FHB,320,0.0,0.0,0.0
FHB,330,0.0,0.0,0.0
FHB,340,0.0,0.0,0.0
FHB,350,0.0,0.0,0.0
FIN,0,0.0,0.0,0.02
FIN,10,0.0,0.0,0.205
FIN,20,0.0,0.0,0.38
FIN,30,0.0,0.01,0.475
FIN,40,0.0,0.07,0.535
FIN,50,0.0,0.13,0.565
FIN,60,0.0,0.17,0.585
FIN,70,0.0,0.17,0.585
FIN,80,0.0,0.14,0.57
FIN,90,0.0,0.09,0.545
FIN,100,0.0,0.04,0.515
FIN,110,0.0,0.0,0.435
FIN,120,0.0,0.0,0.315
FIN,130,0.0,0.0,0.115
FIN,140,0.0,0.0,0.0
FIN,150,0.0,0.0,0.0
FIN,160,0.0,0.0,0.0
FIN,170,0.0,0.0,0.0
FIN,180,0.0,0.0,0.0
FIN,190,0.0,0.0,0.0
FIN,200,0.0,0.0,0.0
FIN,210,0.0,0.0,0.0
FIN,220,0.0,0.0,0.0
FIN,230,0.0,0.0,0.0
FIN,240,0.0,0.0,0.0
FIN,250,0.0,0.0,0.0
FIN,260,0.0,0.0,0.0
FIN,270,0.0,0.0,0.0
FIN,280,0.0,0.0,0.0
FIN,290,0.0,0.0,0.0
FIN,300,0.0,0.0,0.0
FIN,310,0.0,0.0,0.0
FIN,320,0.0,0.0,0.0
FIN,330,0.0,0.0,0.0
FIN,340,0.0,0.0,0.0
FIN,350,0.0,0.0,0.0
FLL,0,0.0,0.0,0.0
FLL,10,0.0,0.0,0.0
FLL,20,0.0,0.0,0.015
FLL,30,0.0,0.0,0.265
FLL,40,0.0,0.06,0.49
FLL,50,0.0,0.21,0.605
FLL,60,0.0,0.3,0.65
FLL,70,0.0,0.36,0.68
FLL,80,0.0,0.41,0.705
FLL,90,0.0,0.49,0.745
FLL,100,0.0,0.48,0.74
FLL,110,0.0,0.45,0.725
FLL,120,0.0,0.4,0.7
FLL,130,0.0,0.31,0.655
FLL,140,0.0,0.19,0.595
FLL,150,0.0,0.02,0.495
FLL,160,0.0,0.0,0.325
FLL,170,0.0,0.0,0.025
FLL,180,0.0,0.0,0.0
FLL,190,0.0,0.0,0.0
FLL,200,0.0,0.0,0.0
FLL,210,0.0,0.0,0.0
FLL,220,0.0,0.0,0.0
FLL,230,0.0,0.0,0.0
FLL,240,0.0,0.0,0.0
FLL,250,0.0,0.0,0.0
FLL,260,0.0,0.0,0.0
FLL,270,0.0,0.0,0.0
FLL,280,0.0,0.0,0.0
FLL,290,0.0,0.0,0.0
FLL,300,0.0,0.0,0.0
FLL,310,0.0,0.0,0.0
FLL,320,0.0,0.0,0.0
FLL,330,0.0,0.0,0.0
FLL,340,0.0,0.0,0.0
FLL,350,0.0,0.0,0.0
FMY,0,0.0,0.1,0.05
FMY,10,0.0,0.02,0.045
FMY,20,0.0,0.0,0.045
FMY,30,0.0,0.0,0.0
FMY,40,0.0,0.0,0.0
FMY,50,0.0,0.0,0.0
FMY,60,0.0,0.0,0.0
FMY,70,0.0,0.0,0.0
FMY,80,0.0,0.0,0.0
FMY,90,0.0,0.0,0.0
FMY,100,0.0,0.0,0.0
FMY,110,0.0,0.0,0.0
FMY,120,0.0,0.0,0.0
FMY,130,0.0,0.0,0.0
FMY,140,0.0,0.0,0.0
FMY,150,0.0,0.0,0.0
FMY,160,0.0,0.0,0.0
FMY,170,0.0,0.0,0.005
FMY,180,0.0,0.0,0.115
FMY,190,0.0,0.0,0.095
FMY,200,0.0,0.0,0.15
FMY,210,0.0,0.0,0.14
FMY,220,0.0,0.0,0.17
FMY,230,0.0,0.02,0.15
FMY,240,0.0,0.19,0.42
FMY,250,0.0,0.23,0.255
FMY,260,0.0,0.25,0.16
FMY,270,0.0,0.25,0.19
FMY,280,0.0,0.27,0.19
FMY,290,0.0,0.22,0.11
FMY,300,0.0,0.21,0.105
FMY,310,0.0,0.27,0.135
FMY,320,0.0,0.22,0.11
FMY,330,0.0,0.19,0.095
FMY,340,0.0,0.14,0.07
FMY,350,0.0,0.08,0.04
FPR,0,0.0,0.0,0.06
FPR,10,0.0,0.11,0.415
FPR,20,0.0,0.3,0.565
FPR,30,0.0,0.37,0.655
FPR,40,0.0,0.34,0.67
FPR,50,0.0,0.38,0.69
FPR,60,0.0,0.45,0.725
FPR,70,0.0,0.46,0.73
FPR,80,0.0,0.42,0.71
FPR,90,0.0,0.4,0.7
FPR,100,0.0,0.36,0.68
FPR,110,0.0,0.31,0.655
FPR,120,0.0,0.32,0.61
FPR,130,0.0,0.18,0.45
FPR,140,0.0,0.07,0.41
FPR,150,0.0,0.0,0.1
FPR,160,0.0,0.0,0.0
FPR,170,0.0,0.0,0.0
FPR,180,0.0,0.0,0.0
FPR,190,0.0,0.0,0.0
FPR,200,0.0,0.0,0.0
FPR,210,0.0,0.0,0.0
FPR,220,0.0,0.0,0.0
FPR,230,0.0,0.0,0.0
FPR,240,0.0,0.0,0.0
FPR,250,0.0,0.0,0.0
FPR,260,0.0,0.0,0.0
FPR,270,0.0,0.0,0.0
FPR,280,0.0,0.0,0.0
FPR,290,0.0,0.0,0.0
FPR,300,0.0,0.0,0.0
FPR,310,0.0,0.0,0.0
FPR,320,0.0,0.0,0.0
FPR,330,0.0,0.0,0.0
FPR,340,0.0,0.0,0.0
FPR,350,0.0,0.0,0.0
FPY,0,0.0,0.0,0.0
FPY,10,0.0,0.0,0.0
FPY,20,0.0,0.0,0.0
FPY,30,0.0,0.0,0.0
FPY,40,0.0,0.0,0.0
FPY,50,0.0,0.0,0.0
FPY,60,0.0,0.0,0.0
FPY,70,0.0,0.0,0.0
FPY,80,0.0,0.0,0.0
FPY,90,0.0,0.0,0.0
FPY,100,0.0,0.0,0.0
FPY,110,0.0,0.0,0.0
FPY,120,0.0,0.0,0.0
FPY,130,0.0,0.0,0.0
FPY,140,0.0,0.0,0.0
FPY,150,0.0,0.0,0.0
FPY,160,0.0,0.0,0.0
FPY,170,0.0,0.0,0.0
FPY,180,0.0,0.0,0.0
FPY,190,0.0,0.0,0.0
FPY,200,0.0,0.0,0.005
FPY,210,0.0,0.0,0.035
FPY,220,0.0,0.0,0.03
FPY,230,0.0,0.0,0.005
FPY,240,0.0,0.0,0.0
FPY,250,0.0,0.0,0.0
FPY,260,0.0,0.0,0.0
FPY,270,0.0,0.0,0.0
FPY,280,0.0,0.0,0.0
FPY,290,0.0,0.0,0.0
FPY,300,0.0,0.0,0.0
FPY,310,0.0,0.0,0.0
FPY,320,0.0,0.0,0.0
FPY,330,0.0,0.0,0.0
FPY,340,0.0,0.0,0.0
FPY,350,0.0,0.0,0.0
FXE,0,0.0,0.0,0.0
FXE,10,0.0,0.0,0.0
FXE,20,0.0,0.0,0.0
FXE,30,0.0,0.0,0.035
FXE,40,0.0,0.0,0.24
FXE,50,0.0,0.0,0.395
FXE,60,0.0,0.03,0.49
FXE,70,0.0,0.1,0.55
FXE,80,0.0,0.17,0.585
FXE,90,0.0,0.25,0.625
FXE,100,0.0,0.23,0.615
FXE,110,0.0,0.19,0.595
FXE,120,0.0,0.11,0.555
FXE,130,0.0,0.08,0.54
FXE,140,0.0,0.01,0.47
FXE,150,0.0,0.0,0.33
FXE,160,0.0,0.0,0.12
FXE,170,0.0,0.0,0.0
FXE,180,0.0,0.0,0.0
FXE,190,0.0,0.0,0.0
FXE,200,0.0,0.0,0.0
FXE,210,0.0,0.0,0.0
FXE,220,0.0,0.0,0.0
FXE,230,0.0,0.0,0.0
FXE,240,0.0,0.0,0.0
FXE,250,0.0,0.0,0.0
FXE,260,0.0,0.0,0.0
FXE,270,0.0,0.0,0.0
FXE,280,0.0,0.0,0.0
FXE,290,0.0,0.0,0.0
FXE,300,0.0,0.0,0.0
FXE,310,0.0,0.0,0.0
FXE,320,0.0,0.0,0.0
FXE,330,0.0,0.0,0.0
FXE,340,0.0,0.0,0.0
FXE,350,0.0,0.0,0.0
GIF,0,0.0,0.0,0.0
GIF,10,0.0,0.0,0.0
GIF,20,0.0,0.0,0.0
GIF,30,0.0,0.0,0.0
GIF,40,0.0,0.0,0.0
GIF,50,0.0,0.0,0.0
GIF,60,0.0,0.0,0.0
GIF,70,0.0,0.0,0.0
GIF,80,0.0,0.0,0.0
GIF,90,0.0,0.0,0.0
GIF,100,0.0,0.0,0.0
GIF,110,0.0,0.0,0.0
GIF,120,0.0,0.0,0.0
GIF,130,0.0,0.0,0.0
GIF,140,0.0,0.0,0.0
GIF,150,0.0,0.0,0.0
GIF,160,0.0,0.0,0.0
GIF,170,0.0,0.0,0.0
GIF,180,0.0,0.0,0.0
GIF,190,0.0,0.0,0.0
GIF,200,0.0,0.0,0.0
GIF,210,0.0,0.0,0.0
GIF,220,0.0,0.0,0.0
GIF,230,0.0,0.0,0.0
GIF,240,0.0,0.0,0.0
GIF,250,0.0,0.0,0.0
GIF,260,0.0,0.0,0.0
GIF,270,0.0,0.0,0.0
GIF,280,0.0,0.0,0.0
GIF,290,0.0,0.0,0.0
GIF,300,0.0,0.0,0.0
GIF,310,0.0,0.0,0.0
GIF,320,0.0,0.0,0.0
GIF,330,0.0,0.0,0.0
GIF,340,0.0,0.0,0.0
GIF,350,0.0,0.0,0.0
GNV,0,0.0,0.0,0.0
GNV,10,0.0,0.0,0.0
GNV,20,0.0,0.0,0.0
GNV,30,0.0,0.0,0.0
GNV,40,0.0,0.0,0.0
GNV,50,0.0,0.0,0.0
GNV,60,0.0,0.0,0.0
GNV,70,0.0,0.0,0.0
GNV,80,0.0,0.0,0.0
GNV,90,0.0,0.0,0.0
GNV,100,0.0,0.0,0.0
GNV,110,0.0,0.0,0.0
GNV,120,0.0,0.0,0.0
GNV,130,0.0,0.0,0.0
GNV,140,0.0,0.0,0.0
GNV,150,0.0,0.0,0.0
GNV,160,0.0,0.0,0.0
GNV,170,0.0,0.0,0.0
GNV,180,0.0,0.0,0.0
GNV,190,0.0,0.0,0.0
GNV,200,0.0,0.0,0.0
GNV,210,0.0,0.0,0.0
GNV,220,0.0,0.0,0.0
GNV,230,0.0,0.0,0.0
GNV,240,0.0,0.0,0.0
GNV,250,0.0,0.0,0.0
GNV,260,0.0,0.0,0.0
GNV,270,0.0,0.0,0.0
GNV,280,0.0,0.0,0.0
GNV,290,0.0,0.0,0.0
GNV,300,0.0,0.0,0.0
GNV,310,0.0,0.0,0.0
GNV,320,0.0,0.0,0.0
GNV,330,0.0,0.0,0.0
GNV,340,0.0,0.0,0.0
GNV,350,0.0,0.0,0.0
HEG,0,0.0,0.0,0.0
HEG,10,0.0,0.0,0.0
HEG,20,0.0,0.0,0.0
HEG,30,0.0,0.0,0.0
HEG,40,0.0,0.0,0.0
HEG,50,0.0,0.0,0.0
HEG,60,0.0,0.0,0.0
HEG,70,0.0,0.0,0.0
HEG,80,0.0,0.0,0.0
HEG,90,0.0,0.0,0.0
HEG,100,0.0,0.0,0.0
HEG,110,0.0,0.0,0.0
HEG,120,0.0,0.0,0.0
HEG,130,0.0,0.0,0.0
HEG,140,0.0,0.0,0.0
HEG,150,0.0,0.0,0.0
HEG,160,0.0,0.0,0.0
HEG,170,0.0,0.0,0.0
HEG,180,0.0,0.0,0.0
HEG,190,0.0,0.0,0.0
HEG,200,0.0,0.0,0.0
HEG,210,0.0,0.0,0.0
HEG,220,0.0,0.0,0.0
HEG,230,0.0,0.0,0.0
HEG,240,0.0,0.0,0.0
HEG,250,0.0,0.0,0.0
HEG,260,0.0,0.0,0.0
HEG,270,0.0,0.0,0.0
HEG,280,0.0,0.0,0.0
HEG,290,0.0,0.0,0.0
HEG,300,0.0,0.0,0.0
HEG,310,0.0,0.0,0.0
HEG,320,0.0,0.0,0.0
HEG,330,0.0,0.0,0.0
HEG,340,0.0,0.0,0.0
HEG,350,0.0,0.0,0.0
HRT,0,0.0,0.0,0.0
HRT,10,0.0,0.0,0.0
HRT,20,0.0,0.0,0.0
HRT,30,0.0,0.0,0.0
HRT,40,0.0,0.0,0.0
HRT,50,0.0,0.0,0.0
HRT,60,0.0,0.0,0.0
HRT,70,0.0,0.0,0.0
HRT,80,0.0,0.02,0.145
HRT,90,0.0,0.04,0.41
HRT,100,0.0,0.0,0.285
HRT,110,0.0,0.03,0.33
HRT,120,0.0,0.25,0.625
HRT,130,0.0,0.45,0.725
HRT,140,0.0,0.51,0.755
HRT,150,0.0,0.56,0.78
HRT,160,0.0,0.6,0.8
HRT,170,0.0,0.6,0.8
HRT,180,0.0,0.6,0.8
HRT,190,0.0,0.6,0.8
HRT,200,0.0,0.6,0.8
HRT,210,0.0,0.56,0.78
HRT,220,0.0,0.5,0.75
HRT,230,0.0,0.34,0.67
HRT,240,0.0,0.06,0.51
HRT,250,0.0,0.12,0.345
HRT,260,0.0,0.02,0.135
HRT,270,0.0,0.0,0.0
HRT,280,0.0,0.0,0.0
HRT,290,0.0,0.0,0.0
HRT,300,0.0,0.0,0.0
HRT,310,0.0,0.0,0.0
HRT,320,0.0,0.0,0.0
HRT,330,0.0,0.0,0.0
HRT,340,0.0,0.0,0.0
HRT,350,0.0,0.0,0.0
HST,0,0.0,0.0,0.0
HST,10,0.0,0.0,0.0
HST,20,0.0,0.0,0.0
HST,30,0.0,0.0,0.065
HST,40,0.0,0.0,0.345
HST,50,0.0,0.09,0.52
HST,60,0.0,0.38,0.69
HST,70,0.0,0.49,0.745
HST,80,0.0,0.5,0.74
HST,90,0.0,0.5,0.72
HST,100,0.0,0.5,0.71
HST,110,0.0,0.49,0.695
HST,120,0.0,0.44,0.665
HST,130,0.0,0.25,0.53
HST,140,0.0,0.09,0.48
HST,150,0.0,0.0,0.295
HST,160,0.0,0.0,0.175
HST,170,0.0,0.0,0.09
HST,180,0.0,0.0,0.01
HST,190,0.0,0.0,0.0
HST,200,0.0,0.0,0.0
HST,210,0.0,0.0,0.0
HST,220,0.0,0.0,0.0
HST,230,0.0,0.0,0.0
HST,240,0.0,0.0,0.0
HST,250,0.0,0.0,0.0
HST,260,0.0,0.0,0.0
HST,270,0.0,0.0,0.0
HST,280,0.0,0.0,0.0
HST,290,0.0,0.0,0.0
HST,300,0.0,0.0,0.0
HST,310,0.0,0.0,0.0
HST,320,0.0,0.0,0.0
HST,330,0.0,0.0,0.0
HST,340,0.0,0.0,0.0
HST,350,0.0,0.0,0.0
HWO,0,0.0,0.0,0.0
HWO,10,0.0,0.0,0.0
HWO,20,0.0,0.0,0.0
HWO,30,0.0,0.0,0.0
HWO,40,0.0,0.0,0.005
HWO,50,0.0,0.0,0.09
HWO,60,0.0,0.0,0.235
HWO,70,0.0,0.0,0.305
HWO,80,0.0,0.0,0.34
HWO,90,0.0,0.0,0.36
HWO,100,0.0,0.0,0.38
HWO,110,0.0,0.0,0.35
HWO,120,0.0,0.0,0.29
HWO,130,0.0,0.0,0.195
HWO,140,0.0,0.0,0.08
HWO,150,0.0,0.0,0.11
HWO,160,0.0,0.0,0.04
HWO,170,0.0,0.0,0.0
HWO,180,0.0,0.0,0.0
HWO,190,0.0,0.0,0.0
HWO,200,0.0,0.0,0.0
HWO,210,0.0,0.0,0.0
HWO,220,0.0,0.0,0.0
HWO,230,0.0,0.0,0.0
HWO,240,0.0,0.0,0.0
HWO,250,0.0,0.0,0.0
HWO,260,0.0,0.0,0.0
HWO,270,0.0,0.0,0.0
HWO,280,0.0,0.0,0.0
HWO,290,0.0,0.0,0.0
HWO,300,0.0,0.0,0.0
HWO,310,0.0,0.0,0.0
HWO,320,0.0,0.0,0.0
HWO,330,0.0,0.0,0.0
HWO,340,0.0,0.0,0.0
HWO,350,0.0,0.0,0.0
IMM,0,0.0,0.0,0.0
IMM,10,0.0,0.0,0.0
IMM,20,0.0,0.0,0.0
IMM,30,0.0,0.0,0.0
IMM,40,0.0,0.0,0.0
IMM,50,0.0,0.0,0.0
IMM,60,0.0,0.0,0.0
IMM,70,0.0,0.0,0.0
IMM,80,0.0,0.0,0.0
IMM,90,0.0,0.0,0.0
IMM,100,0.0,0.0,0.0
IMM,110,0.0,0.0,0.0
IMM,120,0.0,0.0,0.0
IMM,130,0.0,0.0,0.0
IMM,140,0.0,0.0,0.0
IMM,150,0.0,0.0,0.0
IMM,160,0.0,0.0,0.0
IMM,170,0.0,0.0,0.0
IMM,180,0.0,0.0,0.0
IMM,190,0.0,0.0,0.0
IMM,200,0.0,0.0,0.0
IMM,210,0.0,0.0,0.0
IMM,220,0.0,0.0,0.0
IMM,230,0.0,0.0,0.0
IMM,240,0.0,0.0,0.0
IMM,250,0.0,0.0,0.0
IMM,260,0.0,0.0,0.0
IMM,270,0.0,0.0,0.0
IMM,280,0.0,0.0,0.0
IMM,290,0.0,0.0,0.0
IMM,300,0.0,0.0,0.0
IMM,310,0.0,0.0,0.0
IMM,320,0.0,0.0,0.0
IMM,330,0.0,0.0,0.0
IMM,340,0.0,0.0,0.0
IMM,350,0.0,0.0,0.0
INF,0,0.0,0.0,0.0
INF,10,0.0,0.0,0.0
INF,20,0.0,0.0,0.0
INF,30,0.0,0.0,0.0
INF,40,0.0,0.0,0.0
INF,50,0.0,0.0,0.0
INF,60,0.0,0.0,0.0
INF,70,0.0,0.0,0.0
INF,80,0.0,0.0,0.0
INF,90,0.0,0.0,0.0
INF,100,0.0,0.0,0.0
INF,110,0.0,0.0,0.0
INF,120,0.0,0.0,0.0
INF,130,0.0,0.0,0.0
INF,140,0.0,0.0,0.0
INF,150,0.0,0.0,0.0
INF,160,0.0,0.0,0.0
INF,170,0.0,0.0,0.0
INF,180,0.0,0.0,0.0
INF,190,0.0,0.0,0.0
INF,200,0.0,0.0,0.0
INF,210,0.0,0.0,0.0
INF,220,0.0,0.0,0.0
INF,230,0.0,0.0,0.0
INF,240,0.0,0.0,0.0
INF,250,0.0,0.0,0.0
INF,260,0.0,0.0,0.0
INF,270,0.0,0.0,0.0
INF,280,0.0,0.0,0.0
INF,290,0.0,0.0,0.0
INF,300,0.0,0.0,0.0
INF,310,0.0,0.0,0.0
INF,320,0.0,0.0,0.0
INF,330,0.0,0.0,0.0
INF,340,0.0,0.0,0.0
INF,350,0.0,0.0,0.0
ISM,0,0.0,0.0,0.0
ISM,10,0.0,0.0,0.0
ISM,20,0.0,0.0,0.0
ISM,30,0.0,0.0,0.0
ISM,40,0.0,0.0,0.0
ISM,50,0.0,0.0,0.0
ISM,60,0.0,0.0,0.0
ISM,70,0.0,0.0,0.0
ISM,80,0.0,0.0,0.0
ISM,90,0.0,0.0,0.0
ISM,100,0.0,0.0,0.0
ISM,110,0.0,0.0,0.0
ISM,120,0.0,0.0,0.0
ISM,130,0.0,0.0,0.0
ISM,140,0.0,0.0,0.0
ISM,150,0.0,0.0,0.0
ISM,160,0.0,0.0,0.0
ISM,170,0.0,0.0,0.0
ISM,180,0.0,0.0,0.0
ISM,190,0.0,0.0,0.0
ISM,200,0.0,0.0,0.0
ISM,210,0.0,0.0,0.0
ISM,220,0.0,0.0,0.0
ISM,230,0.0,0.0,0.0
ISM,240,0.0,0.0,0.0
ISM,250,0.0,0.0,0.0
ISM,260,0.0,0.0,0.0
ISM,270,0.0,0.0,0.0
ISM,280,0.0,0.0,0.0
ISM,290,0.0,0.0,0.0
ISM,300,0.0,0.0,0.0
ISM,310,0.0,0.0,0.0
ISM,320,0.0,0.0,0.0
ISM,330,0.0,0.0,0.0
ISM,340,0.0,0.0,0.0
ISM,350,0.0,0.0,0.0
JAX,0,0.0,0.0,0.0
JAX,10,0.0,0.0,0.0
JAX,20,0.0,0.0,0.0
JAX,30,0.0,0.0,0.0
JAX,40,0.0,0.0,0.0
JAX,50,0.0,0.0,0.0
JAX,60,0.0,0.0,0.0
JAX,70,0.0,0.0,0.0
JAX,80,0.0,0.0,0.0
JAX,90,0.0,0.0,0.0
JAX,100,0.0,0.0,0.0
JAX,110,0.0,0.0,0.0
JAX,120,0.0,0.0,0.0
JAX,130,0.0,0.0,0.0
JAX,140,0.0,0.0,0.0
JAX,150,0.0,0.0,0.0
JAX,160,0.0,0.0,0.0
JAX,170,0.0,0.0,0.0
JAX,180,0.0,0.0,0.0
JAX,190,0.0,0.0,0.0
JAX,200,0.0,0.0,0.0
JAX,210,0.0,0.0,0.0
JAX,220,0.0,0.0,0.0
JAX,230,0.0,0.0,0.0
JAX,240,0.0,0.0,0.0
JAX,250,0.0,0.0,0.0
JAX,260,0.0,0.0,0.0
JAX,270,0.0,0.0,0.0
JAX,280,0.0,0.0,0.0
JAX,290,0.0,0.0,0.0
JAX,300,0.0,0.0,0.0
JAX,310,0.0,0.0,0.0
JAX,320,0.0,0.0,0.0
JAX,330,0.0,0.0,0.0
JAX,340,0.0,0.0,0.0
JAX,350,0.0,0.0,0.0
K70,0,0.5,0.85,0.925
K70,10,0.167,0.75,0.875
K70,20,0.067,0.62,0.81
K70,30,0.0,0.21,0.45
K70,40,0.133,0.35,0.64
K70,50,0.067,0.59,0.795
K70,60,0.1,0.72,0.86
K70,70,0.167,0.75,0.875
K70,80,0.167,0.75,0.875
K70,90,0.367,0.81,0.905
K70,100,0.5,0.85,0.925
K70,110,0.5,0.85,0.925
K70,120,0.533,0.86,0.93
K70,130,0.667,0.9,0.95
K70,140,0.633,0.89,0.945
K70,150,0.5,0.85,0.925
K70,160,0.5,0.85,0.925
K70,170,0.5,0.85,0.925
K70,180,0.2,0.73,0.865
K70,190,0.0,0.53,0.765
K70,200,0.0,0.24,0.54
K70,210,0.0,0.0,0.145
K70,220,0.033,0.09,0.46
K70,230,0.233,0.23,0.56
K70,240,0.5,0.56,0.625
K70,250,0.5,0.81,0.49
K70,260,0.5,0.8,0.41
K70,270,0.567,0.68,0.34
K70,280,0.833,0.54,0.27
K70,290,0.833,0.49,0.245
K70,300,0.833,0.5,0.25
K70,310,0.733,0.48,0.24
K70,320,0.667,0.41,0.205
K70,330,0.667,0.62,0.33
K70,340,0.667,0.8,0.68
K70,350,0.667,0.89,0.945
LAL,0,0.0,0.0,0.0
LAL,10,0.0,0.0,0.0
LAL,20,0.0,0.0,0.0
LAL,30,0.0,0.0,0.0
LAL,40,0.0,0.0,0.0
LAL,50,0.0,0.0,0.0
LAL,60,0.0,0.0,0.0
LAL,70,0.0,0.0,0.0
LAL,80,0.0,0.0,0.0
LAL,90,0.0,0.0,0.0
LAL,100,0.0,0.0,0.0
LAL,110,0.0,0.0,0.0
LAL,120,0.0,0.0,0.0
LAL,130,0.0,0.0,0.0
LAL,140,0.0,0.0,0.0
LAL,150,0.0,0.0,0.0
LAL,160,0.0,0.0,0.0
LAL,170,0.0,0.0,0.0
LAL,180,0.0,0.0,0.0
LAL,190,0.0,0.0,0.0
LAL,200,0.0,0.0,0.0
LAL,210,0.0,0.0,0.0
LAL,220,0.0,0.0,0.0
LAL,230,0.0,0.0,0.0
LAL,240,0.0,0.0,0.0
LAL,250,0.0,0.0,0.0
LAL,260,0.0,0.0,0.0
LAL,270,0.0,0.0,0.0
LAL,280,0.0,0.0,0.0
LAL,290,0.0,0.0,0.0
LAL,300,0.0,0.0,0.0
LAL,310,0.0,0.0,0.0
LAL,320,0.0,0.0,0.0
LAL,330,0.0,0.0,0.0
LAL,340,0.0,0.0,0.0
LAL,350,0.0,0.0,0.0
LCQ,0,0.0,0.0,0.0
LCQ,10,0.0,0.0,0.0
LCQ,20,0.0,0.0,0.0
LCQ,30,0.0,0.0,0.0
LCQ,40,0.0,0.0,0.0
LCQ,50,0.0,0.0,0.0
LCQ,60,0.0,0.0,0.0
LCQ,70,0.0,0.0,0.0
LCQ,80,0.0,0.0,0.0
LCQ,90,0.0,0.0,0.0
LCQ,100,0.0,0.0,0.0
LCQ,110,0.0,0.0,0.0
LCQ,120,0.0,0.0,0.0
LCQ,130,0.0,0.0,0.0
LCQ,140,0.0,0.0,0.0
LCQ,150,0.0,0.0,0.0
LCQ,160,0.0,0.0,0.0
LCQ,170,0.0,0.0,0.0
LCQ,180,0.0,0.0,0.0
LCQ,190,0.0,0.0,0.0
LCQ,200,0.0,0.0,0.0
LCQ,210,0.0,0.0,0.0
LCQ,220,0.0,0.0,0.0
LCQ,230,0.0,0.0,0.0
LCQ,240,0.0,0.0,0.0
LCQ,250,0.0,0.0,0.0
LCQ,260,0.0,0.0,0.0
LCQ,270,0.0,0.0,0.0
LCQ,280,0.0,0.0,0.0
LCQ,290,0.0,0.0,0.0
LCQ,300,0.0,0.0,0.0
LCQ,310,0.0,0.0,0.0
LCQ,320,0.0,0.0,0.0
LCQ,330,0.0,0.0,0.0
LCQ,340,0.0,0.0,0.0
LCQ,350,0.0,0.0,0.0
LEE,0,0.0,0.0,0.0
LEE,10,0.0,0.0,0.0
LEE,20,0.0,0.0,0.0
LEE,30,0.0,0.0,0.0
LEE,40,0.0,0.0,0.0
LEE,50,0.0,0.0,0.0
LEE,60,0.0,0.0,0.0
LEE,70,0.0,0.0,0.0
LEE,80,0.0,0.0,0.0
LEE,90,0.0,0.0,0.0
LEE,100,0.0,0.0,0.0
LEE,110,0.0,0.0,0.0
LEE,120,0.0,0.0,0.0
LEE,130,0.0,0.0,0.0
LEE,140,0.0,0.0,0.0
LEE,150,0.0,0.0,0.0
LEE,160,0.0,0.0,0.0
LEE,170,0.0,0.0,0.0
LEE,180,0.0,0.0,0.0
LEE,190,0.0,0.0,0.0
LEE,200,0.0,0.0,0.0
LEE,210,0.0,0.0,0.0
LEE,220,0.0,0.0,0.0
LEE,230,0.0,0.0,0.0
LEE,240,0.0,0.0,0.0
LEE,250,0.0,0.0,0.0
LEE,260,0.0,0.0,0.0
LEE,270,0.0,0.0,0.0
LEE,280,0.0,0.0,0.0
LEE,290,0.0,0.0,0.0
LEE,300,0.0,0.0,0.0
LEE,310,0.0,0.0,0.0
LEE,320,0.0,0.0,0.0
LEE,330,0.0,0.0,0.0
LEE,340,0.0,0.0,0.0
LEE,350,0.0,0.0,0.0
LNA,0,0.0,0.0,0.0
LNA,10,0.0,0.0,0.04
LNA,20,0.0,0.0,0.235
LNA,30,0.0,0.04,0.465
LNA,40,0.0,0.23,0.615
LNA,50,0.0,0.41,0.705
LNA,60,0.0,0.43,0.715
LNA,70,0.0,0.48,0.74
LNA,80,0.0,0.5,0.75
LNA,90,0.0,0.5,0.75
LNA,100,0.0,0.5,0.75
LNA,110,0.0,0.48,0.74
LNA,120,0.0,0.43,0.715
LNA,130,0.0,0.39,0.695
LNA,140,0.0,0.45,0.725
LNA,150,0.0,0.18,0.59
LNA,160,0.0,0.0,0.455
LNA,170,0.0,0.0,0.155
LNA,180,0.0,0.0,0.0
LNA,190,0.0,0.0,0.0
LNA,200,0.0,0.0,0.0
LNA,210,0.0,0.0,0.0
LNA,220,0.0,0.0,0.0
LNA,230,0.0,0.0,0.0
LNA,240,0.0,0.0,0.0
LNA,250,0.0,0.0,0.0
LNA,260,0.0,0.0,0.0
LNA,270,0.0,0.0,0.0
LNA,280,0.0,0.0,0.0
LNA,290,0.0,0.0,0.0
LNA,300,0.0,0.0,0.0
LNA,310,0.0,0.0,0.0
LNA,320,0.0,0.0,0.0
LNA,330,0.0,0.0,0.0
LNA,340,0.0,0.0,0.0
LNA,350,0.0,0.0,0.0
MAI,0,0.0,0.0,0.0
MAI,10,0.0,0.0,0.0
MAI,20,0.0,0.0,0.0
MAI,30,0.0,0.0,0.0
MAI,40,0.0,0.0,0.0
MAI,50,0.0,0.0,0.0
MAI,60,0.0,0.0,0.0
MAI,70,0.0,0.0,0.0
MAI,80,0.0,0.0,0.0
MAI,90,0.0,0.0,0.0
MAI,100,0.0,0.0,0.0
MAI,110,0.0,0.0,0.0
MAI,120,0.0,0.0,0.0
MAI,130,0.0,0.0,0.0
MAI,140,0.0,0.0,0.0
MAI,150,0.0,0.0,0.0
MAI,160,0.0,0.0,0.0
MAI,170,0.0,0.0,0.0
MAI,180,0.0,0.0,0.0
MAI,190,0.0,0.0,0.0
MAI,200,0.0,0.0,0.0
MAI,210,0.0,0.0,0.0
MAI,220,0.0,0.0,0.0
MAI,230,0.0,0.0,0.0
MAI,240,0.0,0.0,0.0
MAI,250,0.0,0.0,0.0
MAI,260,0.0,0.0,0.0
MAI,270,0.0,0.0,0.0
MAI,280,0.0,0.0,0.0
MAI,290,0.0,0.0,0.0
MAI,300,0.0,0.0,0.0
MAI,310,0.0,0.0,0.0
MAI,320,0.0,0.0,0.0
MAI,330,0.0,0.0,0.0
MAI,340,0.0,0.0,0.0
MAI,350,0.0,0.0,0.0
MBF,0,0.0,0.21,0.155
MBF,10,0.0,0.17,0.47
MBF,20,0.267,0.67,0.835
MBF,30,0.533,0.86,0.93
MBF,40,0.667,0.9,0.95
MBF,50,0.667,0.9,0.95
MBF,60,0.8,0.94,0.97
MBF,70,0.833,0.95,0.975
MBF,80,0.833,0.95,0.975
MBF,90,0.833,0.95,0.975
MBF,100,0.833,0.95,0.975
MBF,110,0.833,0.95,0.975
MBF,120,0.8,0.94,0.97
MBF,130,0.667,0.9,0.95
MBF,140,0.667,0.9,0.95
MBF,150,0.667,0.9,0.95
MBF,160,0.767,0.93,0.965
MBF,170,0.833,0.95,0.975
MBF,180,0.7,0.91,0.955
MBF,190,0.5,0.54,0.73
MBF,200,0.2,0.09,0.535
MBF,210,0.0,0.28,0.64
MBF,220,0.0,0.48,0.715
MBF,230,0.0,0.5,0.515
MBF,240,0.133,0.61,0.4
MBF,250,0.167,0.38,0.195
MBF,260,0.167,0.25,0.125
MBF,270,0.067,0.16,0.08
MBF,280,0.0,0.06,0.03
MBF,290,0.1,0.1,0.05
MBF,300,0.167,0.22,0.11
MBF,310,0.267,0.38,0.19
MBF,320,0.333,0.41,0.205
MBF,330,0.2,0.53,0.265
MBF,340,0.1,0.63,0.34
MBF,350,0.0,0.51,0.36
MCF,0,0.0,0.0,0.0
MCF,10,0.0,0.0,0.0
MCF,20,0.0,0.0,0.0
MCF,30,0.0,0.21,0.12
MCF,40,0.0,0.32,0.19
MCF,50,0.0,0.39,0.255
MCF,60,0.0,0.59,0.355
MCF,70,0.0,0.65,0.43
MCF,80,0.0,0.61,0.39
MCF,90,0.0,0.56,0.375
MCF,100,0.0,0.5,0.38
MCF,110,0.0,0.47,0.335
MCF,120,0.0,0.42,0.305
MCF,130,0.0,0.45,0.3
MCF,140,0.0,0.6,0.41
MCF,150,0.0,0.7,0.455
MCF,160,0.1,0.73,0.515
MCF,170,0.3,0.79,0.65
MCF,180,0.5,0.85,0.79
MCF,190,0.5,0.85,0.92
MCF,200,0.433,0.83,0.915
MCF,210,0.333,0.8,0.88
MCF,220,0.4,0.82,0.705
MCF,230,0.5,0.84,0.535
MCF,240,0.433,0.65,0.34
MCF,250,0.333,0.49,0.245
MCF,260,0.333,0.55,0.275
MCF,270,0.233,0.47,0.235
MCF,280,0.1,0.47,0.235
MCF,290,0.0,0.46,0.265
MCF,300,0.0,0.64,0.705
MCF,310,0.1,0.73,0.82
MCF,320,0.267,0.78,0.88
MCF,330,0.2,0.73,0.73
MCF,340,0.0,0.49,0.42
MCF,350,0.0,0.17,0.115
MCO,0,0.0,0.0,0.0
MCO,10,0.0,0.0,0.0
MCO,20,0.0,0.0,0.0
MCO,30,0.0,0.0,0.0
MCO,40,0.0,0.0,0.0
MCO,50,0.0,0.0,0.0
MCO,60,0.0,0.0,0.0
MCO,70,0.0,0.0,0.0
MCO,80,0.0,0.0,0.0
MCO,90,0.0,0.0,0.0
MCO,100,0.0,0.0,0.0
MCO,110,0.0,0.0,0.0
MCO,120,0.0,0.0,0.0
MCO,130,0.0,0.0,0.0
MCO,140,0.0,0.0,0.0
MCO,150,0.0,0.0,0.0
MCO,160,0.0,0.0,0.0
MCO,170,0.0,0.0,0.0
MCO,180,0.0,0.0,0.0
MCO,190,0.0,0.0,0.0
MCO,200,0.0,0.0,0.0
MCO,210,0.0,0.0,0.0
MCO,220,0.0,0.0,0.0
MCO,230,0.0,0.0,0.0
MCO,240,0.0,0.0,0.0
MCO,250,0.0,0.0,0.0
MCO,260,0.0,0.0,0.0
MCO,270,0.0,0.0,0.0
MCO,280,0.0,0.0,0.0
MCO,290,0.0,0.0,0.0
MCO,300,0.0,0.0,0.0
MCO,310,0.0,0.0,0.0
MCO,320,0.0,0.0,0.0
MCO,330,0.0,0.0,0.0
MCO,340,0.0,0.0,0.0
MCO,350,0.0,0.0,0.0
MIA,0,0.0,0.0,0.0
MIA,10,0.0,0.0,0.0
MIA,20,0.0,0.0,0.0
MIA,30,0.0,0.0,0.0
MIA,40,0.0,0.0,0.0
MIA,50,0.0,0.0,0.0
MIA,60,0.0,0.0,0.07
MIA,70,0.0,0.0,0.155
MIA,80,0.0,0.0,0.23
MIA,90,0.0,0.0,0.165
MIA,100,0.0,0.0,0.16
MIA,110,0.0,0.0,0.21
MIA,120,0.0,0.0,0.295
MIA,130,0.0,0.0,0.395
MIA,140,0.0,0.0,0.415
MIA,150,0.0,0.0,0.33
MIA,160,0.0,0.0,0.215
MIA,170,0.0,0.0,0.08
MIA,180,0.0,0.0,0.01
MIA,190,0.0,0.0,0.0
MIA,200,0.0,0.0,0.0
MIA,210,0.0,0.0,0.0
MIA,220,0.0,0.0,0.0
MIA,230,0.0,0.0,0.0
MIA,240,0.0,0.0,0.0
MIA,250,0.0,0.0,0.0
MIA,260,0.0,0.0,0.0
MIA,270,0.0,0.0,0.0
MIA,280,0.0,0.0,0.0
MIA,290,0.0,0.0,0.0
MIA,300,0.0,0.0,0.0
MIA,310,0.0,0.0,0.0
MIA,320,0.0,0.0,0.0
MIA,330,0.0,0.0,0.0
MIA,340,0.0,0.0,0.0
MIA,350,0.0,0.0,0.0
MKY,0,0.0,0.0,0.0
MKY,10,0.0,0.0,0.0
MKY,20,0.0,0.0,0.0
MKY,30,0.0,0.0,0.0
MKY,40,0.0,0.0,0.0
MKY,50,0.0,0.0,0.0
MKY,60,0.0,0.0,0.0
MKY,70,0.0,0.0,0.0
MKY,80,0.0,0.0,0.0
MKY,90,0.0,0.0,0.0
MKY,100,0.0,0.0,0.0
MKY,110,0.0,0.0,0.0
MKY,120,0.0,0.0,0.015
MKY,130,0.0,0.0,0.035
MKY,140,0.0,0.0,0.065
MKY,150,0.1,0.03,0.34
MKY,160,0.333,0.14,0.49
MKY,170,0.1,0.07,0.475
MKY,180,0.0,0.08,0.31
MKY,190,0.0,0.14,0.385
MKY,200,0.0,0.03,0.475
MKY,210,0.0,0.07,0.52
MKY,220,0.033,0.17,0.58
MKY,230,0.0,0.17,0.585
MKY,240,0.0,0.21,0.605
MKY,250,0.0,0.38,0.69
MKY,260,0.0,0.34,0.67
MKY,270,0.0,0.27,0.635
MKY,280,0.0,0.14,0.57
MKY,290,0.0,0.04,0.51
MKY,300,0.0,0.06,0.39
MKY,310,0.0,0.0,0.19
MKY,320,0.0,0.0,0.02
MKY,330,0.0,0.0,0.0
MKY,340,0.0,0.0,0.0
MKY,350,0.0,0.0,0.0
MLB,0,0.0,0.16,0.49
MLB,10,0.0,0.36,0.525
MLB,20,0.0,0.32,0.445
MLB,30,0.0,0.25,0.58
MLB,40,0.0,0.27,0.63
MLB,50,0.0,0.41,0.705
MLB,60,0.0,0.5,0.75
MLB,70,0.1,0.54,0.77
MLB,80,0.067,0.53,0.765
MLB,90,0.0,0.46,0.73
MLB,100,0.0,0.44,0.72
MLB,110,0.0,0.37,0.685
MLB,120,0.0,0.38,0.625
MLB,130,0.0,0.25,0.555
MLB,140,0.0,0.04,0.33
MLB,150,0.0,0.0,0.02
MLB,160,0.0,0.0,0.0
MLB,170,0.0,0.0,0.0
MLB,180,0.0,0.0,0.0
MLB,190,0.0,0.0,0.0
MLB,200,0.0,0.0,0.0
MLB,210,0.0,0.0,0.0
MLB,220,0.0,0.0,0.0
MLB,230,0.0,0.0,0.0
MLB,240,0.0,0.0,0.0
MLB,250,0.0,0.0,0.0
MLB,260,0.0,0.0,0.0
MLB,270,0.0,0.0,0.0
MLB,280,0.0,0.0,0.0
MLB,290,0.0,0.0,0.0
MLB,300,0.0,0.0,0.0
MLB,310,0.0,0.0,0.0
MLB,320,0.0,0.0,0.0
MLB,330,0.0,0.0,0.0
MLB,340,0.0,0.0,0.0
MLB,350,0.0,0.0,0.145
MTH,0,0.833,0.95,0.975
MTH,10,0.833,0.95,0.975
MTH,20,0.833,0.95,0.975
MTH,30,0.767,0.93,0.965
MTH,40,0.5,0.85,0.925
MTH,50,0.333,0.8,0.9
MTH,60,0.333,0.76,0.86
MTH,70,0.233,0.31,0.535
MTH,80,0.0,0.21,0.595
MTH,90,0.067,0.46,0.73
MTH,100,0.333,0.63,0.815
MTH,110,0.3,0.73,0.865
MTH,120,0.367,0.77,0.885
MTH,130,0.533,0.86,0.93
MTH,140,0.667,0.9,0.95
MTH,150,0.667,0.9,0.95
MTH,160,0.667,0.9,0.95
MTH,170,0.667,0.9,0.95
MTH,180,0.667,0.9,0.95
MTH,190,0.667,0.9,0.95
MTH,200,0.6,0.83,0.915
MTH,210,0.4,0.75,0.875
MTH,220,0.2,0.54,0.77
MTH,230,0.067,0.33,0.665
MTH,240,0.0,0.37,0.685
MTH,250,0.167,0.5,0.75
MTH,260,0.433,0.78,0.89
MTH,270,0.8,0.94,0.97
MTH,280,0.833,0.95,0.975
MTH,290,0.833,0.95,0.975
MTH,300,0.833,0.89,0.945
MTH,310,0.833,0.94,0.97
MTH,320,0.767,0.93,0.965
MTH,330,0.833,0.95,0.975
MTH,340,0.833,0.95,0.975
MTH,350,0.833,0.95,0.975
NDZ,0,0.0,0.0,0.0
NDZ,10,0.0,0.0,0.0
NDZ,20,0.0,0.0,0.0
NDZ,30,0.0,0.0,0.0
NDZ,40,0.0,0.0,0.0
NDZ,50,0.0,0.0,0.0
NDZ,60,0.0,0.0,0.0
NDZ,70,0.0,0.0,0.0
NDZ,80,0.0,0.0,0.0
NDZ,90,0.0,0.0,0.0
NDZ,100,0.0,0.0,0.0
NDZ,110,0.0,0.0,0.0
NDZ,120,0.0,0.0,0.0
NDZ,130,0.0,0.0,0.0
NDZ,140,0.0,0.0,0.0
NDZ,150,0.0,0.0,0.0
NDZ,160,0.0,0.0,0.0
NDZ,170,0.0,0.0,0.08
NDZ,180,0.0,0.0,0.1
NDZ,190,0.0,0.0,0.0
NDZ,200,0.0,0.0,0.0
NDZ,210,0.0,0.0,0.005
NDZ,220,0.0,0.0,0.035
NDZ,230,0.0,0.0,0.0
NDZ,240,0.0,0.0,0.0
NDZ,250,0.0,0.0,0.0
NDZ,260,0.0,0.0,0.0
NDZ,270,0.0,0.0,0.0
NDZ,280,0.0,0.0,0.0
NDZ,290,0.0,0.0,0.0
NDZ,300,0.0,0.0,0.0
NDZ,310,0.0,0.0,0.0
NDZ,320,0.0,0.0,0.0
NDZ,330,0.0,0.0,0.0
NDZ,340,0.0,0.0,0.0
NDZ,350,0.0,0.0,0.0
NEN,0,0.0,0.0,0.0
NEN,10,0.0,0.0,0.0
NEN,20,0.0,0.0,0.0
NEN,30,0.0,0.0,0.0
NEN,40,0.0,0.0,0.0
NEN,50,0.0,0.0,0.0
NEN,60,0.0,0.0,0.0
NEN,70,0.0,0.0,0.0
NEN,80,0.0,0.0,0.0
NEN,90,0.0,0.0,0.0
NEN,100,0.0,0.0,0.0
NEN,110,0.0,0.0,0.0
NEN,120,0.0,0.0,0.0
NEN,130,0.0,0.0,0.0
NEN,140,0.0,0.0,0.0
NEN,150,0.0,0.0,0.0
NEN,160,0.0,0.0,0.0
NEN,170,0.0,0.0,0.0
NEN,180,0.0,0.0,0.0
NEN,190,0.0,0.0,0.0
NEN,200,0.0,0.0,0.0
NEN,210,0.0,0.0,0.0
NEN,220,0.0,0.0,0.0
NEN,230,0.0,0.0,0.0
NEN,240,0.0,0.0,0.0
NEN,250,0.0,0.0,0.0
NEN,260,0.0,0.0,0.0
NEN,270,0.0,0.0,0.0
NEN,280,0.0,0.0,0.0
NEN,290,0.0,0.0,0.0
NEN,300,0.0,0.0,0.0
NEN,310,0.0,0.0,0.0
NEN,320,0.0,0.0,0.0
NEN,330,0.0,0.0,0.0
NEN,340,0.0,0.0,0.0
NEN,350,0.0,0.0,0.0
NFJ,0,0.0,0.0,0.0
NFJ,10,0.0,0.0,0.0
NFJ,20,0.0,0.0,0.0
NFJ,30,0.0,0.0,0.0
NFJ,40,0.0,0.0,0.0
NFJ,50,0.0,0.0,0.0
NFJ,60,0.0,0.0,0.0
NFJ,70,0.0,0.0,0.0
NFJ,80,0.0,0.0,0.0
NFJ,90,0.0,0.0,0.0
NFJ,100,0.0,0.0,0.0
NFJ,110,0.0,0.0,0.0
NFJ,120,0.0,0.0,0.0
NFJ,130,0.0,0.0,0.05
NFJ,140,0.0,0.0,0.145
NFJ,150,0.0,0.0,0.23
NFJ,160,0.0,0.02,0.285
NFJ,170,0.0,0.17,0.385
NFJ,180,0.0,0.36,0.485
NFJ,190,0.0,0.5,0.49
NFJ,200,0.0,0.66,0.555
NFJ,210,0.0,0.7,0.64
NFJ,220,0.0,0.68,0.64
NFJ,230,0.0,0.65,0.755
NFJ,240,0.0,0.64,0.665
NFJ,250,0.0,0.5,0.535
NFJ,260,0.0,0.31,0.415
NFJ,270,0.0,0.27,0.41
NFJ,280,0.0,0.27,0.345
NFJ,290,0.0,0.26,0.195
NFJ,300,0.0,0.22,0.11
NFJ,310,0.0,0.13,0.065
NFJ,320,0.0,0.09,0.045
NFJ,330,0.0,0.12,0.07
NFJ,340,0.0,0.06,0.03
NFJ,350,0.0,0.0,0.0
NIP,0,0.0,0.0,0.0
NIP,10,0.0,0.0,0.0
NIP,20,0.0,0.0,0.0
NIP,30,0.0,0.0,0.0
NIP,40,0.0,0.0,0.0
NIP,50,0.0,0.0,0.0
NIP,60,0.0,0.0,0.0
NIP,70,0.0,0.0,0.0
NIP,80,0.0,0.0,0.0
NIP,90,0.0,0.0,0.0
NIP,100,0.0,0.0,0.0
NIP,110,0.0,0.0,0.0
NIP,120,0.0,0.0,0.0
NIP,130,0.0,0.0,0.0
NIP,140,0.0,0.0,0.0
NIP,150,0.0,0.0,0.0
NIP,160,0.0,0.0,0.0
NIP,170,0.0,0.0,0.0
NIP,180,0.0,0.0,0.0
NIP,190,0.0,0.0,0.0
NIP,200,0.0,0.0,0.0
NIP,210,0.0,0.0,0.0
NIP,220,0.0,0.0,0.0
NIP,230,0.0,0.0,0.0
NIP,240,0.0,0.0,0.0
NIP,250,0.0,0.0,0.0
NIP,260,0.0,0.0,0.0
NIP,270,0.0,0.0,0.0
NIP,280,0.0,0.0,0.0
NIP,290,0.0,0.0,0.0
NIP,300,0.0,0.0,0.0
NIP,310,0.0,0.0,0.0
NIP,320,0.0,0.0,0.0
NIP,330,0.0,0.0,0.0
NIP,340,0.0,0.0,0.0
NIP,350,0.0,0.0,0.0
NPA,0,0.0,0.0,0.0
NPA,10,0.0,0.0,0.0
NPA,20,0.0,0.0,0.0
NPA,30,0.0,0.0,0.0
NPA,40,0.0,0.0,0.0
NPA,50,0.0,0.0,0.04
NPA,60,0.0,0.2,0.385
NPA,70,0.0,0.41,0.705
NPA,80,0.0,0.45,0.495
NPA,90,0.0,0.45,0.435
NPA,100,0.0,0.47,0.525
NPA,110,0.0,0.53,0.705
NPA,120,0.2,0.45,0.725
NPA,130,0.4,0.38,0.69
NPA,140,0.433,0.59,0.795
NPA,150,0.433,0.79,0.895
NPA,160,0.333,0.79,0.895
NPA,170,0.333,0.71,0.855
NPA,180,0.1,0.63,0.815
NPA,190,0.0,0.54,0.77
NPA,200,0.0,0.52,0.76
NPA,210,0.0,0.51,0.755
NPA,220,0.0,0.37,0.685
NPA,230,0.0,0.36,0.65
NPA,240,0.0,0.08,0.295
NPA,250,0.0,0.0,0.12
NPA,260,0.0,0.01,0.34
NPA,270,0.0,0.03,0.22
NPA,280,0.0,0.0,0.09
NPA,290,0.0,0.0,0.08
NPA,300,0.0,0.02,0.075
NPA,310,0.0,0.05,0.08
NPA,320,0.0,0.1,0.105
NPA,330,0.0,0.18,0.19
NPA,340,0.0,0.17,0.135
NPA,350,0.0,0.03,0.015
NQX,0,0.5,0.85,0.91
NQX,10,0.467,0.84,0.875
NQX,20,0.2,0.74,0.83
NQX,30,0.033,0.61,0.76
NQX,40,0.0,0.53,0.69
NQX,50,0.0,0.24,0.325
NQX,60,0.0,0.11,0.26
NQX,70,0.0,0.26,0.23
NQX,80,0.0,0.39,0.55
NQX,90,0.0,0.53,0.765
NQX,100,0.0,0.64,0.82
NQX,110,0.133,0.73,0.865
NQX,120,0.2,0.76,0.88
NQX,130,0.167,0.75,0.875
NQX,140,0.233,0.77,0.885
NQX,150,0.133,0.74,0.87
NQX,160,0.1,0.73,0.865
NQX,170,0.467,0.84,0.92
NQX,180,0.5,0.85,0.925
NQX,190,0.267,0.78,0.89
NQX,200,0.067,0.72,0.86
NQX,210,0.0,0.7,0.85
NQX,220,0.0,0.66,0.83
NQX,230,0.0,0.66,0.83
NQX,240,0.0,0.62,0.81
NQX,250,0.233,0.24,0.56
NQX,260,0.4,0.2,0.495
NQX,270,0.5,0.35,0.615
NQX,280,0.4,0.57,0.765
NQX,290,0.333,0.75,0.875
NQX,300,0.333,0.8,0.9
NQX,310,0.233,0.77,0.885
NQX,320,0.067,0.72,0.86
NQX,330,0.033,0.63,0.815
NQX,340,0.167,0.71,0.855
NQX,350,0.267,0.78,0.88
NRB,0,0.0,0.0,0.365
NRB,10,0.0,0.14,0.57
NRB,20,0.0,0.49,0.745
NRB,30,0.0,0.55,0.775
NRB,40,0.0,0.66,0.83
NRB,50,0.067,0.72,0.86
NRB,60,0.167,0.75,0.875
NRB,70,0.1,0.73,0.865
NRB,80,0.0,0.7,0.85
NRB,90,0.0,0.7,0.85
NRB,100,0.0,0.7,0.85
NRB,110,0.0,0.7,0.85
NRB,120,0.0,0.66,0.83
NRB,130,0.0,0.62,0.81
NRB,140,0.0,0.54,0.77
NRB,150,0.0,0.4,0.7
NRB,160,0.0,0.1,0.395
NRB,170,0.0,0.0,0.0
NRB,180,0.0,0.0,0.0
NRB,190,0.0,0.0,0.0
NRB,200,0.0,0.0,0.0
NRB,210,0.0,0.0,0.0
NRB,220,0.0,0.0,0.0
NRB,230,0.0,0.0,0.0
NRB,240,0.0,0.0,0.0
NRB,250,0.0,0.0,0.0
NRB,260,0.0,0.0,0.0
NRB,270,0.0,0.0,0.0
NRB,280,0.0,0.0,0.0
NRB,290,0.0,0.0,0.0
NRB,300,0.0,0.0,0.0
NRB,310,0.0,0.0,0.0
NRB,320,0.0,0.0,0.0
NRB,330,0.0,0.0,0.0
NRB,340,0.0,0.0,0.0
NRB,350,0.0,0.0,0.03
NSE,0,0.0,0.0,0.0
NSE,10,0.0,0.0,0.0
NSE,20,0.0,0.0,0.0
NSE,30,0.0,0.0,0.0
NSE,40,0.0,0.0,0.0
NSE,50,0.0,0.0,0.0
NSE,60,0.0,0.0,0.0
NSE,70,0.0,0.0,0.0
NSE,80,0.0,0.0,0.0
NSE,90,0.0,0.0,0.0
NSE,100,0.0,0.0,0.0
NSE,110,0.0,0.0,0.0
NSE,120,0.0,0.0,0.0
NSE,130,0.0,0.0,0.0
NSE,140,0.0,0.0,0.0
NSE,150,0.0,0.0,0.0
NSE,160,0.0,0.0,0.0
NSE,170,0.0,0.0,0.065
NSE,180,0.0,0.0,0.035
NSE,190,0.0,0.0,0.0
NSE,200,0.0,0.0,0.0
NSE,210,0.0,0.0,0.0
NSE,220,0.0,0.0,0.0
NSE,230,0.0,0.0,0.0
NSE,240,0.0,0.0,0.0
NSE,250,0.0,0.0,0.0
NSE,260,0.0,0.0,0.0
NSE,270,0.0,0.0,0.0
NSE,280,0.0,0.0,0.0
NSE,290,0.0,0.0,0.0
NSE,300,0.0,0.0,0.0
NSE,310,0.0,0.0,0.0
NSE,320,0.0,0.0,0.0
NSE,330,0.0,0.0,0.0
NSE,340,0.0,0.0,0.0
NSE,350,0.0,0.0,0.0
OBE,0,0.0,0.0,0.0
OBE,10,0.0,0.0,0.0
OBE,20,0.0,0.0,0.0
OBE,30,0.0,0.0,0.0
OBE,40,0.0,0.0,0.0
OBE,50,0.0,0.0,0.0
OBE,60,0.0,0.0,0.0
OBE,70,0.0,0.0,0.0
OBE,80,0.0,0.0,0.0
OBE,90,0.0,0.0,0.0
OBE,100,0.0,0.0,0.0
OBE,110,0.0,0.0,0.0
OBE,120,0.0,0.0,0.0
OBE,130,0.0,0.0,0.0
OBE,140,0.0,0.0,0.0
OBE,150,0.0,0.0,0.0
OBE,160,0.0,0.0,0.0
OBE,170,0.0,0.0,0.0
OBE,180,0.0,0.0,0.0
OBE,190,0.0,0.0,0.0
OBE,200,0.0,0.0,0.0
OBE,210,0.0,0.0,0.0
OBE,220,0.0,0.0,0.0
OBE,230,0.0,0.0,0.0
OBE,240,0.0,0.0,0.0
OBE,250,0.0,0.0,0.0
OBE,260,0.0,0.0,0.0
OBE,270,0.0,0.0,0.0
OBE,280,0.0,0.0,0.0
OBE,290,0.0,0.0,0.0
OBE,300,0.0,0.0,0.0
OBE,310,0.0,0.0,0.0
OBE,320,0.0,0.0,0.0
OBE,330,0.0,0.0,0.0
OBE,340,0.0,0.0,0.0
OBE,350,0.0,0.0,0.0
OCF,0,0.0,0.0,0.0
OCF,10,0.0,0.0,0.0
OCF,20,0.0,0.0,0.0
OCF,30,0.0,0.0,0.0
OCF,40,0.0,0.0,0.0
OCF,50,0.0,0.0,0.0
OCF,60,0.0,0.0,0.0
OCF,70,0.0,0.0,0.0
OCF,80,0.0,0.0,0.0
OCF,90,0.0,0.0,0.0
OCF,100,0.0,0.0,0.0
OCF,110,0.0,0.0,0.0
OCF,120,0.0,0.0,0.0
OCF,130,0.0,0.0,0.0
OCF,140,0.0,0.0,0.0
OCF,150,0.0,0.0,0.0
OCF,160,0.0,0.0,0.0
OCF,170,0.0,0.0,0.0
OCF,180,0.0,0.0,0.0
OCF,190,0.0,0.0,0.0
OCF,200,0.0,0.0,0.0
OCF,210,0.0,0.0,0.0
OCF,220,0.0,0.0,0.0
OCF,230,0.0,0.0,0.0
OCF,240,0.0,0.0,0.0
OCF,250,0.0,0.0,0.0
OCF,260,0.0,0.0,0.0
OCF,270,0.0,0.0,0.0
OCF,280,0.0,0.0,0.0
OCF,290,0.0,0.0,0.0
OCF,300,0.0,0.0,0.0
OCF,310,0.0,0.0,0.0
OCF,320,0.0,0.0,0.0
OCF,330,0.0,0.0,0.0
OCF,340,0.0,0.0,0.0
OCF,350,0.0,0.0,0.0
OCR,0,0.3,0.54,0.77
OCR,10,0.5,0.47,0.73
OCR,20,0.733,0.4,0.54
OCR,30,1.0,0.87,0.85
OCR,40,1.0,1.0,1.0
OCR,50,1.0,1.0,1.0
OCR,60,1.0,1.0,1.0
OCR,70,1.0,1.0,1.0
OCR,80,1.0,1.0,1.0
OCR,90,1.0,1.0,1.0
OCR,100,1.0,1.0,1.0
OCR,110,1.0,1.0,1.0
OCR,120,1.0,1.0,1.0
OCR,130,1.0,1.0,1.0
OCR,140,1.0,1.0,1.0
OCR,150,1.0,1.0,1.0
OCR,160,1.0,1.0,1.0
OCR,170,1.0,1.0,1.0
OCR,180,1.0,1.0,1.0
OCR,190,1.0,1.0,1.0
OCR,200,1.0,1.0,1.0
OCR,210,0.967,0.93,0.8
OCR,220,0.767,0.41,0.355
OCR,230,0.6,0.33,0.575
OCR,240,0.233,0.29,0.585
OCR,250,0.167,0.19,0.44
OCR,260,0.167,0.23,0.25
OCR,270,0.167,0.61,0.335
OCR,280,0.167,0.66,0.34
OCR,290,0.267,0.63,0.315
OCR,300,0.333,0.58,0.29
OCR,310,0.333,0.56,0.28
OCR,320,0.333,0.56,0.28
OCR,330,0.333,0.6,0.34
OCR,340,0.233,0.63,0.665
OCR,350,0.167,0.6,0.8
OMN,0,0.0,0.0,0.115
OMN,10,0.0,0.0,0.365
OMN,20,0.0,0.03,0.495
OMN,30,0.0,0.15,0.575
OMN,40,0.0,0.28,0.64
OMN,50,0.0,0.32,0.66
OMN,60,0.0,0.34,0.67
OMN,70,0.0,0.36,0.68
OMN,80,0.0,0.31,0.655
OMN,90,0.0,0.3,0.65
OMN,100,0.0,0.23,0.615
OMN,110,0.0,0.08,0.54
OMN,120,0.0,0.0,0.445
OMN,130,0.0,0.0,0.25
OMN,140,0.0,0.0,0.02
OMN,150,0.0,0.0,0.0
OMN,160,0.0,0.0,0.0
OMN,170,0.0,0.0,0.0
OMN,180,0.0,0.0,0.0
OMN,190,0.0,0.0,0.0
OMN,200,0.0,0.0,0.0
OMN,210,0.0,0.0,0.0
OMN,220,0.0,0.0,0.0
OMN,230,0.0,0.0,0.0
OMN,240,0.0,0.0,0.0
OMN,250,0.0,0.0,0.0
OMN,260,0.0,0.0,0.0
OMN,270,0.0,0.0,0.0
OMN,280,0.0,0.0,0.0
OMN,290,0.0,0.0,0.0
OMN,300,0.0,0.0,0.0
OMN,310,0.0,0.0,0.0
OMN,320,0.0,0.0,0.0
OMN,330,0.0,0.0,0.0
OMN,340,0.0,0.0,0.0
OMN,350,0.0,0.0,0.0
OPF,0,0.0,0.0,0.0
OPF,10,0.0,0.0,0.0
OPF,20,0.0,0.0,0.0
OPF,30,0.0,0.0,0.0
OPF,40,0.0,0.0,0.0
OPF,50,0.0,0.0,0.0
OPF,60,0.0,0.0,0.035
OPF,70,0.0,0.0,0.13
OPF,80,0.0,0.0,0.165
OPF,90,0.0,0.0,0.175
OPF,100,0.0,0.0,0.19
OPF,110,0.0,0.0,0.23
OPF,120,0.0,0.0,0.21
OPF,130,0.0,0.0,0.205
OPF,140,0.0,0.0,0.13
OPF,150,0.0,0.0,0.035
OPF,160,0.0,0.0,0.0
OPF,170,0.0,0.0,0.0
OPF,180,0.0,0.0,0.0
OPF,190,0.0,0.0,0.0
OPF,200,0.0,0.0,0.0
OPF,210,0.0,0.0,0.0
OPF,220,0.0,0.0,0.0
OPF,230,0.0,0.0,0.0
OPF,240,0.0,0.0,0.0
OPF,250,0.0,0.0,0.0
OPF,260,0.0,0.0,0.0
OPF,270,0.0,0.0,0.0
OPF,280,0.0,0.0,0.0
OPF,290,0.0,0.0,0.0
OPF,300,0.0,0.0,0.0
OPF,310,0.0,0.0,0.0
OPF,320,0.0,0.0,0.0
OPF,330,0.0,0.0,0.0
OPF,340,0.0,0.0,0.0
OPF,350,0.0,0.0,0.0
ORL,0,0.0,0.0,0.0
ORL,10,0.0,0.0,0.0
ORL,20,0.0,0.0,0.0
ORL,30,0.0,0.0,0.0
ORL,40,0.0,0.0,0.0
ORL,50,0.0,0.0,0.0
ORL,60,0.0,0.0,0.0
ORL,70,0.0,0.0,0.0
ORL,80,0.0,0.0,0.0
ORL,90,0.0,0.0,0.0
ORL,100,0.0,0.0,0.0
ORL,110,0.0,0.0,0.0
ORL,120,0.0,0.0,0.0
ORL,130,0.0,0.0,0.0
ORL,140,0.0,0.0,0.0
ORL,150,0.0,0.0,0.0
ORL,160,0.0,0.0,0.0
ORL,170,0.0,0.0,0.0
ORL,180,0.0,0.0,0.0
ORL,190,0.0,0.0,0.0
ORL,200,0.0,0.0,0.0
ORL,210,0.0,0.0,0.0
ORL,220,0.0,0.0,0.0
ORL,230,0.0,0.0,0.0
ORL,240,0.0,0.0,0.0
ORL,250,0.0,0.0,0.0
ORL,260,0.0,0.0,0.0
ORL,270,0.0,0.0,0.0
ORL,280,0.0,0.0,0.0
ORL,290,0.0,0.0,0.0
ORL,300,0.0,0.0,0.0
ORL,310,0.0,0.0,0.0
ORL,320,0.0,0.0,0.0
ORL,330,0.0,0.0,0.0
ORL,340,0.0,0.0,0.0
ORL,350,0.0,0.0,0.0
PAM,0,0.0,0.1,0.05
PAM,10,0.0,0.15,0.075
PAM,20,0.133,0.27,0.135
PAM,30,0.167,0.33,0.165
PAM,40,0.233,0.42,0.21
PAM,50,0.267,0.39,0.195
PAM,60,0.067,0.24,0.12
PAM,70,0.0,0.19,0.095
PAM,80,0.0,0.29,0.145
PAM,90,0.0,0.27,0.135
PAM,100,0.0,0.35,0.21
PAM,110,0.0,0.23,0.16
PAM,120,0.0,0.04,0.04
PAM,130,0.0,0.0,0.005
PAM,140,0.0,0.03,0.19
PAM,150,0.0,0.33,0.545
PAM,160,0.0,0.42,0.7
PAM,170,0.0,0.49,0.745
PAM,180,0.0,0.64,0.82
PAM,190,0.033,0.71,0.855
PAM,200,0.267,0.78,0.89
PAM,210,0.233,0.77,0.885
PAM,220,0.267,0.78,0.89
PAM,230,0.267,0.76,0.88
PAM,240,0.067,0.68,0.84
PAM,250,0.0,0.65,0.825
PAM,260,0.0,0.61,0.805
PAM,270,0.0,0.57,0.785
PAM,280,0.0,0.22,0.565
PAM,290,0.0,0.12,0.345
PAM,300,0.0,0.0,0.205
PAM,310,0.0,0.12,0.36
PAM,320,0.033,0.48,0.315
PAM,330,0.067,0.38,0.195
PAM,340,0.0,0.08,0.04
PAM,350,0.0,0.1,0.05
PCM,0,0.0,0.0,0.0
PCM,10,0.0,0.0,0.0
PCM,20,0.0,0.0,0.0
PCM,30,0.0,0.0,0.0
PCM,40,0.0,0.0,0.0
PCM,50,0.0,0.0,0.0
PCM,60,0.0,0.0,0.0
PCM,70,0.0,0.0,0.0
PCM,80,0.0,0.0,0.0
PCM,90,0.0,0.0,0.0
PCM,100,0.0,0.0,0.0
PCM,110,0.0,0.0,0.0
PCM,120,0.0,0.0,0.0
PCM,130,0.0,0.0,0.0
PCM,140,0.0,0.0,0.0
PCM,150,0.0,0.0,0.0
PCM,160,0.0,0.0,0.0
PCM,170,0.0,0.0,0.0
PCM,180,0.0,0.0,0.0
PCM,190,0.0,0.0,0.0
PCM,200,0.0,0.0,0.0
PCM,210,0.0,0.0,0.0
PCM,220,0.0,0.0,0.0
PCM,230,0.0,0.0,0.0
PCM,240,0.0,0.0,0.0
PCM,250,0.0,0.0,0.0
PCM,260,0.0,0.0,0.0
PCM,270,0.0,0.0,0.0
PCM,280,0.0,0.0,0.0
PCM,290,0.0,0.0,0.0
PCM,300,0.0,0.0,0.0
PCM,310,0.0,0.0,0.0
PCM,320,0.0,0.0,0.0
PCM,330,0.0,0.0,0.0
PCM,340,0.0,0.0,0.0
PCM,350,0.0,0.0,0.0
PFN,0,0.267,0.28,0.14
PFN,10,0.0,0.17,0.085
PFN,20,0.0,0.19,0.095
PFN,30,0.0,0.13,0.065
PFN,40,0.0,0.06,0.07
PFN,50,0.0,0.09,0.08
PFN,60,0.0,0.0,0.0
PFN,70,0.0,0.0,0.0
PFN,80,0.0,0.0,0.0
PFN,90,0.0,0.0,0.0
PFN,100,0.0,0.0,0.0
PFN,110,0.0,0.0,0.0
PFN,120,0.0,0.0,0.0
PFN,130,0.0,0.0,0.14
PFN,140,0.0,0.0,0.13
PFN,150,0.0,0.09,0.185
PFN,160,0.0,0.19,0.25
PFN,170,0.0,0.22,0.4
PFN,180,0.0,0.34,0.56
PFN,190,0.0,0.4,0.61
PFN,200,0.0,0.37,0.605
PFN,210,0.0,0.27,0.6
PFN,220,0.0,0.15,0.55
PFN,230,0.0,0.11,0.52
PFN,240,0.033,0.22,0.55
PFN,250,0.167,0.35,0.545
PFN,260,0.367,0.36,0.44
PFN,270,0.5,0.33,0.25
PFN,280,0.5,0.5,0.35
PFN,290,0.6,0.65,0.55
PFN,300,0.567,0.78,0.63
PFN,310,0.633,0.69,0.47
PFN,320,0.6,0.43,0.27
PFN,330,0.5,0.2,0.105
PFN,340,0.533,0.25,0.125
PFN,350,0.667,0.35,0.175
PGD,0,0.0,0.0,0.0
PGD,10,0.0,0.0,0.0
PGD,20,0.0,0.0,0.0
PGD,30,0.0,0.0,0.0
PGD,40,0.0,0.0,0.0
PGD,50,0.0,0.0,0.0
PGD,60,0.0,0.0,0.0
PGD,70,0.0,0.0,0.0
PGD,80,0.0,0.0,0.0
PGD,90,0.0,0.0,0.0
PGD,100,0.0,0.0,0.0
PGD,110,0.0,0.0,0.0
PGD,120,0.0,0.0,0.0
PGD,130,0.0,0.0,0.0
PGD,140,0.0,0.0,0.0
PGD,150,0.0,0.0,0.0
PGD,160,0.0,0.0,0.0
PGD,170,0.0,0.0,0.0
PGD,180,0.0,0.0,0.0
PGD,190,0.0,0.0,0.0
PGD,200,0.0,0.0,0.095
PGD,210,0.0,0.0,0.385
PGD,220,0.0,0.05,0.51
PGD,230,0.0,0.15,0.56
PGD,240,0.0,0.17,0.485
PGD,250,0.0,0.04,0.37
PGD,260,0.0,0.01,0.365
PGD,270,0.0,0.05,0.36
PGD,280,0.0,0.16,0.295
PGD,290,0.0,0.33,0.25
PGD,300,0.0,0.23,0.12
PGD,310,0.0,0.19,0.095
PGD,320,0.0,0.18,0.09
PGD,330,0.0,0.14,0.07
PGD,340,0.0,0.05,0.025
PGD,350,0.0,0.06,0.03
PIE,0,0.5,0.55,0.275
PIE,10,0.5,0.83,0.415
PIE,20,0.667,0.9,0.47
PIE,30,0.833,0.87,0.49
PIE,40,0.767,0.9,0.5
PIE,50,0.667,0.9,0.53
PIE,60,0.6,0.88,0.59
PIE,70,0.367,0.81,0.62
PIE,80,0.167,0.67,0.55
PIE,90,0.133,0.56,0.52
PIE,100,0.0,0.49,0.48
PIE,110,0.0,0.28,0.37
PIE,120,0.0,0.03,0.42
PIE,130,0.0,0.0,0.41
PIE,140,0.0,0.0,0.325
PIE,150,0.0,0.0,0.255
PIE,160,0.0,0.0,0.105
PIE,170,0.0,0.0,0.0
PIE,180,0.0,0.0,0.01
PIE,190,0.0,0.0,0.05
PIE,200,0.0,0.0,0.055
PIE,210,0.0,0.0,0.24
PIE,220,0.0,0.0,0.225
PIE,230,0.0,0.0,0.235
PIE,240,0.0,0.0,0.2
PIE,250,0.0,0.0,0.18
PIE,260,0.0,0.0,0.215
PIE,270,0.0,0.0,0.24
PIE,280,0.0,0.0,0.28
PIE,290,0.0,0.0,0.285
PIE,300,0.0,0.0,0.22
PIE,310,0.067,0.03,0.255
PIE,320,0.3,0.2,0.255
PIE,330,0.467,0.33,0.215
PIE,340,0.5,0.37,0.185
PIE,350,0.5,0.37,0.185
PMP,0,0.0,0.0,0.0
PMP,10,0.0,0.0,0.0
PMP,20,0.0,0.0,0.29
PMP,30,0.0,0.2,0.6
PMP,40,0.0,0.46,0.73
PMP,50,0.0,0.55,0.775
PMP,60,0.0,0.61,0.805
PMP,70,0.0,0.65,0.825
PMP,80,0.067,0.68,0.84
PMP,90,0.167,0.75,0.875
PMP,100,0.167,0.75,0.875
PMP,110,0.133,0.74,0.87
PMP,120,0.0,0.7,0.85
PMP,130,0.0,0.67,0.835
PMP,140,0.0,0.59,0.795
PMP,150,0.0,0.54,0.77
PMP,160,0.0,0.44,0.72
PMP,170,0.0,0.09,0.51
PMP,180,0.0,0.0,0.095
PMP,190,0.0,0.0,0.0
PMP,200,0.0,0.0,0.0
PMP,210,0.0,0.0,0.0
PMP,220,0.0,0.0,0.0
PMP,230,0.0,0.0,0.0
PMP,240,0.0,0.0,0.0
PMP,250,0.0,0.0,0.0
PMP,260,0.0,0.0,0.0
PMP,270,0.0,0.0,0.0
PMP,280,0.0,0.0,0.0
PMP,290,0.0,0.0,0.0
PMP,300,0.0,0.0,0.0
PMP,310,0.0,0.0,0.0
PMP,320,0.0,0.0,0.0
PMP,330,0.0,0.0,0.0
PMP,340,0.0,0.0,0.0
PMP,350,0.0,0.0,0.0
PNS,0,0.0,0.04,0.02
PNS,10,0.0,0.33,0.195
PNS,20,0.0,0.48,0.265
PNS,30,0.0,0.45,0.225
PNS,40,0.0,0.41,0.205
PNS,50,0.0,0.46,0.23
PNS,60,0.0,0.5,0.265
PNS,70,0.0,0.48,0.38
PNS,80,0.1,0.49,0.41
PNS,90,0.167,0.55,0.6
PNS,100,0.167,0.57,0.675
PNS,110,0.133,0.62,0.71
PNS,120,0.0,0.69,0.675
PNS,130,0.0,0.67,0.605
PNS,140,0.0,0.63,0.545
PNS,150,0.0,0.62,0.575
PNS,160,0.0,0.46,0.53
PNS,170,0.0,0.37,0.49
PNS,180,0.0,0.35,0.475
PNS,190,0.0,0.24,0.57
PNS,200,0.0,0.1,0.465
PNS,210,0.0,0.01,0.21
PNS,220,0.0,0.0,0.015
PNS,230,0.0,0.0,0.0
PNS,240,0.0,0.0,0.0
PNS,250,0.0,0.0,0.13
PNS,260,0.0,0.0,0.105
PNS,270,0.0,0.0,0.0
PNS,280,0.0,0.0,0.0
PNS,290,0.0,0.0,0.0
PNS,300,0.0,0.0,0.0
PNS,310,0.0,0.0,0.0
PNS,320,0.0,0.0,0.0
PNS,330,0.0,0.0,0.0
PNS,340,0.0,0.0,0.0
PNS,350,0.0,0.0,0.0
RSW,0,0.0,0.0,0.0
RSW,10,0.0,0.0,0.0
RSW,20,0.0,0.0,0.0
RSW,30,0.0,0.0,0.0
RSW,40,0.0,0.0,0.0
RSW,50,0.0,0.0,0.0
RSW,60,0.0,0.0,0.0
RSW,70,0.0,0.0,0.0
RSW,80,0.0,0.0,0.0
RSW,90,0.0,0.0,0.0
RSW,100,0.0,0.0,0.0
RSW,110,0.0,0.0,0.0
RSW,120,0.0,0.0,0.0
RSW,130,0.0,0.0,0.0
RSW,140,0.0,0.0,0.0
RSW,150,0.0,0.0,0.0
RSW,160,0.0,0.0,0.0
RSW,170,0.0,0.0,0.0
RSW,180,0.0,0.0,0.0
RSW,190,0.0,0.0,0.0
RSW,200,0.0,0.0,0.0
RSW,210,0.0,0.0,0.095
RSW,220,0.0,0.0,0.135
RSW,230,0.0,0.0,0.12
RSW,240,0.0,0.0,0.025
RSW,250,0.0,0.0,0.0
RSW,260,0.0,0.0,0.0
RSW,270,0.0,0.0,0.06
RSW,280,0.0,0.0,0.065
RSW,290,0.0,0.0,0.115
RSW,300,0.0,0.0,0.105
RSW,310,0.0,0.0,0.075
RSW,320,0.0,0.0,0.03
RSW,330,0.0,0.0,0.04
RSW,340,0.0,0.0,0.035
RSW,350,0.0,0.0,0.0
SEF,0,0.0,0.0,0.0
SEF,10,0.0,0.0,0.0
SEF,20,0.0,0.0,0.0
SEF,30,0.0,0.0,0.0
SEF,40,0.0,0.0,0.0
SEF,50,0.0,0.0,0.0
SEF,60,0.0,0.0,0.0
SEF,70,0.0,0.0,0.0
SEF,80,0.0,0.0,0.0
SEF,90,0.0,0.0,0.0
SEF,100,0.0,0.0,0.0
SEF,110,0.0,0.0,0.0
SEF,120,0.0,0.0,0.0
SEF,130,0.0,0.0,0.0
SEF,140,0.0,0.0,0.0
SEF,150,0.0,0.0,0.0
SEF,160,0.0,0.0,0.0
SEF,170,0.0,0.0,0.0
SEF,180,0.0,0.0,0.0
SEF,190,0.0,0.0,0.0
SEF,200,0.0,0.0,0.0
SEF,210,0.0,0.0,0.0
SEF,220,0.0,0.0,0.0
SEF,230,0.0,0.0,0.0
SEF,240,0.0,0.0,0.0
SEF,250,0.0,0.0,0.0
SEF,260,0.0,0.0,0.0
SEF,270,0.0,0.0,0.0
SEF,280,0.0,0.0,0.0
SEF,290,0.0,0.0,0.0
SEF,300,0.0,0.0,0.0
SEF,310,0.0,0.0,0.0
SEF,320,0.0,0.0,0.0
SEF,330,0.0,0.0,0.0
SEF,340,0.0,0.0,0.0
SEF,350,0.0,0.0,0.0
SFB,0,0.0,0.0,0.0
SFB,10,0.0,0.0,0.0
SFB,20,0.0,0.0,0.0
SFB,30,0.0,0.0,0.0
SFB,40,0.0,0.0,0.0
SFB,50,0.0,0.0,0.0
SFB,60,0.0,0.0,0.0
SFB,70,0.0,0.0,0.0
SFB,80,0.0,0.0,0.0
SFB,90,0.0,0.0,0.0
SFB,100,0.0,0.0,0.0
SFB,110,0.0,0.0,0.0
SFB,120,0.0,0.0,0.0
SFB,130,0.0,0.0,0.0
SFB,140,0.0,0.0,0.0
SFB,150,0.0,0.0,0.0
SFB,160,0.0,0.0,0.0
SFB,170,0.0,0.0,0.0
SFB,180,0.0,0.0,0.0
SFB,190,0.0,0.0,0.0
SFB,200,0.0,0.0,0.0
SFB,210,0.0,0.0,0.0
SFB,220,0.0,0.0,0.0
SFB,230,0.0,0.0,0.0
SFB,240,0.0,0.0,0.0
SFB,250,0.0,0.0,0.0
SFB,260,0.0,0.0,0.0
SFB,270,0.0,0.0,0.0
SFB,280,0.0,0.0,0.0
SFB,290,0.0,0.0,0.0
SFB,300,0.0,0.0,0.0
SFB,310,0.0,0.0,0.0
SFB,320,0.0,0.0,0.0
SFB,330,0.0,0.0,0.0
SFB,340,0.0,0.0,0.0
SFB,350,0.0,0.0,0.0
SGJ,0,0.0,0.0,0.19
SGJ,10,0.0,0.11,0.535
SGJ,20,0.0,0.36,0.68
SGJ,30,0.0,0.5,0.75
SGJ,40,0.0,0.56,0.78
SGJ,50,0.0,0.63,0.815
SGJ,60,0.0,0.68,0.84
SGJ,70,0.0,0.7,0.85
SGJ,80,0.0,0.66,0.83
SGJ,90,0.0,0.65,0.825
SGJ,100,0.0,0.65,0.825
SGJ,110,0.0,0.6,0.8
SGJ,120,0.0,0.5,0.75
SGJ,130,0.0,0.37,0.685
SGJ,140,0.0,0.2,0.56
SGJ,150,0.0,0.11,0.285
SGJ,160,0.0,0.07,0.095
SGJ,170,0.0,0.0,0.01
SGJ,180,0.0,0.0,0.0
SGJ,190,0.0,0.0,0.0
SGJ,200,0.0,0.0,0.0
SGJ,210,0.0,0.0,0.0
SGJ,220,0.0,0.0,0.0
SGJ,230,0.0,0.0,0.0
SGJ,240,0.0,0.0,0.0
SGJ,250,0.0,0.0,0.0
SGJ,260,0.0,0.0,0.0
SGJ,270,0.0,0.0,0.0
SGJ,280,0.0,0.0,0.0
SGJ,290,0.0,0.0,0.0
SGJ,300,0.0,0.0,0.0
SGJ,310,0.0,0.0,0.0
SGJ,320,0.0,0.0,0.0
SGJ,330,0.0,0.0,0.0
SGJ,340,0.0,0.0,0.0
SGJ,350,0.0,0.0,0.0
SPG,0,0.033,0.01,0.265
SPG,10,0.3,0.12,0.405
SPG,20,0.4,0.22,0.57
SPG,30,0.4,0.56,0.66
SPG,40,0.767,0.89,0.595
SPG,50,1.0,1.0,0.68
SPG,60,1.0,1.0,0.79
SPG,70,0.9,0.97,0.935
SPG,80,0.733,0.92,0.95
SPG,90,0.667,0.9,0.845
SPG,100,0.667,0.9,0.715
SPG,110,0.667,0.9,0.68
SPG,120,0.667,0.9,0.61
SPG,130,0.667,0.9,0.6
SPG,140,0.767,0.93,0.635
SPG,150,0.833,0.95,0.7
SPG,160,0.833,0.95,0.835
SPG,170,0.633,0.89,0.905
SPG,180,0.067,0.58,0.78
SPG,190,0.0,0.35,0.675
SPG,200,0.0,0.26,0.605
SPG,210,0.0,0.19,0.48
SPG,220,0.0,0.11,0.465
SPG,230,0.0,0.11,0.46
SPG,240,0.0,0.21,0.51
SPG,250,0.0,0.11,0.485
SPG,260,0.0,0.03,0.39
SPG,270,0.0,0.0,0.3
SPG,280,0.0,0.0,0.26
SPG,290,0.0,0.0,0.1
SPG,300,0.0,0.0,0.03
SPG,310,0.0,0.0,0.005
SPG,320,0.0,0.0,0.0
SPG,330,0.0,0.0,0.0
SPG,340,0.0,0.0,0.075
SPG,350,0.0,0.0,0.185
SRQ,0,0.0,0.0,0.04
SRQ,10,0.0,0.0,0.03
SRQ,20,0.0,0.0,0.045
SRQ,30,0.0,0.0,0.02
SRQ,40,0.0,0.0,0.0
SRQ,50,0.0,0.0,0.0
SRQ,60,0.0,0.0,0.0
SRQ,70,0.0,0.0,0.0
SRQ,80,0.0,0.0,0.0
SRQ,90,0.0,0.0,0.0
SRQ,100,0.0,0.0,0.0
SRQ,110,0.0,0.0,0.0
SRQ,120,0.0,0.0,0.0
SRQ,130,0.0,0.0,0.0
SRQ,140,0.0,0.0,0.0
SRQ,150,0.0,0.0,0.0
SRQ,160,0.0,0.0,0.02
SRQ,170,0.0,0.18,0.255
SRQ,180,0.1,0.56,0.62
SRQ,190,0.1,0.54,0.75
SRQ,200,0.267,0.64,0.82
SRQ,210,0.567,0.74,0.87
SRQ,220,0.667,0.75,0.875
SRQ,230,0.7,0.76,0.88
SRQ,240,0.833,0.74,0.87
SRQ,250,0.833,0.83,0.915
SRQ,260,0.733,0.83,0.915
SRQ,270,0.5,0.71,0.855
SRQ,280,0.5,0.76,0.82
SRQ,290,0.5,0.79,0.81
SRQ,300,0.467,0.33,0.465
SRQ,310,0.167,0.05,0.275
SRQ,320,0.0,0.0,0.21
SRQ,330,0.0,0.0,0.195
SRQ,340,0.0,0.0,0.16
SRQ,350,0.0,0.0,0.12
SUA,0,0.0,0.43,0.595
SUA,10,0.233,0.52,0.72
SUA,20,0.333,0.67,0.835
SUA,30,0.2,0.65,0.825
SUA,40,0.1,0.61,0.805
SUA,50,0.167,0.61,0.805
SUA,60,0.333,0.72,0.86
SUA,70,0.433,0.78,0.89
SUA,80,0.367,0.7,0.85
SUA,90,0.333,0.64,0.82
SUA,100,0.2,0.56,0.78
SUA,110,0.0,0.41,0.705
SUA,120,0.0,0.19,0.595
SUA,130,0.0,0.03,0.47
SUA,140,0.0,0.0,0.18
SUA,150,0.0,0.0,0.0
SUA,160,0.0,0.0,0.0
SUA,170,0.0,0.0,0.0
SUA,180,0.0,0.0,0.0
SUA,190,0.0,0.0,0.0
SUA,200,0.0,0.0,0.0
SUA,210,0.0,0.0,0.0
SUA,220,0.0,0.0,0.0
SUA,230,0.0,0.0,0.0
SUA,240,0.0,0.0,0.0
SUA,250,0.0,0.0,0.0
SUA,260,0.0,0.03,0.015
SUA,270,0.0,0.1,0.05
SUA,280,0.0,0.1,0.05
SUA,290,0.0,0.08,0.04
SUA,300,0.0,0.18,0.095
SUA,310,0.0,0.27,0.155
SUA,320,0.1,0.11,0.055
SUA,330,0.2,0.1,0.05
SUA,340,0.333,0.1,0.075
SUA,350,0.167,0.14,0.37
TDR,0,0.0,0.1,0.05
TDR,10,0.0,0.14,0.07
TDR,20,0.1,0.26,0.13
TDR,30,0.167,0.32,0.16
TDR,40,0.2,0.42,0.21
TDR,50,0.3,0.42,0.21
TDR,60,0.1,0.27,0.135
TDR,70,0.0,0.19,0.095
TDR,80,0.0,0.28,0.14
TDR,90,0.0,0.27,0.135
TDR,100,0.0,0.32,0.205
TDR,110,0.0,0.23,0.17
TDR,120,0.0,0.04,0.05
TDR,130,0.0,0.0,0.005
TDR,140,0.0,0.03,0.2
TDR,150,0.0,0.36,0.575
TDR,160,0.0,0.43,0.71
TDR,170,0.0,0.47,0.735
TDR,180,0.0,0.62,0.81
TDR,190,0.033,0.71,0.855
TDR,200,0.3,0.79,0.895
TDR,210,0.2,0.76,0.88
TDR,220,0.3,0.79,0.895
TDR,230,0.267,0.76,0.88
TDR,240,0.067,0.69,0.845
TDR,250,0.0,0.65,0.825
TDR,260,0.0,0.64,0.82
TDR,270,0.0,0.52,0.76
TDR,280,0.0,0.19,0.555
TDR,290,0.0,0.13,0.365
TDR,300,0.0,0.0,0.19
TDR,310,0.0,0.1,0.34
TDR,320,0.033,0.47,0.315
TDR,330,0.1,0.4,0.205
TDR,340,0.0,0.08,0.04
TDR,350,0.0,0.1,0.05
TIX,0,0.0,0.15,0.265
TIX,10,0.0,0.5,0.34
TIX,20,0.0,0.61,0.315
TIX,30,0.0,0.67,0.37
TIX,40,0.0,0.67,0.4
TIX,50,0.067,0.71,0.375
TIX,60,0.167,0.59,0.295
TIX,70,0.233,0.41,0.205
TIX,80,0.333,0.4,0.2
TIX,90,0.333,0.5,0.315
TIX,100,0.333,0.45,0.42
TIX,110,0.233,0.43,0.42
TIX,120,0.133,0.51,0.42
TIX,130,0.0,0.59,0.415
TIX,140,0.0,0.48,0.325
TIX,150,0.0,0.22,0.425
TIX,160,0.0,0.01,0.085
TIX,170,0.0,0.0,0.0
TIX,180,0.0,0.0,0.0
TIX,190,0.0,0.0,0.0
TIX,200,0.0,0.0,0.0
TIX,210,0.0,0.0,0.0
TIX,220,0.0,0.0,0.0
TIX,230,0.0,0.0,0.0
TIX,240,0.0,0.0,0.0
TIX,250,0.0,0.0,0.0
TIX,260,0.0,0.0,0.0
TIX,270,0.0,0.0,0.0
TIX,280,0.0,0.0,0.0
TIX,290,0.0,0.0,0.0
TIX,300,0.0,0.0,0.0
TIX,310,0.0,0.0,0.0
TIX,320,0.0,0.0,0.0
TIX,330,0.0,0.0,0.0
TIX,340,0.0,0.0,0.0
TIX,350,0.0,0.0,0.02
TLH,0,0.0,0.0,0.0
TLH,10,0.0,0.0,0.0
TLH,20,0.0,0.0,0.0
TLH,30,0.0,0.0,0.0
TLH,40,0.0,0.0,0.0
TLH,50,0.0,0.0,0.0
TLH,60,0.0,0.0,0.0
TLH,70,0.0,0.0,0.0
TLH,80,0.0,0.0,0.0
TLH,90,0.0,0.0,0.0
TLH,100,0.0,0.0,0.0
TLH,110,0.0,0.0,0.0
TLH,120,0.0,0.0,0.0
TLH,130,0.0,0.0,0.0
TLH,140,0.0,0.0,0.0
TLH,150,0.0,0.0,0.0
TLH,160,0.0,0.0,0.0
TLH,170,0.0,0.0,0.0
TLH,180,0.0,0.0,0.0
TLH,190,0.0,0.0,0.0
TLH,200,0.0,0.0,0.0
TLH,210,0.0,0.0,0.0
TLH,220,0.0,0.0,0.0
TLH,230,0.0,0.0,0.0
TLH,240,0.0,0.0,0.0
TLH,250,0.0,0.0,0.0
TLH,260,0.0,0.0,0.0
TLH,270,0.0,0.0,0.0
TLH,280,0.0,0.0,0.0
TLH,290,0.0,0.0,0.0
TLH,300,0.0,0.0,0.0
TLH,310,0.0,0.0,0.0
TLH,320,0.0,0.0,0.0
TLH,330,0.0,0.0,0.0
TLH,340,0.0,0.0,0.0
TLH,350,0.0,0.0,0.0
TMB,0,0.0,0.0,0.0
TMB,10,0.0,0.0,0.0
TMB,20,0.0,0.0,0.0
TMB,30,0.0,0.0,0.0
TMB,40,0.0,0.0,0.0
TMB,50,0.0,0.0,0.0
TMB,60,0.0,0.0,0.0
TMB,70,0.0,0.0,0.0
TMB,80,0.0,0.0,0.09
TMB,90,0.0,0.0,0.17
TMB,100,0.0,0.0,0.28
TMB,110,0.0,0.0,0.295
TMB,120,0.0,0.0,0.23
TMB,130,0.0,0.0,0.17
TMB,140,0.0,0.0,0.15
TMB,150,0.0,0.0,0.04
TMB,160,0.0,0.0,0.0
TMB,170,0.0,0.0,0.0
TMB,180,0.0,0.0,0.0
TMB,190,0.0,0.0,0.0
TMB,200,0.0,0.0,0.0
TMB,210,0.0,0.0,0.0
TMB,220,0.0,0.0,0.0
TMB,230,0.0,0.0,0.0
TMB,240,0.0,0.0,0.0
TMB,250,0.0,0.0,0.0
TMB,260,0.0,0.0,0.0
TMB,270,0.0,0.0,0.0
TMB,280,0.0,0.0,0.0
TMB,290,0.0,0.0,0.0
TMB,300,0.0,0.0,0.0
TMB,310,0.0,0.0,0.0
TMB,320,0.0,0.0,0.0
TMB,330,0.0,0.0,0.0
TMB,340,0.0,0.0,0.0
TMB,350,0.0,0.0,0.0
TPA,0,0.0,0.0,0.0
TPA,10,0.0,0.0,0.0
TPA,20,0.0,0.0,0.0
TPA,30,0.0,0.0,0.0
TPA,40,0.0,0.0,0.0
TPA,50,0.0,0.0,0.0
TPA,60,0.0,0.0,0.0
TPA,70,0.0,0.0,0.0
TPA,80,0.0,0.0,0.0
TPA,90,0.0,0.0,0.0
TPA,100,0.0,0.0,0.04
TPA,110,0.0,0.03,0.035
TPA,120,0.0,0.14,0.19
TPA,130,0.0,0.23,0.495
TPA,140,0.0,0.13,0.55
TPA,150,0.0,0.0,0.355
TPA,160,0.0,0.0,0.17
TPA,170,0.0,0.12,0.32
TPA,180,0.0,0.55,0.67
TPA,190,0.1,0.73,0.855
TPA,200,0.467,0.84,0.71
TPA,210,0.867,0.95,0.535
TPA,220,0.9,0.97,0.55
TPA,230,0.833,0.9,0.52
TPA,240,0.833,0.89,0.52
TPA,250,0.767,0.93,0.665
TPA,260,0.667,0.9,0.785
TPA,270,0.5,0.83,0.645
TPA,280,0.433,0.81,0.605
TPA,290,0.167,0.39,0.295
TPA,300,0.0,0.02,0.01
TPA,310,0.0,0.0,0.0
TPA,320,0.0,0.0,0.0
TPA,330,0.0,0.0,0.0
TPA,340,0.0,0.0,0.0
TPA,350,0.0,0.0,0.0
TPF,0,0.0,0.0,0.0
TPF,10,0.0,0.0,0.0
TPF,20,0.0,0.0,0.0
TPF,30,0.0,0.0,0.0
TPF,40,0.0,0.04,0.02
TPF,50,0.0,0.18,0.09
TPF,60,0.0,0.08,0.04
TPF,70,0.133,0.04,0.02
TPF,80,0.333,0.1,0.05
TPF,90,0.1,0.03,0.015
TPF,100,0.0,0.0,0.0
TPF,110,0.133,0.04,0.02
TPF,120,0.367,0.27,0.135
TPF,130,0.467,0.45,0.225
TPF,140,0.433,0.57,0.285
TPF,150,0.767,0.91,0.51
TPF,160,0.833,0.95,0.595
TPF,170,0.833,0.95,0.7
TPF,180,0.767,0.93,0.825
TPF,190,0.5,0.74,0.815
TPF,200,0.5,0.56,0.725
TPF,210,0.5,0.45,0.66
TPF,220,0.633,0.26,0.55
TPF,230,0.667,0.28,0.48
TPF,240,0.7,0.33,0.425
TPF,250,0.833,0.37,0.42
TPF,260,0.833,0.41,0.55
TPF,270,0.767,0.43,0.645
TPF,280,0.667,0.34,0.665
TPF,290,0.633,0.2,0.565
TPF,300,0.367,0.11,0.155
TPF,310,0.333,0.1,0.05
TPF,320,0.367,0.11,0.055
TPF,330,0.133,0.04,0.02
TPF,340,0.0,0.0,0.0
TPF,350,0.0,0.0,0.0
TTS,0,0.0,0.0,0.28
TTS,10,0.0,0.0,0.435
TTS,20,0.0,0.05,0.525
TTS,30,0.0,0.12,0.56
TTS,40,0.0,0.17,0.585
TTS,50,0.0,0.22,0.61
TTS,60,0.0,0.21,0.605
TTS,70,0.0,0.22,0.61
TTS,80,0.0,0.16,0.58
TTS,90,0.0,0.04,0.515
TTS,100,0.0,0.0,0.44
TTS,110,0.0,0.0,0.355
TTS,120,0.0,0.0,0.26
TTS,130,0.0,0.0,0.075
TTS,140,0.0,0.0,0.06
TTS,150,0.0,0.0,0.26
TTS,160,0.0,0.0,0.2
TTS,170,0.0,0.0,0.02
TTS,180,0.0,0.0,0.0
TTS,190,0.0,0.0,0.165
TTS,200,0.0,0.18,0.435
TTS,210,0.0,0.57,0.5
TTS,220,0.0,0.66,0.44
TTS,230,0.0,0.65,0.395
TTS,240,0.0,0.66,0.365
TTS,250,0.0,0.53,0.275
TTS,260,0.0,0.31,0.165
TTS,270,0.0,0.25,0.125
TTS,280,0.0,0.14,0.135
TTS,290,0.0,0.09,0.1
TTS,300,0.0,0.0,0.0
TTS,310,0.0,0.0,0.0
TTS,320,0.0,0.0,0.0
TTS,330,0.0,0.0,0.0
TTS,340,0.0,0.0,0.0
TTS,350,0.0,0.0,0.055
VDF,0,0.0,0.0,0.0
VDF,10,0.0,0.0,0.0
VDF,20,0.0,0.0,0.0
VDF,30,0.0,0.0,0.0
VDF,40,0.0,0.0,0.0
VDF,50,0.0,0.0,0.0
VDF,60,0.0,0.0,0.0
VDF,70,0.0,0.0,0.0
VDF,80,0.0,0.0,0.0
VDF,90,0.0,0.0,0.0
VDF,100,0.0,0.0,0.0
VDF,110,0.0,0.0,0.0
VDF,120,0.0,0.0,0.0
VDF,130,0.0,0.0,0.0
VDF,140,0.0,0.0,0.0
VDF,150,0.0,0.0,0.0
VDF,160,0.0,0.0,0.0
VDF,170,0.0,0.0,0.0
VDF,180,0.0,0.0,0.0
VDF,190,0.0,0.0,0.015
VDF,200,0.0,0.0,0.195
VDF,210,0.0,0.0,0.285
VDF,220,0.0,0.02,0.27
VDF,230,0.0,0.0,0.105
VDF,240,0.0,0.0,0.0
VDF,250,0.0,0.0,0.0
VDF,260,0.0,0.0,0.0
VDF,270,0.0,0.0,0.0
VDF,280,0.0,0.0,0.0
VDF,290,0.0,0.0,0.0
VDF,300,0.0,0.0,0.0
VDF,310,0.0,0.0,0.0
VDF,320,0.0,0.0,0.0
VDF,330,0.0,0.0,0.0
VDF,340,0.0,0.0,0.0
VDF,350,0.0,0.0,0.0
VNC,0,0.0,0.0,0.0
VNC,10,0.0,0.0,0.0
VNC,20,0.0,0.0,0.0
VNC,30,0.0,0.0,0.0
VNC,40,0.0,0.0,0.0
VNC,50,0.0,0.0,0.0
VNC,60,0.0,0.0,0.0
VNC,70,0.0,0.0,0.0
VNC,80,0.0,0.0,0.0
VNC,90,0.0,0.0,0.0
VNC,100,0.0,0.0,0.0
VNC,110,0.0,0.0,0.0
VNC,120,0.0,0.0,0.0
VNC,130,0.0,0.0,0.0
VNC,140,0.0,0.0,0.0
VNC,150,0.0,0.06,0.195
VNC,160,0.033,0.4,0.64
VNC,170,0.3,0.74,0.87
VNC,180,0.367,0.81,0.905
VNC,190,0.733,0.92,0.96
VNC,200,0.833,0.95,0.975
VNC,210,0.833,0.95,0.975
VNC,220,0.833,0.95,0.975
VNC,230,0.833,0.95,0.975
VNC,240,0.7,0.91,0.955
VNC,250,0.7,0.91,0.955
VNC,260,0.833,0.95,0.975
VNC,270,0.833,0.95,0.975
VNC,280,0.833,0.95,0.975
VNC,290,0.7,0.91,0.955
VNC,300,0.667,0.9,0.95
VNC,310,0.667,0.9,0.95
VNC,320,0.567,0.87,0.935
VNC,330,0.233,0.65,0.76
VNC,340,0.0,0.13,0.195
VNC,350,0.0,0.0,0.0
VPS,0,0.0,0.0,0.0
VPS,10,0.0,0.0,0.0
VPS,20,0.0,0.0,0.0
VPS,30,0.0,0.0,0.0
VPS,40,0.0,0.0,0.0
VPS,50,0.0,0.0,0.0
VPS,60,0.0,0.0,0.0
VPS,70,0.0,0.06,0.03
VPS,80,0.0,0.04,0.02
VPS,90,0.0,0.25,0.145
VPS,100,0.0,0.43,0.44
VPS,110,0.0,0.53,0.7
VPS,120,0.0,0.56,0.725
VPS,130,0.0,0.59,0.515
VPS,140,0.0,0.63,0.565
VPS,150,0.0,0.45,0.57
VPS,160,0.0,0.44,0.62
VPS,170,0.0,0.54,0.7
VPS,180,0.0,0.58,0.74
VPS,190,0.0,0.56,0.73
VPS,200,0.0,0.46,0.67
VPS,210,0.0,0.27,0.565
VPS,220,0.0,0.14,0.43
VPS,230,0.0,0.07,0.26
VPS,240,0.0,0.04,0.06
VPS,250,0.0,0.0,0.0
VPS,260,0.0,0.0,0.0
VPS,270,0.0,0.0,0.0
VPS,280,0.0,0.0,0.0
VPS,290,0.0,0.0,0.0
VPS,300,0.0,0.0,0.0
VPS,310,0.0,0.0,0.0
VPS,320,0.0,0.0,0.0
VPS,330,0.0,0.0,0.0
VPS,340,0.0,0.0,0.0
VPS,350,0.0,0.0,0.0
VQQ,0,0.0,0.0,0.0
VQQ,10,0.0,0.0,0.0
VQQ,20,0.0,0.0,0.0
VQQ,30,0.0,0.0,0.0
VQQ,40,0.0,0.0,0.0
VQQ,50,0.0,0.0,0.0
VQQ,60,0.0,0.0,0.0
VQQ,70,0.0,0.0,0.0
VQQ,80,0.0,0.0,0.0
VQQ,90,0.0,0.0,0.0
VQQ,100,0.0,0.0,0.0
VQQ,110,0.0,0.0,0.0
VQQ,120,0.0,0.0,0.0
VQQ,130,0.0,0.0,0.0
VQQ,140,0.0,0.0,0.0
VQQ,150,0.0,0.0,0.0
VQQ,160,0.0,0.0,0.0
VQQ,170,0.0,0.0,0.0
VQQ,180,0.0,0.0,0.0
VQQ,190,0.0,0.0,0.0
VQQ,200,0.0,0.0,0.0
VQQ,210,0.0,0.0,0.0
VQQ,220,0.0,0.0,0.0
VQQ,230,0.0,0.0,0.0
VQQ,240,0.0,0.0,0.0
VQQ,250,0.0,0.0,0.0
VQQ,260,0.0,0.0,0.0
VQQ,270,0.0,0.0,0.0
VQQ,280,0.0,0.0,0.0
VQQ,290,0.0,0.0,0.0
VQQ,300,0.0,0.0,0.0
VQQ,310,0.0,0.0,0.0
VQQ,320,0.0,0.0,0.0
VQQ,330,0.0,0.0,0.0
VQQ,340,0.0,0.0,0.0
VQQ,350,0.0,0.0,0.0
VRB,0,0.0,0.06,0.265
VRB,10,0.0,0.04,0.4
VRB,20,0.0,0.26,0.615
VRB,30,0.0,0.32,0.66
VRB,40,0.0,0.39,0.695
VRB,50,0.0,0.4,0.7
VRB,60,0.0,0.41,0.705
VRB,70,0.0,0.4,0.7
VRB,80,0.0,0.43,0.715
VRB,90,0.0,0.37,0.685
VRB,100,0.0,0.36,0.68
VRB,110,0.0,0.43,0.715
VRB,120,0.0,0.29,0.64
VRB,130,0.0,0.27,0.555
VRB,140,0.0,0.15,0.4
VRB,150,0.0,0.0,0.23
VRB,160,0.0,0.0,0.02
VRB,170,0.0,0.0,0.0
VRB,180,0.0,0.0,0.0
VRB,190,0.0,0.0,0.0
VRB,200,0.0,0.0,0.0
VRB,210,0.0,0.0,0.0
VRB,220,0.0,0.0,0.0
VRB,230,0.0,0.0,0.0
VRB,240,0.0,0.0,0.0
VRB,250,0.0,0.0,0.0
VRB,260,0.0,0.0,0.0
VRB,270,0.0,0.0,0.0
VRB,280,0.0,0.0,0.0
VRB,290,0.0,0.0,0.0
VRB,300,0.0,0.0,0.0
VRB,310,0.0,0.0,0.0
VRB,320,0.0,0.0,0.0
VRB,330,0.0,0.0,0.0
VRB,340,0.0,0.0,0.005
VRB,350,0.0,0.0,0.225
VSH,0,0.0,0.0,0.0
VSH,10,0.0,0.0,0.0
VSH,20,0.0,0.0,0.0
VSH,30,0.0,0.0,0.0
VSH,40,0.0,0.0,0.0
VSH,50,0.0,0.0,0.0
VSH,60,0.0,0.0,0.0
VSH,70,0.0,0.0,0.0
VSH,80,0.0,0.0,0.0
VSH,90,0.0,0.0,0.0
VSH,100,0.0,0.0,0.0
VSH,110,0.0,0.0,0.0
VSH,120,0.0,0.0,0.0
VSH,130,0.0,0.0,0.0
VSH,140,0.0,0.0,0.0
VSH,150,0.0,0.0,0.0
VSH,160,0.0,0.0,0.0
VSH,170,0.0,0.0,0.0
VSH,180,0.0,0.0,0.0
VSH,190,0.0,0.0,0.0
VSH,200,0.0,0.0,0.0
VSH,210,0.0,0.0,0.0
VSH,220,0.0,0.0,0.0
VSH,230,0.0,0.0,0.0
VSH,240,0.0,0.0,0.0
VSH,250,0.0,0.0,0.0
VSH,260,0.0,0.0,0.0
VSH,270,0.0,0.0,0.0
VSH,280,0.0,0.0,0.0
VSH,290,0.0,0.0,0.0
VSH,300,0.0,0.0,0.0
VSH,310,0.0,0.0,0.0
VSH,320,0.0,0.0,0.0
VSH,330,0.0,0.0,0.0
VSH,340,0.0,0.0,0.0
VSH,350,0.0,0.0,0.0
VVG,0,0.0,0.0,0.0
VVG,10,0.0,0.0,0.0
VVG,20,0.0,0.0,0.0
VVG,30,0.0,0.0,0.0
VVG,40,0.0,0.0,0.0
VVG,50,0.0,0.0,0.0
VVG,60,0.0,0.0,0.0
VVG,70,0.0,0.0,0.0
VVG,80,0.0,0.0,0.0
VVG,90,0.0,0.0,0.0
VVG,100,0.0,0.0,0.0
VVG,110,0.0,0.0,0.0
VVG,120,0.0,0.0,0.0
VVG,130,0.0,0.0,0.0
VVG,140,0.0,0.0,0.0
VVG,150,0.0,0.0,0.0
VVG,160,0.0,0.0,0.0
VVG,170,0.0,0.0,0.0
VVG,180,0.0,0.0,0.0
VVG,190,0.0,0.0,0.0
VVG,200,0.0,0.0,0.0
VVG,210,0.0,0.0,0.0
VVG,220,0.0,0.0,0.0
VVG,230,0.0,0.0,0.0
VVG,240,0.0,0.0,0.0
VVG,250,0.0,0.0,0.0
VVG,260,0.0,0.0,0.0
VVG,270,0.0,0.0,0.0
VVG,280,0.0,0.0,0.0
VVG,290,0.0,0.0,0.0
VVG,300,0.0,0.0,0.0
VVG,310,0.0,0.0,0.0
VVG,320,0.0,0.0,0.0
VVG,330,0.0,0.0,0.0
VVG,340,0.0,0.0,0.0
VVG,350,0.0,0.0,0.0
X07,0,0.0,0.0,0.0
X07,10,0.0,0.0,0.0
X07,20,0.0,0.0,0.0
X07,30,0.0,0.0,0.0
X07,40,0.0,0.0,0.0
X07,50,0.0,0.0,0.0
X07,60,0.0,0.0,0.0
X07,70,0.0,0.0,0.0
X07,80,0.0,0.0,0.0
X07,90,0.0,0.0,0.0
X07,100,0.0,0.0,0.0
X07,110,0.0,0.0,0.0
X07,120,0.0,0.0,0.0
X07,130,0.0,0.0,0.0
X07,140,0.0,0.0,0.0
X07,150,0.0,0.0,0.0
X07,160,0.0,0.0,0.0
X07,170,0.0,0.0,0.0
X07,180,0.0,0.0,0.0
X07,190,0.0,0.0,0.0
X07,200,0.0,0.0,0.0
X07,210,0.0,0.0,0.0
X07,220,0.0,0.0,0.0
X07,230,0.0,0.0,0.0
X07,240,0.0,0.0,0.0
X07,250,0.0,0.0,0.0
X07,260,0.0,0.0,0.0
X07,270,0.0,0.0,0.0
X07,280,0.0,0.0,0.0
X07,290,0.0,0.0,0.0
X07,300,0.0,0.0,0.0
X07,310,0.0,0.0,0.0
X07,320,0.0,0.0,0.0
X07,330,0.0,0.0,0.0
X07,340,0.0,0.0,0.0
X07,350,0.0,0.0,0.0
X21,0,0.0,0.0,0.0
X21,10,0.0,0.0,0.0
X21,20,0.0,0.0,0.0
X21,30,0.0,0.02,0.01
X21,40,0.1,0.1,0.065
X21,50,0.3,0.25,0.175
X21,60,0.267,0.32,0.215
X21,70,0.167,0.26,0.155
X21,80,0.133,0.15,0.075
X21,90,0.0,0.22,0.11
X21,100,0.0,0.26,0.14
X21,110,0.0,0.57,0.385
X21,120,0.0,0.63,0.46
X21,130,0.0,0.57,0.475
X21,140,0.0,0.4,0.46
X21,150,0.0,0.12,0.45
X21,160,0.0,0.0,0.065
X21,170,0.0,0.0,0.0
X21,180,0.0,0.0,0.0
X21,190,0.0,0.0,0.0
X21,200,0.0,0.0,0.0
X21,210,0.0,0.0,0.0
X21,220,0.0,0.0,0.0
X21,230,0.0,0.0,0.0
X21,240,0.0,0.0,0.0
X21,250,0.0,0.0,0.0
X21,260,0.0,0.0,0.0
X21,270,0.0,0.0,0.0
X21,280,0.0,0.0,0.0
X21,290,0.0,0.0,0.0
X21,300,0.0,0.0,0.0
X21,310,0.0,0.0,0.0
X21,320,0.0,0.0,0.0
X21,330,0.0,0.0,0.0
X21,340,0.0,0.0,0.0
X21,350,0.0,0.0,0.0
X26,0,0.0,0.34,0.505
X26,10,0.0,0.5,0.68
X26,20,0.0,0.45,0.715
X26,30,0.0,0.46,0.73
X26,40,0.033,0.49,0.745
X26,50,0.167,0.6,0.8
X26,60,0.133,0.67,0.835
X26,70,0.033,0.67,0.835
X26,80,0.1,0.68,0.84
X26,90,0.0,0.47,0.735
X26,100,0.0,0.49,0.745
X26,110,0.0,0.33,0.665
X26,120,0.0,0.21,0.52
X26,130,0.0,0.17,0.37
X26,140,0.0,0.01,0.145
X26,150,0.0,0.0,0.0
X26,160,0.0,0.0,0.0
X26,170,0.0,0.0,0.0
X26,180,0.0,0.0,0.0
X26,190,0.0,0.0,0.0
X26,200,0.0,0.0,0.0
X26,210,0.0,0.0,0.0
X26,220,0.0,0.0,0.0
X26,230,0.0,0.0,0.0
X26,240,0.0,0.0,0.0
X26,250,0.0,0.0,0.0
X26,260,0.0,0.0,0.0
X26,270,0.0,0.0,0.0
X26,280,0.0,0.0,0.0
X26,290,0.0,0.0,0.0
X26,300,0.0,0.0,0.0
X26,310,0.0,0.0,0.0
X26,320,0.0,0.0,0.0
X26,330,0.0,0.0,0.0
X26,340,0.0,0.0,0.005
X26,350,0.0,0.04,0.295
X59,0,0.0,0.54,0.615
X59,10,0.0,0.53,0.755
X59,20,0.133,0.65,0.825
X59,30,0.167,0.7,0.85
X59,40,0.267,0.73,0.865
X59,50,0.367,0.7,0.85
X59,60,0.5,0.72,0.86
X59,70,0.4,0.71,0.855
X59,80,0.3,0.73,0.865
X59,90,0.333,0.7,0.85
X59,100,0.3,0.66,0.83
X59,110,0.167,0.52,0.76
X59,120,0.167,0.39,0.69
X59,130,0.033,0.45,0.63
X59,140,0.0,0.32,0.555
X59,150,0.0,0.02,0.21
X59,160,0.0,0.0,0.0
X59,170,0.0,0.0,0.0
X59,180,0.0,0.0,0.0
X59,190,0.0,0.0,0.0
X59,200,0.0,0.0,0.0
X59,210,0.0,0.0,0.0
X59,220,0.0,0.0,0.0
X59,230,0.0,0.0,0.0
X59,240,0.0,0.0,0.0
X59,250,0.0,0.0,0.0
X59,260,0.0,0.0,0.0
X59,270,0.0,0.0,0.0
X59,280,0.0,0.0,0.0
X59,290,0.0,0.0,0.0
X59,300,0.0,0.0,0.0
X59,310,0.0,0.0,0.0
X59,320,0.0,0.0,0.0
X59,330,0.0,0.0,0.0
X59,340,0.0,0.01,0.1
X59,350,0.0,0.2,0.41
X60,0,0.0,0.0,0.0
X60,10,0.0,0.0,0.0
X60,20,0.0,0.0,0.0
X60,30,0.0,0.0,0.0
X60,40,0.0,0.0,0.0
X60,50,0.0,0.0,0.0
X60,60,0.0,0.0,0.0
X60,70,0.0,0.0,0.0
X60,80,0.0,0.0,0.0
X60,90,0.0,0.0,0.0
X60,100,0.0,0.0,0.0
X60,110,0.0,0.0,0.0
X60,120,0.0,0.0,0.0
X60,130,0.0,0.0,0.0
X60,140,0.0,0.0,0.0
X60,150,0.0,0.0,0.0
X60,160,0.0,0.0,0.0
X60,170,0.0,0.0,0.0
X60,180,0.0,0.0,0.0
X60,190,0.0,0.0,0.0
X60,200,0.0,0.0,0.0
X60,210,0.0,0.0,0.0
X60,220,0.0,0.0,0.0
X60,230,0.0,0.0,0.0
X60,240,0.0,0.0,0.0
X60,250,0.0,0.0,0.0
X60,260,0.0,0.0,0.0
X60,270,0.0,0.0,0.0
X60,280,0.0,0.0,0.0
X60,290,0.0,0.0,0.0
X60,300,0.0,0.0,0.0
X60,310,0.0,0.0,0.0
X60,320,0.0,0.0,0.0
X60,330,0.0,0.0,0.0
X60,340,0.0,0.0,0.0
X60,350,0.0,0.0,0.0
XFL,0,0.0,0.0,0.035
XFL,10,0.0,0.0,0.24
XFL,20,0.0,0.0,0.41
XFL,30,0.0,0.01,0.495
XFL,40,0.0,0.09,0.545
XFL,50,0.0,0.16,0.58
XFL,60,0.0,0.19,0.595
XFL,70,0.0,0.18,0.59
XFL,80,0.0,0.17,0.585
XFL,90,0.0,0.12,0.56
XFL,100,0.0,0.05,0.525
XFL,110,0.0,0.01,0.465
XFL,120,0.0,0.0,0.33
XFL,130,0.0,0.0,0.125
XFL,140,0.0,0.0,0.0
XFL,150,0.0,0.0,0.0
XFL,160,0.0,0.0,0.0
XFL,170,0.0,0.0,0.0
XFL,180,0.0,0.0,0.0
XFL,190,0.0,0.0,0.0
XFL,200,0.0,0.0,0.0
XFL,210,0.0,0.0,0.0
XFL,220,0.0,0.0,0.0
XFL,230,0.0,0.0,0.0
XFL,240,0.0,0.0,0.0
XFL,250,0.0,0.0,0.0
XFL,260,0.0,0.0,0.0
XFL,270,0.0,0.0,0.0
XFL,280,0.0,0.0,0.0
XFL,290,0.0,0.0,0.0
XFL,300,0.0,0.0,0.0
XFL,310,0.0,0.0,0.0
XFL,320,0.0,0.0,0.0
XFL,330,0.0,0.0,0.0
XFL,340,0.0,0.0,0.0
XFL,350,0.0,0.0,0.0
XMR,0,0.0,0.04,0.425
XMR,10,0.0,0.33,0.665
XMR,20,0.0,0.51,0.755
XMR,30,0.0,0.55,0.775
XMR,40,0.0,0.63,0.815
XMR,50,0.0,0.63,0.815
XMR,60,0.0,0.65,0.825
XMR,70,0.0,0.68,0.84
XMR,80,0.0,0.63,0.815
XMR,90,0.0,0.6,0.8
XMR,100,0.0,0.57,0.785
XMR,110,0.0,0.51,0.755
XMR,120,0.0,0.55,0.775
XMR,130,0.0,0.57,0.785
XMR,140,0.0,0.64,0.82
XMR,150,0.0,0.67,0.835
XMR,160,0.0,0.62,0.81
XMR,170,0.0,0.65,0.825
XMR,180,0.0,0.59,0.795
XMR,190,0.0,0.4,0.56
XMR,200,0.0,0.09,0.225
XMR,210,0.0,0.07,0.43
XMR,220,0.0,0.25,0.37
XMR,230,0.0,0.48,0.38
XMR,240,0.0,0.63,0.415
XMR,250,0.0,0.53,0.4
XMR,260,0.0,0.47,0.395
XMR,270,0.233,0.47,0.435
XMR,280,0.3,0.48,0.415
XMR,290,0.167,0.42,0.36
XMR,300,0.167,0.43,0.345
XMR,310,0.033,0.41,0.265
XMR,320,0.0,0.28,0.14
XMR,330,0.0,0.12,0.06
XMR,340,0.0,0.0,0.0
XMR,350,0.0,0.0,0.16
ZPH,0,0.0,0.0,0.0
ZPH,10,0.0,0.0,0.0
ZPH,20,0.0,0.0,0.0
ZPH,30,0.0,0.0,0.0
ZPH,40,0.0,0.0,0.0
ZPH,50,0.0,0.0,0.0
ZPH,60,0.0,0.0,0.0
ZPH,70,0.0,0.0,0.0
ZPH,80,0.0,0.0,0.0
ZPH,90,0.0,0.0,0.0
ZPH,100,0.0,0.0,0.0
ZPH,110,0.0,0.0,0.0
ZPH,120,0.0,0.0,0.0
ZPH,130,0.0,0.0,0.0
ZPH,140,0.0,0.0,0.0
ZPH,150,0.0,0.0,0.0
ZPH,160,0.0,0.0,0.0
ZPH,170,0.0,0.0,0.0
ZPH,180,0.0,0.0,0.0
ZPH,190,0.0,0.0,0.0
ZPH,200,0.0,0.0,0.0
ZPH,210,0.0,0.0,0.0
ZPH,220,0.0,0.0,0.0
ZPH,230,0.0,0.0,0.0
ZPH,240,0.0,0.0,0.0
ZPH,250,0.0,0.0,0.0
ZPH,260,0.0,0.0,0.0
ZPH,270,0.0,0.0,0.0
ZPH,280,0.0,0.0,0.0
ZPH,290,0.0,0.0,0.0
ZPH,300,0.0,0.0,0.0
ZPH,310,0.0,0.0,0.0
ZPH,320,0.0,0.0,0.0
ZPH,330,0.0,0.0,0.0
ZPH,340,0.0,0.0,0.0
ZPH,350,0.0,0.0,0.0
