sid,name,lon,lat,elevation_m,archive_begin,archive_end,dist_to_ocean_km,on_ocean_pixel,storms_with_data,max_mean_kt,max_gust_kt,pairs_ge34kt
1J0,Tri County,-85.6014,30.8458,26.0,2011-07-12,2025-03-08,,False,8,23.0,33.0,0.0
24J,Live Oak,-83.0247,30.3001,35.94818,2014-02-25,,,False,0,,,
28J,Palatka,-81.6889,29.6586,9.363473,2013-12-12,,42.75,False,0,,,
2IS,Clewiston,-81.0468,26.7339,8.316562,2019-10-11,,,False,0,,,
2J9,Quincy,-84.5574,30.5979,69.0,2011-05-21,,,False,0,,,
42J,Keystone Heights,-82.0475,29.8448,60.0,1943-12-10,,,False,0,,,
54A,Coral Creek,-82.2526,26.8537,1.0,2018-02-01,,2.75,False,0,,,
54J,DeFuniak,-86.1538,30.7311,85.669975,2013-04-30,,28.0,False,0,,,
AAF,APALACHICOLA MUNI (ASOS),-85.0274,29.7276,6.0,1945-01-01,,2.25,False,14,41.0,66.0,82.0
AGR,MacGill AFB,-81.3415,27.6478,20.0,2022-09-22,,,False,0,,,
APF,NAPLES MUNICIPAL,-81.7753,26.1525,3.0,1943-12-29,,3.5,False,13,53.0,71.0,531.0
BCR,Tri-County,-85.6017,30.8438,25.649832,2006-08-31,,,False,0,,,
BCT,BOCA RATON AIRPORT,-80.11,26.38,4.0,1942-12-01,,4.5,False,0,,,
BKV,BROOKSVILLE (ASOS),-82.4554,28.4736,20.0,1943-12-07,,20.25,False,14,34.0,54.0,3.0
BOW,Bartow,-81.7834,27.9434,38.1,1944-04-15,,,False,0,,,
CEW,CRESTVIEW/BOB SIKES,-86.52,30.78,65.0,1940-06-01,,33.5,False,15,37.0,50.0,5.0
CGC,Crystal River,-82.5713,28.8673,2.7,2009-08-12,,10.25,False,0,,,
CLW,Clearwater Air Park,-82.7563,27.9742,23.233936,2014-08-14,,4.25,False,0,,,
COF,PATRICK AFB/COCOA B,-80.61,28.235,3.0,1945-03-01,,0.75,False,0,,,
COI,Merritt Island,-80.6855,28.3416,1.0,2025-08-27,,1.25,False,0,,,
CRG,JACKSONVILLE/CRAIG,-81.5147,30.3361,12.0,1974-08-21,,12.0,False,15,41.0,61.0,286.0
CTY,Cross City,-83.1048,29.6355,13.0,1943-12-19,,26.0,False,0,,,
DAB,DAYTONA BEACH RGNL,-81.0581,29.1799,11.0,1943-05-01,,7.0,False,18,79.0,76.0,1876.0
DED,DeLand,-81.2838,29.067,21.266401,2012-02-09,,32.25,False,0,,,
DJT,WEST PALM BEACH,-80.0994,26.6847,6.0,1938-07-01,,5.0,False,19,72.0,88.0,1158.0
DTS,Destin - Fort Walton Beach,-86.4674,30.3934,7.3086386,1996-12-01,,1.25,False,12,37.0,52.0,28.0
ECP,Panama City,-85.7956,30.3582,69.0,2010-05-23,,7.5,False,11,62.0,79.0,218.0
EGC,Everglades City,-81.3833,25.85,0.0,2002-11-30,2006-08-05,1.0,False,0,,,
EGI,DUKE FLD/EGLIN,-86.5229,30.6503,59.0,1949-09-08,,17.5,False,0,,,
EVB,NEW SMYRNA BEACH MUNI,-80.9489,29.0557,3.0,2004-11-04,,4.0,False,0,,,
EYW,Key West,-81.7596,24.5561,1.0,1932-07-06,,0.75,False,19,53.0,65.0,2618.0
F45,West Palm Beach,-80.2223,26.8459,8.885464,2018-02-02,,17.5,False,0,,,
F95,Blountstown,-85.1138,30.487,35.0,2024-06-03,,49.0,False,0,,,
FHB,Fernandina Beach,-81.4612,30.6118,5.0,2011-04-28,,2.75,False,0,,,
FIN,Bunnell,-81.2087,29.4657,5.5299377,2014-07-31,,8.5,False,0,,,
FLL,Fort Lauderdale - Hollywood,-80.1622,26.0787,1.0,1945-12-31,,5.5,False,15,65.0,86.0,672.0
FMY,FORT MYERS/PAGE FLD,-81.8614,26.585,5.0,1919-08-01,,3.25,False,19,57.0,73.0,514.0
FPR,FT PIERCE/ST LUCIE,-80.3767,27.4981,7.0,1988-01-14,,3.5,False,15,62.0,77.0,746.0
FPY,Perry,-83.5815,30.0708,18.982101,1998-02-28,,19.75,False,0,,,
FXE,FORT LAUDERDALE,-80.17,26.2,4.0,1984-09-08,,8.0,False,15,53.0,73.0,722.0
GIF,WINTER HAVEN (ASOS),-81.7533,28.0629,44.0,1996-07-01,,,False,15,49.0,76.0,389.0
GNV,GAINESVILLE RGNL,-82.276,29.6917,46.0,1943-11-01,,,False,19,41.0,59.0,40.0
HEG,Jacksonville - Herlong,-81.8059,30.2778,25.0,2019-05-25,,40.0,False,0,,,
HRT,HURLBURT FIELD (AF),-86.6893,30.4278,12.0,1955-07-05,,4.25,False,0,,,
HST,HOMESTEAD AFB,-80.3837,25.4884,2.0,1943-02-01,,5.25,False,0,,,
HWO,HOLLYWOOD/N. PERRY,-80.2412,25.9996,3.0,1999-04-30,,12.5,False,15,38.0,56.0,17.0
IMM,Immokalee Auxiliary,-81.401,26.4332,14.007797,2013-10-16,,44.25,False,0,,,
INF,Inverness,-82.3182,28.8036,15.732533,2009-08-12,,34.5,False,0,,,
ISM,KISSIMMEE MUNI AIRPORT/ORLANDO,-81.44,28.29,25.0,1944-03-01,,,False,0,,,
JAX,Jacksonville Intl,-81.6879,30.4941,6.0,1930-10-31,,23.75,False,19,51.0,75.0,351.0
K70,Key Largo - Ocean Reef,-80.2757,25.3243,1.0,2022-07-20,,1.0,False,0,,,
LAL,LAKELAND REGIONAL,-82.0186,27.9889,43.0,1942-08-01,,39.75,False,0,,,
LCQ,Lake City,-82.5769,30.1821,57.0,1945-05-01,,,False,0,,,
LEE,LEESBURG MUNICIPAL AIRPORT,-81.81,28.82,24.0,1943-12-21,,,False,15,42.0,62.0,207.0
LNA,Lantana,-80.0848,26.5925,8.123995,2017-04-27,,5.25,False,0,,,
MAI,MARIANA,-85.1839,30.8356,34.0,1950-01-01,,,False,15,29.0,41.0,0.0
MBF,Miami Beach,-80.1333,25.7667,2.0,2002-12-20,2006-08-05,1.0,False,0,,,
MCF,MACDILL AFB/TAMPA,-82.52,27.85,4.0,1941-05-01,,1.75,False,0,,,
MCO,Orlando International,-81.309,28.4294,32.0,1952-05-07,,52.5,False,19,69.0,91.0,2648.0
MIA,MIAMI INTL AIRPORT,-80.3169,25.788,4.0,1932-07-01,,11.0,False,19,60.0,80.0,727.0
MKY,Marco Island,-81.6725,25.995,4.515613,2013-05-13,,2.5,False,0,,,
MLB,MELBOURNE REGIONAL,-80.6453,28.1028,11.0,1928-01-01,,3.0,False,15,47.0,68.0,845.0
MTH,Marathon,-81.0514,24.7262,2.0,1988-03-18,,0.75,False,15,47.0,62.0,735.0
NDZ,Milton,-87.0231,30.7044,54.0,2005-05-17,,12.75,False,3,36.0,47.0,3.0
NEN,Jacksonville - Whitehouse,-81.867,30.3495,25.753742,2007-06-01,,45.75,False,9,30.0,44.0,0.0
NFJ,Choctaw,-86.9597,30.5069,30.99748,2005-05-11,,3.25,False,10,38.0,57.0,57.0
NIP,JACKSONVILLE NAS,-81.6747,30.2342,7.0,1945-01-01,,28.5,False,11,46.0,64.0,1098.0
NPA,PENSACOLA NAS,-87.318,30.3533,9.0,1945-02-01,,1.75,False,0,,,
NQX,KEY WEST NAS,-81.6888,24.5757,2.0,1945-03-01,,2.0,False,10,50.0,59.0,696.0
NRB,MAYPORT NS,-81.4245,30.3914,5.0,1955-07-05,,2.75,False,11,61.0,76.0,2543.0
NSE,WHITING FLD NAS-N.,-87.0219,30.7242,61.0,1945-02-01,,15.75,False,5,42.0,57.0,149.0
OBE,Okeechobee,-80.8498,27.2628,10.4,2006-12-11,,56.25,False,0,,,
OCF,Ocala,-82.221,29.1636,28.281782,1944-01-07,,53.25,False,0,,,
OCR,Ocean Reef,-80.2667,25.3,-4.0,2002-12-20,2003-04-12,0.25,True,0,,,
OMN,ORMOND BEACH MUNI,-81.1136,29.3006,9.0,2004-10-05,,6.75,False,0,,,
OPF,MIAMI/OPA LOCKA,-80.2828,25.9102,3.0,1952-12-31,,13.0,False,15,66.0,83.0,979.0
ORL,ORLANDO/HERNDON,-81.3329,28.5455,34.0,1929-04-03,,52.25,False,15,49.0,68.0,722.0
PAM,TYNDALL AFB,-85.5754,30.0696,5.0,1942-03-19,,2.25,False,0,,,
PCM,Plant City,-82.1642,28.0002,46.9,2006-02-22,,25.0,False,0,,,
PFN,PANAMA CITY/BAY CO.,-85.6828,30.2121,6.0,1948-01-01,2010-06-02,1.25,False,0,,,
PGD,PUNTA GORDA,-81.9914,26.9172,8.0,1944-01-04,,4.5,False,15,76.0,117.0,1559.0
PIE,SAINT PETERSBURG,-82.6874,27.91,3.0,1972-12-31,,1.0,False,15,47.0,72.0,465.0
PMP,POMPANO BEACH,-80.111,26.2464,7.0,1988-06-21,,3.0,False,15,73.0,85.0,1065.0
PNS,PENSACOLA REGIONAL,-87.1869,30.4781,37.0,1937-04-01,,2.75,False,19,67.0,87.0,582.0
RSW,FT MYERS/SW FLORIDA,-81.7567,26.5381,9.0,1983-07-22,,14.0,False,15,64.0,77.0,877.0
SEF,Sebring,-81.3416,27.4547,17.05809,1942-04-01,,,False,0,,,
SFB,SANFORD/ORLANDO,-81.2436,28.7797,17.0,1945-04-01,,44.5,False,15,51.0,65.0,827.0
SGJ,ST AUGUSTINE AIRPT,-81.3397,29.9592,3.0,1996-07-01,,3.25,False,0,,,
SPG,St Petersburg,-82.627,27.7651,1.0,1986-01-01,,0.5,False,15,58.0,88.0,1778.0
SRQ,SARASOTA-BRADENTON,-82.5586,27.4014,9.0,1972-12-31,,1.0,False,13,60.0,89.0,792.0
SUA,WITHAM FIELD AIRPORT/STUART,-80.22,27.18,6.0,2000-10-10,,1.25,False,0,,,
TDR,Panama City Beach - Drone Runway,-85.5765,30.07,3.8308954,2012-01-25,,2.25,False,0,,,
TIX,TITUSVILLE,-80.7992,28.5148,11.0,1973-04-20,,2.5,False,0,,,
TLH,TALLAHASSEE RGNL,-84.3514,30.3935,21.0,1937-02-22,,34.0,False,18,43.0,62.0,91.0
TMB,MIAMI/KENDALL-TAMIA,-80.4347,25.6423,3.0,1976-06-19,,14.0,False,15,54.0,72.0,385.0
TPA,TAMPA INTL AIRPORT,-82.5403,27.9619,3.0,1937-04-01,,0.5,False,16,45.0,65.0,140.0
TPF,Tampa/Knight,-82.4493,27.9156,2.4,2005-11-08,,1.0,False,0,,,
TTS,NASA SHUTTLE FCLTY,-80.6944,28.6149,3.0,1978-03-16,,3.5,False,0,,,
VDF,VANDENBERG AIRPORT/TAMPA,-82.3453,28.014,7.0,2001-02-05,,9.75,False,0,,,
VNC,Venice,-82.4403,27.0716,6.0,1944-01-27,,0.75,False,0,,,
VPS,EGLIN AFB/VALPARAIS,-86.5254,30.4832,26.0,1938-09-10,,3.75,False,0,,,
VQQ,Jacksonville - Cecil Field,-81.8767,30.2187,24.7,1972-12-31,,48.25,False,0,,,
VRB,Vero Beach,-80.4179,27.6556,8.0,1931-07-30,,4.25,False,19,43.0,57.0,174.0
VSH,Chipley,-85.598,30.7799,23.621132,2012-07-30,2015-01-28,56.25,False,0,,,
VVG,The VIllages,-81.9698,28.9446,26.941813,2001-04-11,2018-02-14,,False,0,,,
X07,Lake Wales,-81.6167,27.8934,37.080635,2018-05-14,,,False,0,,,
X21,Titusville,-80.8354,28.6226,9.0,2024-10-01,,2.25,False,0,,,
X26,Valkaria AFS,-80.4959,27.8126,9.411048,2020-08-06,,2.75,False,0,,,
X59,Valkaria,-80.558,27.9608,7.0,2025-04-13,,2.0,False,0,,,
X60,Williston,-82.4719,29.3557,25.33709,2015-09-15,,40.0,False,0,,,
XFL,Palm Coast,-81.2063,29.4674,10.0,2009-12-23,2025-03-08,8.25,False,0,,,
XMR,Cape Canaveral,-80.5668,28.4677,3.0,1950-07-31,,2.5,False,0,,,
ZPH,Zephyrville,-82.1559,28.2281,29.102571,2012-08-13,,44.75,False,0,,,
