storm_id,storm_name,window_start_utc,window_end_utc,peak_wind_kt
AL092016,HERMINE,2016-08-31 12:00:00,2016-09-02 18:00:00,70
AL142016,MATTHEW,2016-10-06 12:00:00,2016-10-08 12:00:00,145
AL112017,IRMA,2017-09-09 12:00:00,2017-09-11 18:00:00,155
AL142018,MICHAEL,2018-10-09 18:00:00,2018-10-11 06:00:00,140
AL192020,SALLY,2020-09-15 00:00:00,2020-09-17 00:00:00,95
AL092022,IAN,2022-09-27 12:00:00,2022-09-30 00:00:00,140
AL172022,NICOLE,2022-11-09 12:00:00,2022-11-11 06:00:00,65
AL102023,IDALIA,2023-08-29 12:00:00,2023-08-31 00:00:00,115
AL042024,DEBBY,2024-08-04 06:00:00,2024-08-06 06:00:00,70
AL092024,HELENE,2024-09-26 06:00:00,2024-09-27 12:00:00,120
AL142024,MILTON,2024-10-09 06:00:00,2024-10-11 00:00:00,155
